static__Work_Order_Qty,static__Part_Desc__Ballnut,static__Part_Desc__Barrel,static__Part_Desc__Bearing,static__Part_Desc__Cable Head,static__Part_Desc__Clamp,static__Part_Desc__Compound Dies,static__Part_Desc__Drill,static__Part_Desc__Drum,static__Part_Desc__Electrical Contact,static__Part_Desc__Flange,static__Part_Desc__Flange Bolt,static__Part_Desc__Housing,static__Part_Desc__O-Ring,static__Part_Desc__Piston,static__Part_Desc__Plug,static__Part_Desc__Punch Holder,static__Part_Desc__Punch Plate,static__Part_Desc__Slip Ring Adapter,static__Part_Desc__Socket,static__Part_Desc__Spinner,static__Part_Desc__Spur Gear,static__Part_Desc__Wheel Shaft,static__Rework_missing,agg__Activity_Final Inspection Q.C.,agg__Activity_Flat Grinding - Machine 11,agg__Activity_Grinding Rework - Machine 27,agg__Activity_Lapping - Machine 1,agg__Activity_Laser Marking - Machine 7,agg__Activity_Milling - Machine 16,agg__Activity_Packing,agg__Activity_Round Grinding - Machine 12,agg__Activity_Round Grinding - Machine 2,agg__Activity_Round Grinding - Machine 3,agg__Activity_Round Grinding - Manual,agg__Activity_Round Grinding - Q.C.,agg__Activity_Turn & Mill. & Screw Assem - Machine 10,agg__Activity_Turning & Milling - Machine 10,agg__Activity_Turning & Milling - Machine 4,agg__Activity_Turning & Milling - Machine 5,agg__Activity_Turning & Milling - Machine 6,agg__Activity_Turning & Milling - Machine 8,agg__Activity_Turning & Milling - Machine 9,agg__Activity_Turning & Milling Q.C.,agg__Activity_Turning - Machine 8,agg__Activity_Turning - Machine 9,agg__Activity_Turning Q.C.,agg__Activity_Wire Cut - Machine 13,agg__Activity_other,agg__Resource_ID0420,agg__Resource_ID0937,agg__Resource_ID0997,agg__Resource_ID0998,agg__Resource_ID3767,agg__Resource_ID3846,agg__Resource_ID4132,agg__Resource_ID4163,agg__Resource_ID4167,agg__Resource_ID4219,agg__Resource_ID4287,agg__Resource_ID4326,agg__Resource_ID4355,agg__Resource_ID4385,agg__Resource_ID4429,agg__Resource_ID4445,agg__Resource_ID4491,agg__Resource_ID4493,agg__Resource_ID4528,agg__Resource_ID4529,agg__Resource_ID4618,agg__Resource_ID4641,agg__Resource_ID4718,agg__Resource_ID4794,agg__Resource_ID4820,agg__Resource_ID4872,agg__Resource_ID4882,agg__Resource_ID4932,agg__Resource_other,agg__Report_Type_B,agg__Report_Type_D,agg__Report_Type_S,agg__Resource.1_Machine 1 - Lapping,agg__Resource.1_Machine 10 - Grinding,agg__Resource.1_Machine 11 - Grinding,agg__Resource.1_Machine 12 - Grinding,agg__Resource.1_Machine 15 - Turning,agg__Resource.1_Machine 16 - Milling,agg__Resource.1_Machine 2 - Round Grinding,agg__Resource.1_Machine 27 - Grinding,agg__Resource.1_Machine 3 - Round Grinding,agg__Resource.1_Machine 4 - Turning & Milling,agg__Resource.1_Machine 5 - Turning & Milling,agg__Resource.1_Machine 6 - Turning & Milling,agg__Resource.1_Machine 7- Laser Marking,agg__Resource.1_Machine 8 - Turning & Milling,agg__Resource.1_Machine 9 - Turning & Milling,agg__Resource.1_Packing,agg__Resource.1_Quality Check 1,agg__Resource.1_Wire Cut - Machine 13,agg__Resource.1_other,agg__Qty_Completed_mean,agg__Qty_Completed_max,agg__Qty_Completed_min,agg__Qty_Completed_sum,agg__Qty_Completed_std,agg__Qty_for_MRB_mean,agg__Qty_for_MRB_max,agg__Qty_for_MRB_min,agg__Qty_for_MRB_sum,agg__Qty_for_MRB_std,agg__activity_duration_mean,agg__activity_duration_max,agg__activity_duration_min,agg__activity_duration_sum,agg__activity_duration_std,agg__hour_mean,agg__hour_max,agg__hour_min,agg__hour_sum,agg__hour_std,agg__weekday_mean,agg__weekday_max,agg__weekday_min,agg__weekday_sum,agg__weekday_std,agg__month_mean,agg__month_max,agg__month_min,agg__month_sum,agg__month_std,agg__timesincemidnight_mean,agg__timesincemidnight_max,agg__timesincemidnight_min,agg__timesincemidnight_sum,agg__timesincemidnight_std,agg__timesincelastevent_mean,agg__timesincelastevent_max,agg__timesincelastevent_min,agg__timesincelastevent_sum,agg__timesincelastevent_std,agg__timesincecasestart_mean,agg__timesincecasestart_max,agg__timesincecasestart_min,agg__timesincecasestart_sum,agg__timesincecasestart_std,agg__event_nr_mean,agg__event_nr_max,agg__event_nr_min,agg__event_nr_sum,agg__event_nr_std,agg__open_cases_mean,agg__open_cases_max,agg__open_cases_min,agg__open_cases_sum,agg__open_cases_std
24.0,0.0,0.0,0.0,0.0,0.0,0.0,0.0,0.0,0.0,0.0,0.0,0.0,0.0,0.0,0.0,0.0,0.0,0.0,0.0,0.0,1.0,0.0,1.0,0.0,0.0,0.0,0.0,0.0,0.0,0.0,0.0,0.0,0.0,0.0,0.0,0.0,0.0,0.0,0.0,0.0,10.0,0.0,3.0,0.0,0.0,0.0,0.0,0.0,0.0,0.0,6.0,0.0,0.0,0.0,0.0,0.0,0.0,3.0,3.0,0.0,0.0,0.0,0.0,0.0,0.0,0.0,0.0,0.0,0.0,0.0,0.0,1.0,0.0,0.0,0.0,0.0,0.0,0.0,7.0,6.0,0.0,0.0,0.0,0.0,0.0,0.0,0.0,0.0,0.0,0.0,0.0,0.0,0.0,10.0,0.0,0.0,3.0,0.0,0.0,3.769230769230769,24.0,0.0,49.0,6.808742494688308,0.0,0.0,0.0,0.0,0.0,153.84615384615384,295.0,32.0,2000.0,88.12571149012658,12.615384615384615,21.0,1.0,164.0,6.500493077944953,1.4615384615384615,2.0,0.0,19.0,0.6602252917735247,2.0,2.0,2.0,26.0,0.0,777.8461538461538,1269.0,83.0,10112.0,387.2868975651526,203.92307692307693,723.0,0.0,2651.0,215.57228545527425,1613.4615384615386,2651.0,0.0,20975.0,908.1021983037496,7.0,13.0,1.0,91.0,3.8944404818493075,19.46153846153846,24.0,16.0,253.0,3.0988004296120946
251.0,0.0,0.0,0.0,0.0,0.0,0.0,0.0,0.0,0.0,0.0,0.0,0.0,0.0,0.0,0.0,0.0,0.0,0.0,0.0,0.0,1.0,0.0,1.0,0.0,0.0,0.0,0.0,0.0,0.0,0.0,0.0,0.0,0.0,0.0,0.0,0.0,0.0,0.0,0.0,0.0,0.0,12.0,0.0,0.0,0.0,1.0,0.0,0.0,0.0,0.0,0.0,0.0,0.0,2.0,6.0,0.0,0.0,0.0,0.0,0.0,0.0,0.0,0.0,0.0,0.0,0.0,0.0,0.0,1.0,1.0,0.0,3.0,0.0,0.0,0.0,0.0,0.0,0.0,9.0,4.0,0.0,0.0,0.0,0.0,0.0,0.0,0.0,0.0,0.0,0.0,0.0,0.0,0.0,0.0,12.0,0.0,1.0,0.0,0.0,13.0,40.0,0.0,169.0,15.921683328090658,0.0,0.0,0.0,0.0,0.0,214.0,619.0,15.0,2782.0,195.41238445912273,13.076923076923077,23.0,5.0,170.0,6.7263355360545125,2.3846153846153846,6.0,1.0,31.0,1.445594545418455,1.0,1.0,1.0,13.0,0.0,805.3076923076923,1423.0,310.0,10469.0,401.9013943360122,533.0,2964.0,0.0,6929.0,774.1412446489767,2134.153846153846,6929.0,0.0,27744.0,1936.1734962787575,7.0,13.0,1.0,91.0,3.8944404818493075,35.0,37.0,32.0,455.0,1.6832508230603471
90.0,1.0,0.0,0.0,0.0,0.0,0.0,0.0,0.0,0.0,0.0,0.0,0.0,0.0,0.0,0.0,0.0,0.0,0.0,0.0,0.0,0.0,0.0,1.0,0.0,3.0,0.0,1.0,0.0,0.0,0.0,0.0,1.0,0.0,0.0,0.0,0.0,0.0,5.0,0.0,0.0,0.0,0.0,3.0,0.0,0.0,0.0,0.0,0.0,0.0,0.0,0.0,0.0,0.0,0.0,0.0,0.0,0.0,0.0,3.0,0.0,0.0,1.0,0.0,0.0,0.0,0.0,0.0,1.0,0.0,0.0,0.0,0.0,0.0,0.0,4.0,4.0,0.0,0.0,10.0,3.0,1.0,0.0,3.0,0.0,0.0,0.0,1.0,0.0,0.0,5.0,0.0,0.0,0.0,0.0,0.0,0.0,3.0,0.0,0.0,27.692307692307693,90.0,0.0,360.0,33.82155283096026,0.0,0.0,0.0,0.0,0.0,138.53846153846155,384.0,50.0,1801.0,118.14794072448278,11.0,22.0,1.0,143.0,5.131601439446884,2.6923076923076925,6.0,0.0,35.0,2.250356097177192,3.0,3.0,3.0,39.0,0.0,687.5384615384615,1369.0,75.0,8938.0,314.76594886375904,696.0,3004.0,0.0,9048.0,1007.4707605351797,3603.4615384615386,9048.0,0.0,46845.0,3274.4400441242014,7.0,13.0,1.0,91.0,3.8944404818493075,19.076923076923077,21.0,16.0,248.0,1.6563785025137652
100.0,0.0,0.0,0.0,0.0,0.0,0.0,0.0,0.0,0.0,0.0,0.0,0.0,0.0,0.0,0.0,0.0,0.0,0.0,0.0,0.0,1.0,0.0,1.0,0.0,0.0,0.0,0.0,0.0,0.0,0.0,0.0,0.0,0.0,0.0,0.0,0.0,9.0,0.0,0.0,0.0,0.0,1.0,3.0,0.0,0.0,0.0,0.0,0.0,0.0,0.0,0.0,0.0,0.0,0.0,2.0,0.0,0.0,0.0,2.0,0.0,0.0,0.0,0.0,0.0,0.0,0.0,0.0,0.0,1.0,7.0,0.0,0.0,0.0,0.0,0.0,1.0,0.0,0.0,10.0,3.0,0.0,9.0,0.0,0.0,0.0,0.0,0.0,0.0,0.0,0.0,0.0,0.0,0.0,0.0,1.0,0.0,3.0,0.0,0.0,10.538461538461538,60.0,0.0,137.0,16.776051306427785,0.0,0.0,0.0,0.0,0.0,193.76923076923077,418.0,54.0,2519.0,143.05019739363863,12.23076923076923,23.0,6.0,159.0,5.509897853769557,1.6153846153846154,6.0,0.0,21.0,1.6602440351979153,1.0,1.0,1.0,13.0,0.0,768.1538461538462,1420.0,397.0,9986.0,329.7038686846744,375.38461538461536,1237.0,0.0,4880.0,393.86938157667157,2338.923076923077,4880.0,0.0,30406.0,1537.6395579772297,7.0,13.0,1.0,91.0,3.8944404818493075,33.15384615384615,36.0,29.0,431.0,2.853248261372579
290.0,1.0,0.0,0.0,0.0,0.0,0.0,0.0,0.0,0.0,0.0,0.0,0.0,0.0,0.0,0.0,0.0,0.0,0.0,0.0,0.0,0.0,0.0,1.0,0.0,0.0,0.0,1.0,0.0,0.0,0.0,0.0,0.0,0.0,0.0,0.0,0.0,0.0,0.0,0.0,9.0,0.0,0.0,3.0,0.0,0.0,0.0,0.0,0.0,0.0,0.0,1.0,0.0,0.0,0.0,0.0,0.0,1.0,0.0,0.0,0.0,0.0,0.0,0.0,0.0,0.0,0.0,0.0,3.0,3.0,0.0,0.0,4.0,0.0,0.0,1.0,0.0,0.0,1.0,10.0,2.0,1.0,0.0,0.0,0.0,0.0,0.0,0.0,0.0,0.0,0.0,0.0,9.0,0.0,0.0,0.0,0.0,3.0,0.0,0.0,27.846153846153847,181.0,0.0,362.0,50.49066935887949,0.0,0.0,0.0,0.0,0.0,216.6153846153846,634.0,34.0,2816.0,186.1874228036266,10.76923076923077,22.0,0.0,140.0,6.857524409409056,1.8461538461538463,6.0,0.0,24.0,2.409915415049314,3.0,3.0,3.0,39.0,0.0,672.6153846153846,1374.0,12.0,8744.0,416.7512324439962,219.6153846153846,635.0,0.0,2855.0,195.15743151856418,1530.923076923077,2855.0,0.0,19902.0,986.0668048310639,7.0,13.0,1.0,91.0,3.8944404818493075,19.307692307692307,21.0,18.0,251.0,1.1094003924504567
69.0,0.0,0.0,0.0,0.0,0.0,0.0,0.0,0.0,0.0,0.0,0.0,0.0,0.0,0.0,0.0,0.0,0.0,0.0,0.0,0.0,1.0,0.0,1.0,0.0,0.0,0.0,1.0,0.0,0.0,0.0,0.0,0.0,0.0,0.0,0.0,0.0,0.0,0.0,0.0,0.0,0.0,1.0,0.0,0.0,9.0,2.0,0.0,0.0,0.0,1.0,0.0,1.0,0.0,3.0,2.0,0.0,0.0,0.0,0.0,0.0,0.0,0.0,0.0,0.0,0.0,0.0,0.0,0.0,2.0,4.0,0.0,0.0,0.0,0.0,0.0,0.0,0.0,1.0,10.0,2.0,1.0,0.0,0.0,0.0,0.0,0.0,0.0,0.0,0.0,0.0,0.0,0.0,0.0,0.0,10.0,0.0,2.0,0.0,0.0,21.23076923076923,69.0,0.0,276.0,27.815325050991362,0.0,0.0,0.0,0.0,0.0,243.23076923076923,587.0,46.0,3162.0,180.89737138598497,12.461538461538462,23.0,1.0,162.0,6.3589226631480145,3.8461538461538463,6.0,0.0,50.0,2.154303980645638,1.1538461538461537,2.0,1.0,15.0,0.3755338080994054,780.4615384615385,1425.0,75.0,10146.0,391.4849114556472,1149.2307692307693,8011.0,0.0,14940.0,2208.301162803893,4680.461538461538,14940.0,0.0,60846.0,4938.6375080478865,7.0,13.0,1.0,91.0,3.8944404818493075,32.0,34.0,28.0,416.0,1.7320508075688763
250.0,0.0,0.0,0.0,1.0,0.0,0.0,0.0,0.0,0.0,0.0,0.0,0.0,0.0,0.0,0.0,0.0,0.0,0.0,0.0,0.0,0.0,0.0,1.0,0.0,0.0,4.0,2.0,0.0,0.0,0.0,0.0,1.0,1.0,0.0,0.0,0.0,0.0,0.0,0.0,0.0,0.0,0.0,0.0,0.0,0.0,0.0,0.0,5.0,0.0,0.0,0.0,1.0,0.0,0.0,0.0,0.0,0.0,0.0,0.0,0.0,4.0,1.0,0.0,1.0,0.0,0.0,1.0,0.0,0.0,0.0,0.0,0.0,0.0,4.0,1.0,0.0,0.0,0.0,12.0,1.0,2.0,0.0,0.0,0.0,0.0,0.0,5.0,4.0,1.0,0.0,0.0,0.0,0.0,0.0,0.0,0.0,0.0,0.0,1.0,5.615384615384615,31.0,0.0,73.0,10.935709560414614,0.0,0.0,0.0,0.0,0.0,296.84615384615387,550.0,56.0,3859.0,140.98631502965466,13.461538461538462,23.0,4.0,175.0,5.651185489425863,2.230769230769231,6.0,0.0,29.0,2.4884347876341244,1.0,1.0,1.0,13.0,0.0,841.6923076923077,1427.0,290.0,10942.0,337.1078918821551,2031.076923076923,13727.0,0.0,26404.0,3789.7729365037703,17720.923076923078,26404.0,0.0,230372.0,8311.9934779163,7.0,13.0,1.0,91.0,3.8944404818493075,27.0,35.0,1.0,351.0,11.090536506409418
100.0,0.0,0.0,0.0,0.0,1.0,0.0,0.0,0.0,0.0,0.0,0.0,0.0,0.0,0.0,0.0,0.0,0.0,0.0,0.0,0.0,0.0,0.0,1.0,0.0,0.0,0.0,0.0,0.0,0.0,0.0,0.0,0.0,0.0,0.0,0.0,0.0,0.0,0.0,0.0,0.0,0.0,0.0,0.0,12.0,0.0,1.0,0.0,0.0,0.0,0.0,0.0,0.0,0.0,0.0,0.0,0.0,0.0,7.0,1.0,0.0,0.0,0.0,0.0,0.0,0.0,0.0,0.0,0.0,0.0,0.0,0.0,0.0,0.0,0.0,0.0,0.0,5.0,1.0,9.0,3.0,0.0,0.0,0.0,0.0,12.0,0.0,0.0,0.0,0.0,0.0,0.0,0.0,0.0,0.0,0.0,0.0,1.0,0.0,0.0,12.307692307692308,59.0,0.0,160.0,17.712446731910564,0.0,0.0,0.0,0.0,0.0,260.9230769230769,651.0,14.0,3392.0,248.7148506283389,12.0,23.0,0.0,156.0,8.06225774829855,1.9230769230769231,6.0,0.0,25.0,2.4311018921995866,2.0,2.0,2.0,26.0,0.0,756.7692307692307,1387.0,29.0,9838.0,475.5453279913062,276.6923076923077,862.0,0.0,3597.0,286.4569149149032,1396.8461538461538,3597.0,0.0,18159.0,1342.0908964593175,7.0,13.0,1.0,91.0,3.8944404818493075,22.0,24.0,17.0,286.0,2.081665999466132
200.0,0.0,0.0,0.0,1.0,0.0,0.0,0.0,0.0,0.0,0.0,0.0,0.0,0.0,0.0,0.0,0.0,0.0,0.0,0.0,0.0,0.0,0.0,1.0,0.0,0.0,0.0,2.0,0.0,0.0,0.0,0.0,0.0,11.0,0.0,0.0,0.0,0.0,0.0,0.0,0.0,0.0,0.0,0.0,0.0,0.0,0.0,0.0,0.0,0.0,0.0,0.0,0.0,0.0,0.0,0.0,0.0,0.0,0.0,0.0,0.0,2.0,4.0,0.0,4.0,0.0,0.0,0.0,0.0,0.0,0.0,0.0,0.0,0.0,1.0,2.0,0.0,0.0,0.0,11.0,2.0,2.0,0.0,0.0,0.0,0.0,0.0,0.0,0.0,11.0,0.0,0.0,0.0,0.0,0.0,0.0,0.0,0.0,0.0,0.0,13.23076923076923,37.0,0.0,172.0,13.311360099265128,0.0,0.0,0.0,0.0,0.0,337.3076923076923,647.0,43.0,4385.0,211.54801843213778,14.23076923076923,23.0,3.0,185.0,6.482718644646012,3.0,6.0,0.0,39.0,2.0,1.0,1.0,1.0,13.0,0.0,892.9230769230769,1422.0,198.0,11608.0,389.9575749442627,1505.3076923076924,11899.0,0.0,19569.0,3258.274706666484,13947.538461538461,19569.0,0.0,181318.0,4945.597497023399,7.0,13.0,1.0,91.0,3.8944404818493075,27.46153846153846,31.0,3.0,357.0,7.389354782561472
350.0,0.0,0.0,0.0,0.0,0.0,0.0,0.0,0.0,0.0,0.0,0.0,0.0,0.0,0.0,0.0,1.0,0.0,0.0,0.0,0.0,0.0,0.0,1.0,1.0,0.0,0.0,4.0,2.0,0.0,0.0,0.0,0.0,4.0,0.0,0.0,0.0,0.0,0.0,0.0,0.0,0.0,0.0,1.0,0.0,0.0,0.0,1.0,0.0,1.0,0.0,0.0,4.0,1.0,0.0,0.0,0.0,0.0,0.0,0.0,0.0,0.0,0.0,0.0,3.0,0.0,0.0,0.0,0.0,2.0,0.0,0.0,0.0,0.0,0.0,2.0,0.0,0.0,0.0,12.0,1.0,4.0,0.0,0.0,0.0,0.0,0.0,0.0,0.0,4.0,0.0,0.0,0.0,2.0,0.0,0.0,0.0,2.0,1.0,0.0,36.38461538461539,144.0,0.0,473.0,49.822248145345775,0.0,0.0,0.0,0.0,0.0,143.0,623.0,1.0,1859.0,178.5599805854231,12.384615384615385,17.0,6.0,161.0,3.3301266627177397,2.0,6.0,0.0,26.0,1.7795130420052188,1.5384615384615385,2.0,1.0,20.0,0.5188745216627708,770.9230769230769,1079.0,407.0,10022.0,191.6326614204294,3436.923076923077,21262.0,0.0,44680.0,7192.010561050117,28468.615384615383,44680.0,0.0,370092.0,20609.595748657393,7.0,13.0,1.0,91.0,3.8944404818493075,24.846153846153847,34.0,6.0,323.0,12.260003764587202
557.0,0.0,0.0,0.0,1.0,0.0,0.0,0.0,0.0,0.0,0.0,0.0,0.0,0.0,0.0,0.0,0.0,0.0,0.0,0.0,0.0,0.0,0.0,1.0,0.0,0.0,0.0,0.0,0.0,0.0,0.0,0.0,0.0,0.0,0.0,0.0,0.0,0.0,4.0,9.0,0.0,0.0,0.0,0.0,0.0,0.0,0.0,0.0,0.0,0.0,0.0,0.0,0.0,0.0,0.0,0.0,0.0,2.0,0.0,0.0,0.0,0.0,0.0,3.0,0.0,0.0,0.0,0.0,0.0,0.0,0.0,0.0,0.0,0.0,0.0,0.0,8.0,0.0,1.0,8.0,4.0,0.0,0.0,0.0,0.0,0.0,0.0,0.0,0.0,0.0,4.0,9.0,0.0,0.0,0.0,0.0,0.0,0.0,0.0,0.0,20.76923076923077,82.0,0.0,270.0,30.293436709827226,0.0,0.0,0.0,0.0,0.0,270.38461538461536,656.0,1.0,3515.0,262.4857261076427,10.538461538461538,20.0,5.0,137.0,5.868210752511998,2.923076923076923,4.0,2.0,38.0,0.75955452531275,1.0,1.0,1.0,13.0,0.0,673.6153846153846,1212.0,331.0,8757.0,351.4959787492925,264.6923076923077,688.0,0.0,3441.0,270.79801347602995,1671.8461538461538,3441.0,0.0,21734.0,1141.2645651610794,7.0,13.0,1.0,91.0,3.8944404818493075,35.61538461538461,37.0,35.0,463.0,0.6504436355879902
200.0,0.0,0.0,0.0,0.0,0.0,0.0,0.0,0.0,0.0,0.0,0.0,0.0,0.0,1.0,0.0,0.0,0.0,0.0,0.0,0.0,0.0,0.0,1.0,0.0,0.0,0.0,0.0,0.0,0.0,0.0,0.0,0.0,0.0,0.0,0.0,0.0,0.0,0.0,0.0,0.0,0.0,8.0,4.0,0.0,0.0,0.0,0.0,1.0,0.0,0.0,0.0,0.0,0.0,2.0,4.0,0.0,0.0,0.0,4.0,0.0,0.0,0.0,0.0,0.0,0.0,0.0,0.0,0.0,0.0,2.0,0.0,0.0,0.0,0.0,0.0,0.0,1.0,0.0,11.0,2.0,0.0,0.0,0.0,0.0,0.0,0.0,0.0,0.0,0.0,0.0,0.0,0.0,0.0,0.0,8.0,0.0,4.0,0.0,1.0,2.6153846153846154,11.0,0.0,34.0,3.686426940784747,0.0,0.0,0.0,0.0,0.0,218.69230769230768,631.0,3.0,2843.0,188.736758747638,11.461538461538462,20.0,6.0,149.0,3.991979137708192,2.6153846153846154,4.0,1.0,34.0,0.9607689228305227,1.8461538461538463,2.0,1.0,24.0,0.3755338080994054,719.7692307692307,1217.0,405.0,9357.0,237.40161254933724,3336.3846153846152,39188.0,0.0,43373.0,10777.12482172666,35122.846153846156,43373.0,0.0,456597.0,15622.088981343872,7.0,13.0,1.0,91.0,3.8944404818493075,34.38461538461539,36.0,31.0,447.0,1.6602440351979186
40.0,0.0,0.0,0.0,0.0,0.0,0.0,0.0,0.0,0.0,0.0,0.0,0.0,0.0,0.0,0.0,0.0,0.0,0.0,1.0,0.0,0.0,0.0,1.0,0.0,0.0,0.0,0.0,0.0,0.0,0.0,0.0,0.0,0.0,0.0,0.0,0.0,7.0,0.0,0.0,0.0,0.0,0.0,3.0,0.0,2.0,0.0,0.0,1.0,0.0,0.0,0.0,0.0,0.0,3.0,5.0,0.0,0.0,0.0,3.0,0.0,0.0,0.0,0.0,0.0,0.0,0.0,0.0,0.0,0.0,1.0,0.0,0.0,0.0,0.0,0.0,1.0,0.0,0.0,8.0,5.0,0.0,7.0,0.0,0.0,0.0,0.0,0.0,0.0,0.0,0.0,0.0,0.0,0.0,0.0,2.0,0.0,3.0,0.0,1.0,9.384615384615385,39.0,0.0,122.0,13.817491701574381,0.0,0.0,0.0,0.0,0.0,361.6923076923077,1212.0,40.0,4702.0,326.94683171615344,12.538461538461538,17.0,3.0,163.0,4.502136245076416,3.923076923076923,6.0,1.0,51.0,1.6563785025137654,1.0,1.0,1.0,13.0,0.0,785.1538461538462,1072.0,197.0,10207.0,278.73369792505235,586.0,1774.0,0.0,7618.0,580.9256980601449,4340.384615384615,7618.0,0.0,56425.0,2326.1893924922774,7.0,13.0,1.0,91.0,3.8944404818493075,29.307692307692307,30.0,28.0,381.0,0.6304251719561154
80.0,0.0,0.0,0.0,0.0,0.0,0.0,0.0,0.0,0.0,0.0,0.0,0.0,0.0,0.0,0.0,0.0,0.0,1.0,0.0,0.0,0.0,0.0,1.0,0.0,3.0,0.0,2.0,0.0,0.0,1.0,0.0,5.0,0.0,0.0,1.0,0.0,0.0,0.0,0.0,0.0,0.0,0.0,1.0,0.0,0.0,0.0,0.0,0.0,0.0,0.0,0.0,2.0,0.0,0.0,0.0,0.0,0.0,0.0,2.0,0.0,1.0,2.0,0.0,1.0,0.0,0.0,1.0,0.0,0.0,0.0,0.0,0.0,1.0,0.0,3.0,0.0,0.0,0.0,11.0,2.0,2.0,0.0,3.0,0.0,0.0,0.0,5.0,0.0,0.0,0.0,0.0,0.0,0.0,0.0,0.0,1.0,2.0,0.0,0.0,36.92307692307692,80.0,0.0,480.0,31.83410523966798,0.0,0.0,0.0,0.0,0.0,188.23076923076923,529.0,43.0,2447.0,154.9091958999174,11.615384615384615,23.0,1.0,151.0,6.500493077944953,4.3076923076923075,6.0,0.0,56.0,2.1750331562459526,1.9230769230769231,2.0,1.0,25.0,0.2773500981126145,731.2307692307693,1430.0,60.0,9506.0,398.7215306129818,1596.5384615384614,6370.0,0.0,20755.0,2125.3638361225208,11567.76923076923,20755.0,0.0,150381.0,5954.233692002218,7.0,13.0,1.0,91.0,3.8944404818493075,33.23076923076923,35.0,29.0,432.0,1.8327504901034295
33.0,0.0,0.0,0.0,1.0,0.0,0.0,0.0,0.0,0.0,0.0,0.0,0.0,0.0,0.0,0.0,0.0,0.0,0.0,0.0,0.0,0.0,0.0,1.0,0.0,0.0,0.0,2.0,1.0,0.0,2.0,0.0,0.0,3.0,0.0,0.0,0.0,0.0,1.0,1.0,0.0,0.0,0.0,2.0,0.0,0.0,0.0,0.0,1.0,0.0,0.0,0.0,1.0,0.0,0.0,0.0,2.0,1.0,0.0,0.0,0.0,0.0,1.0,0.0,1.0,0.0,1.0,0.0,0.0,0.0,0.0,0.0,0.0,2.0,1.0,2.0,1.0,0.0,0.0,10.0,3.0,2.0,0.0,0.0,0.0,0.0,0.0,0.0,0.0,3.0,1.0,1.0,0.0,1.0,0.0,0.0,2.0,2.0,0.0,1.0,14.615384615384615,33.0,0.0,190.0,14.631805889559345,0.0,0.0,0.0,0.0,0.0,172.23076923076923,650.0,38.0,2239.0,190.15964952558232,10.615384615384615,20.0,1.0,138.0,7.388487232833497,1.2307692307692308,3.0,0.0,16.0,1.0919284281983377,1.6923076923076923,2.0,1.0,22.0,0.48038446141526137,653.6153846153846,1210.0,60.0,8497.0,441.7864375580767,2588.4615384615386,26876.0,0.0,33650.0,7308.211336291352,20065.153846153848,33650.0,0.0,260847.0,15763.112339922774,7.0,13.0,1.0,91.0,3.8944404818493075,29.0,33.0,25.0,377.0,3.027650354097491
20.0,0.0,0.0,0.0,0.0,0.0,0.0,0.0,0.0,0.0,0.0,0.0,0.0,0.0,0.0,0.0,0.0,0.0,0.0,0.0,0.0,0.0,1.0,1.0,0.0,0.0,0.0,0.0,0.0,0.0,0.0,0.0,0.0,0.0,0.0,1.0,0.0,0.0,0.0,0.0,0.0,1.0,0.0,2.0,8.0,0.0,1.0,0.0,0.0,0.0,0.0,0.0,0.0,0.0,0.0,0.0,0.0,0.0,9.0,0.0,0.0,0.0,0.0,0.0,0.0,0.0,4.0,0.0,0.0,0.0,0.0,0.0,0.0,0.0,0.0,0.0,0.0,0.0,1.0,9.0,3.0,0.0,0.0,0.0,0.0,8.0,0.0,0.0,0.0,0.0,0.0,0.0,0.0,0.0,1.0,0.0,0.0,4.0,0.0,0.0,2.6923076923076925,13.0,0.0,35.0,4.661627315730982,0.0,0.0,0.0,0.0,0.0,132.69230769230768,489.0,1.0,1725.0,138.17584485923763,10.846153846153847,17.0,1.0,141.0,5.382783571197989,3.5384615384615383,6.0,0.0,46.0,1.7614096918559583,1.0,1.0,1.0,13.0,0.0,675.8461538461538,1062.0,75.0,8786.0,328.41966195551436,1398.0,11559.0,0.0,18174.0,3158.489222186244,4367.0,18174.0,0.0,56771.0,4667.162646262359,7.0,13.0,1.0,91.0,3.8944404818493075,21.153846153846153,31.0,17.0,275.0,3.4362322837218526
125.0,0.0,0.0,0.0,0.0,0.0,0.0,0.0,0.0,0.0,1.0,0.0,0.0,0.0,0.0,0.0,0.0,0.0,0.0,0.0,0.0,0.0,0.0,1.0,0.0,0.0,0.0,0.0,0.0,0.0,0.0,0.0,0.0,0.0,0.0,0.0,0.0,0.0,0.0,0.0,13.0,0.0,0.0,0.0,0.0,0.0,0.0,0.0,0.0,0.0,0.0,0.0,0.0,0.0,0.0,0.0,0.0,0.0,0.0,0.0,0.0,0.0,0.0,5.0,0.0,0.0,0.0,0.0,5.0,0.0,0.0,1.0,2.0,0.0,0.0,0.0,0.0,0.0,0.0,5.0,8.0,0.0,0.0,0.0,0.0,0.0,0.0,0.0,0.0,0.0,0.0,0.0,13.0,0.0,0.0,0.0,0.0,0.0,0.0,0.0,4.230769230769231,17.0,0.0,55.0,5.918246448538708,0.0,0.0,0.0,0.0,0.0,249.92307692307693,539.0,75.0,3249.0,173.88092742758454,6.846153846153846,23.0,1.0,89.0,6.986250232255664,1.4615384615384615,3.0,0.0,19.0,0.8770580193070292,1.0,1.0,1.0,13.0,0.0,432.2307692307692,1422.0,60.0,5619.0,433.6454300166888,356.53846153846155,1095.0,0.0,4635.0,304.31990168916417,2461.846153846154,4635.0,0.0,32004.0,1407.2359341485615,7.0,13.0,1.0,91.0,3.8944404818493075,29.692307692307693,31.0,28.0,386.0,0.9473309334313409
170.0,0.0,0.0,0.0,0.0,0.0,0.0,0.0,0.0,0.0,0.0,0.0,0.0,0.0,0.0,0.0,0.0,1.0,0.0,0.0,0.0,0.0,0.0,1.0,0.0,0.0,0.0,0.0,1.0,0.0,0.0,0.0,0.0,1.0,0.0,0.0,0.0,0.0,9.0,0.0,0.0,0.0,0.0,2.0,0.0,0.0,0.0,0.0,0.0,0.0,0.0,0.0,0.0,0.0,0.0,0.0,0.0,3.0,0.0,0.0,0.0,0.0,0.0,1.0,1.0,0.0,0.0,0.0,1.0,2.0,0.0,0.0,4.0,0.0,0.0,0.0,1.0,0.0,0.0,10.0,3.0,0.0,0.0,0.0,0.0,0.0,0.0,0.0,0.0,1.0,9.0,0.0,0.0,1.0,0.0,0.0,0.0,2.0,0.0,0.0,39.23076923076923,170.0,0.0,510.0,60.274585365854165,0.0,0.0,0.0,0.0,0.0,193.69230769230768,635.0,27.0,2518.0,198.04939813734376,13.76923076923077,22.0,2.0,179.0,6.286942104524347,2.1538461538461537,6.0,0.0,28.0,2.7032743678162428,1.0,1.0,1.0,13.0,0.0,858.5384615384615,1344.0,154.0,11161.0,371.4183659488348,1033.3846153846155,8275.0,0.0,13434.0,2240.5578002832813,3003.3076923076924,13434.0,0.0,39043.0,4338.097516665867,7.0,13.0,1.0,91.0,3.8944404818493075,30.923076923076923,35.0,28.0,402.0,2.498717619818161
85.0,0.0,0.0,0.0,0.0,0.0,0.0,0.0,0.0,0.0,0.0,0.0,0.0,0.0,0.0,0.0,0.0,0.0,0.0,0.0,0.0,1.0,0.0,1.0,0.0,0.0,0.0,0.0,2.0,0.0,0.0,0.0,0.0,0.0,0.0,0.0,0.0,0.0,0.0,0.0,7.0,0.0,0.0,3.0,0.0,0.0,0.0,0.0,1.0,0.0,0.0,0.0,0.0,0.0,0.0,0.0,0.0,0.0,0.0,0.0,0.0,0.0,0.0,0.0,0.0,0.0,0.0,0.0,3.0,3.0,0.0,0.0,4.0,0.0,0.0,3.0,0.0,0.0,0.0,12.0,1.0,0.0,0.0,1.0,0.0,0.0,0.0,0.0,0.0,0.0,0.0,0.0,7.0,2.0,0.0,0.0,0.0,3.0,0.0,0.0,19.615384615384617,85.0,0.0,255.0,24.790920587782608,0.0,0.0,0.0,0.0,0.0,241.46153846153845,619.0,5.0,3139.0,233.5721214045801,10.923076923076923,21.0,0.0,142.0,5.96463939202724,3.3076923076923075,6.0,1.0,43.0,1.6012815380508714,1.0,1.0,1.0,13.0,0.0,676.3846153846154,1265.0,0.0,8793.0,352.12368529195777,559.0769230769231,2581.0,0.0,7268.0,659.0070133084652,3039.4615384615386,7268.0,0.0,39513.0,2221.9417039826753,7.0,13.0,1.0,91.0,3.8944404818493075,20.307692307692307,25.0,16.0,264.0,2.3232382351872363
151.0,0.0,0.0,0.0,0.0,0.0,0.0,0.0,0.0,0.0,0.0,0.0,0.0,0.0,0.0,0.0,0.0,1.0,0.0,0.0,0.0,0.0,0.0,1.0,0.0,0.0,0.0,0.0,1.0,0.0,0.0,0.0,0.0,0.0,0.0,0.0,0.0,0.0,7.0,0.0,0.0,0.0,0.0,5.0,0.0,0.0,0.0,0.0,0.0,0.0,0.0,0.0,0.0,0.0,0.0,0.0,0.0,2.0,0.0,0.0,0.0,0.0,0.0,0.0,0.0,0.0,0.0,0.0,2.0,3.0,0.0,0.0,2.0,0.0,0.0,0.0,4.0,0.0,0.0,12.0,1.0,0.0,0.0,0.0,0.0,0.0,0.0,0.0,0.0,0.0,7.0,0.0,0.0,1.0,0.0,0.0,0.0,5.0,0.0,0.0,34.84615384615385,151.0,0.0,453.0,54.096897868309966,0.0,0.0,0.0,0.0,0.0,306.0769230769231,701.0,28.0,3979.0,267.5663349334957,11.384615384615385,22.0,1.0,148.0,5.73786344583739,4.615384615384615,6.0,0.0,60.0,1.7577666482623882,1.0,1.0,1.0,13.0,0.0,717.0769230769231,1320.0,75.0,9322.0,341.7317323911798,1203.2307692307693,11428.0,0.0,15642.0,3117.4198507164583,3519.0,15642.0,0.0,45747.0,3945.1764852792076,7.0,13.0,1.0,91.0,3.8944404818493075,29.53846153846154,35.0,28.0,384.0,1.8081014266989468
30.0,1.0,0.0,0.0,0.0,0.0,0.0,0.0,0.0,0.0,0.0,0.0,0.0,0.0,0.0,0.0,0.0,0.0,0.0,0.0,0.0,0.0,0.0,1.0,1.0,3.0,0.0,1.0,1.0,0.0,0.0,0.0,0.0,0.0,0.0,0.0,0.0,0.0,0.0,0.0,0.0,5.0,0.0,2.0,0.0,0.0,0.0,0.0,0.0,0.0,0.0,4.0,1.0,0.0,0.0,0.0,0.0,0.0,0.0,3.0,0.0,0.0,0.0,0.0,0.0,0.0,0.0,0.0,1.0,0.0,0.0,0.0,0.0,0.0,0.0,4.0,0.0,0.0,0.0,10.0,3.0,1.0,0.0,3.0,0.0,0.0,0.0,0.0,0.0,0.0,0.0,0.0,0.0,1.0,5.0,0.0,0.0,3.0,0.0,0.0,8.76923076923077,30.0,0.0,114.0,10.856287319289885,0.0,0.0,0.0,0.0,0.0,117.38461538461539,481.0,20.0,1526.0,120.3041551385061,11.153846153846153,17.0,1.0,145.0,5.77128168673929,1.0,2.0,0.0,13.0,0.9128709291752769,1.3076923076923077,2.0,1.0,17.0,0.48038446141526137,692.3846153846154,1068.0,75.0,9001.0,347.6023922197934,1000.0,7698.0,0.0,13000.0,2058.529531809863,5924.692307692308,13000.0,0.0,77021.0,5868.188794744868,7.0,13.0,1.0,91.0,3.8944404818493075,33.38461538461539,35.0,32.0,434.0,1.26085034391223
185.0,0.0,0.0,0.0,1.0,0.0,0.0,0.0,0.0,0.0,0.0,0.0,0.0,0.0,0.0,0.0,0.0,0.0,0.0,0.0,0.0,0.0,0.0,1.0,0.0,0.0,2.0,6.0,2.0,0.0,0.0,0.0,2.0,0.0,0.0,0.0,0.0,0.0,0.0,0.0,0.0,0.0,0.0,0.0,0.0,0.0,0.0,0.0,1.0,0.0,0.0,0.0,1.0,0.0,0.0,0.0,0.0,0.0,0.0,0.0,0.0,0.0,1.0,0.0,1.0,0.0,0.0,0.0,0.0,0.0,0.0,0.0,0.0,0.0,5.0,5.0,0.0,0.0,0.0,11.0,2.0,6.0,0.0,0.0,0.0,0.0,0.0,3.0,2.0,0.0,0.0,0.0,0.0,2.0,0.0,0.0,0.0,0.0,0.0,0.0,19.384615384615383,94.0,0.0,252.0,32.54109827469068,0.0,0.0,0.0,0.0,0.0,149.07692307692307,535.0,29.0,1938.0,149.52171611422733,11.076923076923077,23.0,1.0,144.0,8.410920861807567,4.384615384615385,6.0,0.0,57.0,2.0223114472661203,1.0,1.0,1.0,13.0,0.0,693.5384615384615,1414.0,75.0,9016.0,509.4874246705565,1877.5384615384614,14400.0,0.0,24408.0,3893.6142082343113,15692.307692307691,24408.0,0.0,204000.0,9688.884140985272,7.0,13.0,1.0,91.0,3.8944404818493075,31.0,35.0,21.0,403.0,5.212165257037295
13.0,0.0,0.0,0.0,0.0,0.0,0.0,0.0,0.0,0.0,0.0,1.0,0.0,0.0,0.0,0.0,0.0,0.0,0.0,0.0,0.0,0.0,0.0,1.0,0.0,0.0,0.0,0.0,0.0,0.0,0.0,0.0,0.0,0.0,0.0,0.0,0.0,7.0,0.0,0.0,0.0,0.0,1.0,5.0,0.0,0.0,0.0,0.0,0.0,0.0,0.0,0.0,0.0,0.0,0.0,6.0,5.0,0.0,0.0,0.0,0.0,0.0,0.0,0.0,0.0,0.0,0.0,0.0,0.0,0.0,2.0,0.0,0.0,0.0,0.0,0.0,0.0,0.0,0.0,3.0,10.0,0.0,7.0,0.0,0.0,0.0,0.0,0.0,0.0,0.0,0.0,0.0,0.0,0.0,0.0,1.0,0.0,5.0,0.0,0.0,0.6153846153846154,3.0,0.0,8.0,1.12089707663561,0.0,0.0,0.0,0.0,0.0,230.69230769230768,633.0,1.0,2999.0,195.25341849990087,13.615384615384615,23.0,0.0,177.0,6.131047511620147,1.6153846153846154,3.0,0.0,21.0,1.325296290046213,1.0,1.0,1.0,13.0,0.0,837.7692307692307,1410.0,3.0,10891.0,369.80696627793844,1114.923076923077,6853.0,0.0,14494.0,1937.1475361786663,9290.384615384615,14494.0,0.0,120775.0,5946.851807727928,7.0,13.0,1.0,91.0,3.8944404818493075,33.0,37.0,31.0,429.0,1.6832508230603465
320.0,0.0,0.0,0.0,0.0,0.0,0.0,0.0,0.0,1.0,0.0,0.0,0.0,0.0,0.0,0.0,0.0,0.0,0.0,0.0,0.0,0.0,0.0,1.0,0.0,0.0,0.0,0.0,0.0,0.0,0.0,0.0,0.0,0.0,0.0,0.0,0.0,0.0,11.0,0.0,0.0,0.0,0.0,2.0,0.0,0.0,0.0,0.0,0.0,0.0,0.0,0.0,0.0,0.0,0.0,0.0,0.0,4.0,0.0,0.0,0.0,0.0,0.0,0.0,0.0,0.0,0.0,0.0,2.0,2.0,0.0,0.0,4.0,0.0,0.0,0.0,1.0,0.0,0.0,10.0,3.0,0.0,0.0,0.0,0.0,0.0,0.0,0.0,0.0,0.0,11.0,0.0,0.0,0.0,0.0,0.0,0.0,2.0,0.0,0.0,27.692307692307693,94.0,0.0,360.0,32.84657418814686,0.0,0.0,0.0,0.0,0.0,309.61538461538464,660.0,9.0,4025.0,265.30157006117224,10.846153846153847,20.0,6.0,141.0,5.129102485590662,1.2307692307692308,3.0,0.0,16.0,0.9268086959962983,1.0,1.0,1.0,13.0,0.0,669.0769230769231,1218.0,392.0,8698.0,298.577589452184,331.2307692307692,900.0,0.0,4306.0,331.70070692471995,2021.3846153846155,4306.0,0.0,26278.0,1343.407020629609,7.0,13.0,1.0,91.0,3.8944404818493075,14.76923076923077,21.0,2.0,192.0,5.890017630899562
163.0,0.0,0.0,1.0,0.0,0.0,0.0,0.0,0.0,0.0,0.0,0.0,0.0,0.0,0.0,0.0,0.0,0.0,0.0,0.0,0.0,0.0,0.0,1.0,0.0,2.0,0.0,1.0,1.0,0.0,1.0,0.0,0.0,0.0,0.0,0.0,0.0,0.0,0.0,0.0,7.0,0.0,0.0,1.0,0.0,0.0,0.0,0.0,0.0,0.0,0.0,0.0,2.0,0.0,0.0,0.0,0.0,0.0,0.0,0.0,0.0,0.0,0.0,2.0,0.0,1.0,0.0,0.0,2.0,1.0,0.0,0.0,3.0,0.0,0.0,2.0,0.0,0.0,0.0,10.0,3.0,1.0,0.0,2.0,0.0,0.0,0.0,0.0,0.0,0.0,0.0,0.0,7.0,1.0,0.0,0.0,1.0,1.0,0.0,0.0,28.923076923076923,52.0,0.0,376.0,23.171324010730515,0.0,0.0,0.0,0.0,0.0,205.53846153846155,651.0,1.0,2672.0,212.29916603094773,11.461538461538462,19.0,1.0,149.0,6.345804186171424,1.3846153846153846,3.0,0.0,18.0,1.1929278784054478,2.0,2.0,2.0,26.0,0.0,711.9230769230769,1194.0,60.0,9255.0,387.1027989088647,678.3846153846154,4650.0,0.0,8819.0,1222.279123772576,4833.461538461538,8819.0,0.0,62835.0,3633.7743833692766,7.0,13.0,1.0,91.0,3.8944404818493075,32.92307692307692,34.0,32.0,428.0,0.9540735874430302
5.0,0.0,0.0,0.0,1.0,0.0,0.0,0.0,0.0,0.0,0.0,0.0,0.0,0.0,0.0,0.0,0.0,0.0,0.0,0.0,0.0,0.0,0.0,1.0,0.0,0.0,0.0,2.0,1.0,0.0,0.0,0.0,0.0,0.0,2.0,0.0,0.0,0.0,0.0,0.0,0.0,0.0,6.0,2.0,0.0,0.0,0.0,0.0,0.0,0.0,0.0,0.0,1.0,0.0,4.0,0.0,1.0,0.0,0.0,0.0,0.0,0.0,0.0,0.0,0.0,0.0,1.0,3.0,0.0,0.0,2.0,0.0,0.0,0.0,0.0,1.0,0.0,0.0,1.0,7.0,5.0,2.0,0.0,0.0,0.0,0.0,0.0,0.0,2.0,0.0,0.0,0.0,0.0,1.0,0.0,6.0,0.0,2.0,0.0,0.0,1.9230769230769231,5.0,0.0,25.0,2.2532028485964326,0.0,0.0,0.0,0.0,0.0,231.3846153846154,935.0,8.0,3008.0,269.4220785501003,8.461538461538462,18.0,1.0,110.0,5.8539927202919175,2.230769230769231,6.0,0.0,29.0,1.9215378456610455,1.3076923076923077,2.0,1.0,17.0,0.48038446141526137,533.7692307692307,1084.0,60.0,6939.0,350.59904778491955,2918.6923076923076,26392.0,0.0,37943.0,7165.510744585428,13161.384615384615,37943.0,0.0,171098.0,16249.027322368465,7.0,13.0,1.0,91.0,3.8944404818493075,33.53846153846154,36.0,29.0,436.0,1.9414506867883026
64.0,1.0,0.0,0.0,0.0,0.0,0.0,0.0,0.0,0.0,0.0,0.0,0.0,0.0,0.0,0.0,0.0,0.0,0.0,0.0,0.0,0.0,0.0,1.0,0.0,1.0,0.0,1.0,0.0,0.0,0.0,0.0,3.0,0.0,1.0,0.0,0.0,0.0,0.0,0.0,0.0,5.0,0.0,2.0,0.0,0.0,0.0,0.0,0.0,0.0,0.0,4.0,2.0,0.0,0.0,0.0,0.0,0.0,0.0,2.0,0.0,1.0,2.0,0.0,0.0,0.0,0.0,0.0,0.0,0.0,0.0,0.0,0.0,0.0,1.0,0.0,1.0,0.0,0.0,9.0,4.0,1.0,0.0,1.0,0.0,0.0,0.0,3.0,1.0,0.0,0.0,0.0,0.0,0.0,5.0,0.0,0.0,2.0,0.0,0.0,22.0,63.0,0.0,286.0,26.277366686941825,0.0,0.0,0.0,0.0,0.0,205.07692307692307,540.0,44.0,2666.0,179.3402081419843,12.384615384615385,22.0,0.0,161.0,6.397114734243628,2.5384615384615383,6.0,0.0,33.0,2.066211695163583,1.0,1.0,1.0,13.0,0.0,768.0,1335.0,53.0,9984.0,377.0700642232599,669.0769230769231,3198.0,0.0,8698.0,850.5178286920722,4626.076923076923,8698.0,0.0,60139.0,3074.2909605722766,7.0,13.0,1.0,91.0,3.8944404818493075,31.076923076923077,36.0,28.0,404.0,2.95695616193236
32.0,0.0,1.0,0.0,0.0,0.0,0.0,0.0,0.0,0.0,0.0,0.0,0.0,0.0,0.0,0.0,0.0,0.0,0.0,0.0,0.0,0.0,0.0,1.0,7.0,0.0,0.0,0.0,1.0,5.0,0.0,0.0,0.0,0.0,0.0,0.0,0.0,0.0,0.0,0.0,0.0,0.0,0.0,0.0,0.0,0.0,0.0,0.0,0.0,0.0,0.0,0.0,1.0,0.0,0.0,0.0,7.0,0.0,0.0,0.0,5.0,0.0,0.0,0.0,0.0,0.0,0.0,0.0,0.0,0.0,0.0,0.0,0.0,0.0,0.0,0.0,0.0,0.0,0.0,11.0,2.0,0.0,0.0,0.0,0.0,0.0,5.0,0.0,0.0,0.0,0.0,0.0,0.0,1.0,0.0,0.0,0.0,7.0,0.0,0.0,7.384615384615385,32.0,0.0,96.0,12.045320402120634,0.0,0.0,0.0,0.0,0.0,266.46153846153845,670.0,19.0,3464.0,205.4797700442452,13.461538461538462,18.0,8.0,175.0,3.6881654114971716,1.9230769230769231,6.0,0.0,25.0,1.6563785025137656,1.0,1.0,1.0,13.0,0.0,836.6153846153846,1080.0,520.0,10876.0,211.2504589586882,784.6153846153846,3179.0,0.0,10200.0,925.8868305991413,6633.538461538462,10200.0,0.0,86236.0,3784.703502596221,7.0,13.0,1.0,91.0,3.8944404818493075,25.076923076923077,29.0,17.0,326.0,4.590961018885161
5.0,0.0,0.0,0.0,1.0,0.0,0.0,0.0,0.0,0.0,0.0,0.0,0.0,0.0,0.0,0.0,0.0,0.0,0.0,0.0,0.0,0.0,0.0,1.0,3.0,0.0,0.0,1.0,1.0,0.0,1.0,0.0,0.0,0.0,0.0,0.0,0.0,0.0,0.0,3.0,0.0,0.0,0.0,2.0,0.0,0.0,0.0,0.0,2.0,0.0,0.0,0.0,1.0,0.0,0.0,0.0,5.0,0.0,0.0,0.0,0.0,0.0,0.0,1.0,0.0,0.0,0.0,0.0,0.0,0.0,0.0,0.0,0.0,1.0,0.0,1.0,2.0,2.0,0.0,11.0,2.0,1.0,0.0,0.0,0.0,0.0,0.0,0.0,0.0,0.0,0.0,3.0,0.0,1.0,0.0,0.0,1.0,5.0,0.0,2.0,2.3076923076923075,5.0,0.0,30.0,2.4625398604088757,0.0,0.0,0.0,0.0,0.0,102.38461538461539,278.0,12.0,1331.0,74.35560779293255,11.923076923076923,23.0,1.0,155.0,5.267218406672515,1.8461538461538463,6.0,0.0,24.0,2.0754980866510833,1.5384615384615385,2.0,1.0,20.0,0.5188745216627708,742.0769230769231,1409.0,60.0,9647.0,319.030422148751,5068.846153846154,50357.0,0.0,65895.0,13755.367442360783,34105.53846153846,65895.0,0.0,443372.0,31385.799465722775,7.0,13.0,1.0,91.0,3.8944404818493075,27.46153846153846,30.0,25.0,357.0,1.8081014266989468
100.0,0.0,0.0,0.0,0.0,0.0,0.0,0.0,0.0,0.0,0.0,0.0,0.0,0.0,0.0,0.0,0.0,0.0,0.0,0.0,1.0,0.0,0.0,1.0,0.0,0.0,0.0,0.0,0.0,0.0,0.0,0.0,0.0,0.0,0.0,0.0,0.0,1.0,0.0,0.0,0.0,0.0,0.0,1.0,9.0,0.0,2.0,0.0,0.0,0.0,0.0,3.0,0.0,0.0,0.0,1.0,0.0,0.0,3.0,3.0,0.0,0.0,0.0,0.0,0.0,0.0,0.0,0.0,0.0,0.0,0.0,0.0,2.0,0.0,0.0,0.0,1.0,0.0,0.0,10.0,3.0,0.0,1.0,0.0,0.0,3.0,0.0,0.0,0.0,0.0,0.0,0.0,0.0,0.0,6.0,0.0,0.0,3.0,0.0,0.0,30.846153846153847,100.0,0.0,401.0,36.79639056992355,0.0,0.0,0.0,0.0,0.0,219.53846153846155,621.0,4.0,2854.0,191.7540157704724,13.307692307692308,18.0,2.0,173.0,5.313263519793576,1.0,2.0,0.0,13.0,0.7071067811865476,1.0,1.0,1.0,13.0,0.0,831.8461538461538,1125.0,124.0,10814.0,327.103665054838,1551.0,17251.0,0.0,20163.0,4722.4676635561345,4302.384615384615,20163.0,0.0,55931.0,7049.7078962944925,7.0,13.0,1.0,91.0,3.8944404818493075,33.15384615384615,36.0,29.0,431.0,2.409915415049313
150.0,0.0,0.0,0.0,1.0,0.0,0.0,0.0,0.0,0.0,0.0,0.0,0.0,0.0,0.0,0.0,0.0,0.0,0.0,0.0,0.0,0.0,0.0,1.0,0.0,0.0,0.0,0.0,0.0,0.0,0.0,0.0,0.0,0.0,0.0,0.0,0.0,0.0,0.0,13.0,0.0,0.0,0.0,0.0,0.0,0.0,0.0,0.0,0.0,0.0,0.0,0.0,0.0,0.0,0.0,0.0,0.0,0.0,0.0,0.0,0.0,0.0,0.0,4.0,0.0,0.0,0.0,0.0,3.0,0.0,0.0,1.0,3.0,0.0,0.0,0.0,2.0,0.0,0.0,11.0,2.0,0.0,0.0,0.0,0.0,0.0,0.0,0.0,0.0,0.0,0.0,13.0,0.0,0.0,0.0,0.0,0.0,0.0,0.0,0.0,23.076923076923077,75.0,0.0,300.0,20.07677571416593,0.0,0.0,0.0,0.0,0.0,370.0,735.0,95.0,4810.0,203.06443969013054,11.461538461538462,22.0,1.0,149.0,6.22649425995325,3.923076923076923,6.0,2.0,51.0,1.7059473644448737,1.0,1.0,1.0,13.0,0.0,715.5384615384615,1320.0,75.0,9302.0,368.0311615847711,466.2307692307692,2002.0,0.0,6061.0,542.4126894174082,2902.769230769231,6061.0,0.0,37736.0,2339.5135945265115,7.0,13.0,1.0,91.0,3.8944404818493075,29.23076923076923,30.0,28.0,380.0,0.8320502943378444
50.0,1.0,0.0,0.0,0.0,0.0,0.0,0.0,0.0,0.0,0.0,0.0,0.0,0.0,0.0,0.0,0.0,0.0,0.0,0.0,0.0,0.0,0.0,1.0,1.0,0.0,0.0,1.0,1.0,0.0,0.0,0.0,0.0,0.0,0.0,0.0,0.0,0.0,0.0,0.0,7.0,0.0,0.0,3.0,0.0,0.0,0.0,0.0,0.0,0.0,0.0,0.0,2.0,0.0,0.0,0.0,0.0,0.0,0.0,0.0,0.0,0.0,0.0,0.0,0.0,0.0,0.0,0.0,4.0,4.0,0.0,0.0,3.0,0.0,0.0,0.0,0.0,0.0,0.0,10.0,3.0,1.0,0.0,0.0,0.0,0.0,0.0,0.0,0.0,0.0,0.0,0.0,7.0,1.0,0.0,0.0,0.0,4.0,0.0,0.0,15.384615384615385,50.0,0.0,200.0,22.186852193504386,0.0,0.0,0.0,0.0,0.0,173.30769230769232,619.0,15.0,2253.0,170.99628875864752,9.615384615384615,16.0,0.0,125.0,5.284229075567875,1.6153846153846154,4.0,0.0,21.0,1.2608503439122305,1.0769230769230769,2.0,1.0,14.0,0.2773500981126146,601.9230769230769,968.0,0.0,7825.0,315.0657237092132,1736.0,14578.0,0.0,22568.0,3941.4625880925646,7691.153846153846,22568.0,0.0,99985.0,8835.987530606051,7.0,13.0,1.0,91.0,3.8944404818493075,32.92307692307692,36.0,28.0,428.0,2.9000442083279387
325.0,0.0,0.0,0.0,0.0,0.0,0.0,1.0,0.0,0.0,0.0,0.0,0.0,0.0,0.0,0.0,0.0,0.0,0.0,0.0,0.0,0.0,0.0,1.0,0.0,0.0,0.0,0.0,0.0,0.0,0.0,0.0,0.0,0.0,0.0,0.0,0.0,13.0,0.0,0.0,0.0,0.0,0.0,0.0,0.0,0.0,0.0,0.0,0.0,0.0,0.0,0.0,0.0,0.0,1.0,5.0,0.0,0.0,0.0,0.0,0.0,0.0,0.0,0.0,0.0,0.0,0.0,0.0,0.0,0.0,4.0,0.0,3.0,0.0,0.0,0.0,0.0,0.0,0.0,10.0,3.0,0.0,13.0,0.0,0.0,0.0,0.0,0.0,0.0,0.0,0.0,0.0,0.0,0.0,0.0,0.0,0.0,0.0,0.0,0.0,8.76923076923077,26.0,0.0,114.0,9.166550115809166,0.0,0.0,0.0,0.0,0.0,238.15384615384616,621.0,16.0,3096.0,206.36894394661476,12.538461538461538,23.0,6.0,163.0,6.501479121648455,2.8461538461538463,6.0,1.0,37.0,1.7246329970051526,1.0,1.0,1.0,13.0,0.0,781.1538461538462,1422.0,390.0,10155.0,389.894183540835,526.2307692307693,2712.0,0.0,6841.0,717.3453554421043,2539.6153846153848,6841.0,0.0,33015.0,2287.9427636511346,7.0,13.0,1.0,91.0,3.8944404818493075,34.92307692307692,37.0,32.0,454.0,1.656378502513766
13.0,0.0,0.0,0.0,0.0,0.0,0.0,0.0,0.0,0.0,0.0,0.0,0.0,0.0,0.0,1.0,0.0,0.0,0.0,0.0,0.0,0.0,0.0,1.0,0.0,0.0,0.0,3.0,1.0,0.0,0.0,0.0,0.0,0.0,2.0,0.0,0.0,0.0,0.0,6.0,0.0,0.0,0.0,1.0,0.0,0.0,0.0,0.0,0.0,0.0,0.0,0.0,1.0,0.0,0.0,0.0,1.0,0.0,0.0,0.0,0.0,0.0,0.0,4.0,0.0,0.0,0.0,0.0,2.0,0.0,0.0,0.0,0.0,0.0,2.0,3.0,0.0,0.0,0.0,8.0,5.0,3.0,0.0,0.0,0.0,0.0,0.0,0.0,2.0,0.0,0.0,6.0,0.0,1.0,0.0,0.0,0.0,1.0,0.0,0.0,5.0,13.0,0.0,65.0,5.244044240850758,0.0,0.0,0.0,0.0,0.0,150.84615384615384,517.0,5.0,1961.0,136.74053663407335,9.307692307692308,17.0,1.0,121.0,4.210791995666519,1.7692307692307692,6.0,0.0,23.0,1.8776690404970269,1.0,1.0,1.0,13.0,0.0,582.7692307692307,1029.0,75.0,7576.0,251.59396980258816,1214.6153846153845,7288.0,0.0,15790.0,2086.8373814004426,10470.615384615385,15790.0,0.0,136118.0,5663.616226088263,7.0,13.0,1.0,91.0,3.8944404818493075,32.07692307692308,35.0,28.0,417.0,2.396578758061111
315.0,1.0,0.0,0.0,0.0,0.0,0.0,0.0,0.0,0.0,0.0,0.0,0.0,0.0,0.0,0.0,0.0,0.0,0.0,0.0,0.0,0.0,0.0,1.0,0.0,0.0,0.0,0.0,0.0,0.0,0.0,0.0,0.0,0.0,0.0,0.0,0.0,0.0,0.0,0.0,10.0,0.0,0.0,3.0,0.0,0.0,0.0,0.0,0.0,0.0,0.0,0.0,0.0,0.0,0.0,0.0,0.0,1.0,0.0,0.0,0.0,0.0,0.0,0.0,0.0,0.0,0.0,0.0,5.0,3.0,1.0,0.0,3.0,0.0,0.0,0.0,0.0,0.0,0.0,9.0,4.0,0.0,0.0,0.0,0.0,0.0,0.0,0.0,0.0,0.0,0.0,0.0,10.0,0.0,0.0,0.0,0.0,3.0,0.0,0.0,13.461538461538462,83.0,0.0,175.0,24.292026759876666,0.0,0.0,0.0,0.0,0.0,220.76923076923077,487.0,30.0,2870.0,171.3666409807511,12.923076923076923,21.0,1.0,168.0,6.143581182306436,3.5384615384615383,6.0,0.0,46.0,2.2216879699673027,1.0,1.0,1.0,13.0,0.0,799.2307692307693,1275.0,104.0,10390.0,361.56446033087786,1971.8461538461538,14924.0,0.0,25634.0,4037.2650157863436,17910.76923076923,25634.0,0.0,232840.0,6350.591221215105,7.0,13.0,1.0,91.0,3.8944404818493075,33.69230769230769,35.0,30.0,438.0,1.4366984945013914
18.0,0.0,0.0,0.0,0.0,0.0,1.0,0.0,0.0,0.0,0.0,0.0,0.0,0.0,0.0,0.0,0.0,0.0,0.0,0.0,0.0,0.0,0.0,1.0,0.0,1.0,0.0,1.0,1.0,0.0,0.0,0.0,0.0,0.0,0.0,0.0,0.0,0.0,0.0,0.0,0.0,7.0,0.0,2.0,0.0,0.0,0.0,0.0,1.0,0.0,0.0,1.0,3.0,0.0,0.0,0.0,0.0,0.0,6.0,3.0,0.0,0.0,0.0,0.0,0.0,0.0,0.0,0.0,0.0,0.0,0.0,0.0,0.0,0.0,0.0,0.0,0.0,0.0,1.0,9.0,3.0,1.0,0.0,1.0,0.0,0.0,0.0,0.0,0.0,0.0,0.0,0.0,0.0,1.0,7.0,0.0,0.0,3.0,0.0,0.0,8.307692307692308,18.0,0.0,108.0,8.51845658344882,0.0,0.0,0.0,0.0,0.0,116.3076923076923,366.0,13.0,1512.0,109.49154047641049,11.846153846153847,17.0,7.0,154.0,2.8238907511373337,1.7692307692307692,3.0,0.0,23.0,1.0919284281983377,1.0,1.0,1.0,13.0,0.0,729.4615384615385,1078.0,426.0,9483.0,177.18757263825222,1672.8461538461538,15993.0,0.0,21747.0,4342.24701520142,7269.461538461538,21747.0,0.0,94503.0,8077.610750456934,7.0,13.0,1.0,91.0,3.8944404818493075,20.76923076923077,32.0,4.0,270.0,7.4179270032564375
9.0,0.0,0.0,0.0,0.0,0.0,0.0,0.0,0.0,0.0,0.0,0.0,0.0,1.0,0.0,0.0,0.0,0.0,0.0,0.0,0.0,0.0,0.0,1.0,1.0,0.0,0.0,1.0,1.0,0.0,0.0,0.0,0.0,0.0,4.0,0.0,0.0,0.0,0.0,0.0,0.0,3.0,0.0,1.0,2.0,0.0,0.0,0.0,0.0,0.0,0.0,5.0,2.0,0.0,0.0,0.0,0.0,0.0,0.0,0.0,0.0,0.0,0.0,0.0,0.0,0.0,0.0,0.0,0.0,2.0,0.0,0.0,0.0,0.0,4.0,0.0,0.0,0.0,0.0,9.0,4.0,1.0,0.0,0.0,0.0,2.0,0.0,0.0,4.0,0.0,0.0,0.0,0.0,1.0,3.0,0.0,0.0,2.0,0.0,0.0,4.153846153846154,9.0,0.0,54.0,4.524860105501492,0.0,0.0,0.0,0.0,0.0,117.92307692307692,307.0,16.0,1533.0,103.82153079400369,11.384615384615385,18.0,7.0,148.0,3.2796966714027467,0.6153846153846154,3.0,0.0,8.0,0.9607689228305227,1.0,1.0,1.0,13.0,0.0,716.6923076923077,1083.0,438.0,9317.0,200.80437603771844,1449.5384615384614,9818.0,0.0,18844.0,2970.128690123954,11720.76923076923,18844.0,0.0,152370.0,7049.375919822574,7.0,13.0,1.0,91.0,3.8944404818493075,29.0,35.0,20.0,377.0,4.183300132670378
153.0,0.0,0.0,0.0,1.0,0.0,0.0,0.0,0.0,0.0,0.0,0.0,0.0,0.0,0.0,0.0,0.0,0.0,0.0,0.0,0.0,0.0,0.0,1.0,0.0,0.0,0.0,0.0,0.0,0.0,0.0,0.0,0.0,0.0,0.0,0.0,0.0,0.0,0.0,10.0,0.0,0.0,0.0,3.0,0.0,0.0,0.0,0.0,0.0,0.0,0.0,0.0,0.0,0.0,0.0,0.0,2.0,0.0,0.0,1.0,0.0,0.0,0.0,4.0,0.0,0.0,0.0,0.0,2.0,0.0,1.0,0.0,0.0,0.0,0.0,0.0,3.0,0.0,0.0,9.0,4.0,0.0,0.0,0.0,0.0,0.0,0.0,0.0,0.0,0.0,0.0,10.0,0.0,0.0,0.0,0.0,0.0,3.0,0.0,0.0,30.46153846153846,153.0,0.0,396.0,49.258866180982054,0.0,0.0,0.0,0.0,0.0,393.2307692307692,1080.0,35.0,5112.0,348.0036287756575,12.923076923076923,23.0,6.0,168.0,5.837544267662822,3.5384615384615383,6.0,2.0,46.0,1.1982893790305562,1.0,1.0,1.0,13.0,0.0,805.2307692307693,1410.0,395.0,10468.0,349.9714640381779,433.46153846153845,1101.0,0.0,5635.0,369.4977707160119,2500.6153846153848,5635.0,0.0,32508.0,1682.5603277179264,7.0,13.0,1.0,91.0,3.8944404818493075,20.615384615384617,22.0,17.0,268.0,1.2608503439122303
350.0,0.0,0.0,0.0,0.0,0.0,0.0,0.0,0.0,0.0,0.0,0.0,0.0,0.0,0.0,0.0,1.0,0.0,0.0,0.0,0.0,0.0,0.0,1.0,0.0,0.0,0.0,0.0,0.0,0.0,0.0,0.0,0.0,0.0,0.0,0.0,0.0,0.0,10.0,0.0,0.0,0.0,0.0,3.0,0.0,0.0,0.0,0.0,0.0,0.0,0.0,0.0,0.0,0.0,0.0,0.0,0.0,2.0,0.0,0.0,0.0,0.0,0.0,0.0,0.0,0.0,0.0,0.0,3.0,3.0,1.0,0.0,3.0,0.0,0.0,0.0,1.0,0.0,0.0,11.0,2.0,0.0,0.0,0.0,0.0,0.0,0.0,0.0,0.0,0.0,10.0,0.0,0.0,0.0,0.0,0.0,0.0,3.0,0.0,0.0,15.307692307692308,36.0,0.0,199.0,14.653694729684018,0.0,0.0,0.0,0.0,0.0,413.15384615384613,1080.0,26.0,5371.0,328.77774817086953,10.692307692307692,23.0,1.0,139.0,6.033028749926185,4.076923076923077,6.0,0.0,53.0,2.0599975105785306,1.0,1.0,1.0,13.0,0.0,669.6153846153846,1410.0,74.0,8705.0,369.04528594323364,399.38461538461536,1088.0,0.0,5192.0,348.60162039725196,2693.153846153846,5192.0,0.0,35011.0,1853.841904719037,7.0,13.0,1.0,91.0,3.8944404818493075,23.0,30.0,21.0,299.0,3.366501646120694
12.0,1.0,0.0,0.0,0.0,0.0,0.0,0.0,0.0,0.0,0.0,0.0,0.0,0.0,0.0,0.0,0.0,0.0,0.0,0.0,0.0,0.0,0.0,1.0,0.0,0.0,0.0,1.0,1.0,0.0,0.0,0.0,1.0,0.0,0.0,0.0,0.0,0.0,0.0,0.0,0.0,6.0,0.0,4.0,0.0,0.0,0.0,0.0,0.0,0.0,0.0,6.0,2.0,0.0,0.0,0.0,0.0,0.0,0.0,4.0,0.0,0.0,1.0,0.0,0.0,0.0,0.0,0.0,0.0,0.0,0.0,0.0,0.0,0.0,0.0,0.0,0.0,0.0,0.0,8.0,5.0,1.0,0.0,0.0,0.0,0.0,0.0,1.0,0.0,0.0,0.0,0.0,0.0,1.0,6.0,0.0,0.0,4.0,0.0,0.0,5.538461538461538,12.0,0.0,72.0,5.486580365087538,0.0,0.0,0.0,0.0,0.0,162.15384615384616,388.0,0.0,2108.0,110.92929140812039,14.076923076923077,18.0,8.0,183.0,2.9286384339694576,1.5384615384615385,3.0,0.0,20.0,0.7762500258061847,1.0,1.0,1.0,13.0,0.0,876.4615384615385,1080.0,520.0,11394.0,169.80999940355662,1774.6153846153845,17444.0,0.0,23070.0,4746.109363441132,6694.153846153846,23070.0,0.0,87024.0,8715.793536698708,7.0,13.0,1.0,91.0,3.8944404818493075,30.384615384615383,33.0,28.0,395.0,1.5566235649883118
12.0,0.0,0.0,0.0,0.0,0.0,0.0,0.0,0.0,0.0,0.0,0.0,0.0,0.0,0.0,0.0,0.0,0.0,0.0,0.0,0.0,1.0,0.0,1.0,1.0,1.0,0.0,1.0,1.0,0.0,1.0,3.0,0.0,0.0,1.0,0.0,0.0,0.0,0.0,0.0,0.0,0.0,3.0,1.0,0.0,0.0,0.0,0.0,0.0,0.0,0.0,0.0,3.0,0.0,2.0,1.0,0.0,0.0,0.0,0.0,0.0,0.0,0.0,0.0,0.0,1.0,0.0,2.0,0.0,2.0,0.0,0.0,0.0,0.0,2.0,0.0,0.0,0.0,0.0,10.0,3.0,1.0,0.0,1.0,3.0,0.0,0.0,0.0,1.0,0.0,0.0,0.0,0.0,1.0,0.0,3.0,1.0,2.0,0.0,0.0,6.461538461538462,12.0,0.0,84.0,5.4408238441034005,0.0,0.0,0.0,0.0,0.0,196.3846153846154,903.0,8.0,2553.0,243.07150472701736,12.923076923076923,23.0,1.0,168.0,6.116392434291346,1.6923076923076923,3.0,0.0,22.0,1.1094003924504583,1.6153846153846154,2.0,1.0,21.0,0.5063696835418332,799.9230769230769,1426.0,60.0,10399.0,372.3359731788978,2426.4615384615386,19978.0,0.0,31544.0,5515.950803735541,18886.46153846154,31544.0,0.0,245524.0,14143.19559962425,7.0,13.0,1.0,91.0,3.8944404818493075,34.84615384615385,37.0,33.0,453.0,1.2142318453899064
3.0,0.0,0.0,0.0,0.0,0.0,0.0,0.0,0.0,0.0,0.0,0.0,0.0,0.0,0.0,0.0,0.0,0.0,0.0,0.0,0.0,1.0,0.0,1.0,2.0,1.0,0.0,1.0,1.0,0.0,1.0,0.0,0.0,0.0,1.0,1.0,0.0,0.0,0.0,0.0,0.0,3.0,0.0,2.0,0.0,0.0,0.0,0.0,0.0,0.0,0.0,0.0,1.0,0.0,0.0,0.0,0.0,0.0,3.0,5.0,0.0,0.0,0.0,0.0,0.0,0.0,0.0,0.0,0.0,0.0,0.0,0.0,0.0,1.0,3.0,0.0,0.0,0.0,1.0,11.0,1.0,1.0,0.0,1.0,0.0,0.0,0.0,0.0,1.0,0.0,0.0,0.0,0.0,1.0,3.0,0.0,1.0,5.0,0.0,0.0,2.076923076923077,3.0,0.0,27.0,1.3204505835470495,0.0,0.0,0.0,0.0,0.0,102.0,342.0,10.0,1326.0,86.50818843708765,11.307692307692308,16.0,1.0,147.0,3.7723691800736088,1.3846153846153846,3.0,0.0,18.0,0.7679476477883045,1.0,1.0,1.0,13.0,0.0,703.1538461538462,1003.0,60.0,9141.0,231.80553852811133,259.7692307692308,1142.0,0.0,3377.0,395.0346300950829,1694.0,3377.0,0.0,22022.0,967.6577390792677,7.0,13.0,1.0,91.0,3.8944404818493075,16.846153846153847,21.0,9.0,219.0,2.9110752265029123
3.0,0.0,0.0,0.0,1.0,0.0,0.0,0.0,0.0,0.0,0.0,0.0,0.0,0.0,0.0,0.0,0.0,0.0,0.0,0.0,0.0,0.0,0.0,1.0,0.0,0.0,0.0,2.0,0.0,1.0,1.0,0.0,0.0,0.0,8.0,0.0,0.0,0.0,0.0,0.0,0.0,0.0,0.0,1.0,0.0,0.0,0.0,0.0,0.0,0.0,0.0,0.0,0.0,0.0,0.0,0.0,0.0,0.0,0.0,0.0,1.0,0.0,0.0,0.0,0.0,1.0,1.0,10.0,0.0,0.0,0.0,0.0,0.0,0.0,0.0,0.0,0.0,0.0,0.0,11.0,2.0,2.0,0.0,0.0,0.0,0.0,1.0,0.0,8.0,0.0,0.0,0.0,0.0,0.0,0.0,0.0,1.0,1.0,0.0,0.0,1.5384615384615385,3.0,0.0,20.0,1.3913653136029502,0.0,0.0,0.0,0.0,0.0,154.0,510.0,10.0,2002.0,165.42520968703653,11.461538461538462,23.0,1.0,149.0,6.462911941936914,2.6153846153846154,6.0,0.0,34.0,2.6311740579210876,1.0,1.0,1.0,13.0,0.0,714.4615384615385,1425.0,60.0,9288.0,397.56857173419684,759.5384615384615,3819.0,0.0,9874.0,1283.395146696489,6622.153846153846,9874.0,0.0,86088.0,3442.574953097217,7.0,13.0,1.0,91.0,3.8944404818493075,22.307692307692307,30.0,8.0,290.0,5.83644605595756
12.0,1.0,0.0,0.0,0.0,0.0,0.0,0.0,0.0,0.0,0.0,0.0,0.0,0.0,0.0,0.0,0.0,0.0,0.0,0.0,0.0,0.0,0.0,1.0,1.0,0.0,0.0,1.0,1.0,0.0,0.0,0.0,0.0,0.0,2.0,0.0,0.0,0.0,0.0,0.0,0.0,7.0,0.0,1.0,0.0,0.0,0.0,0.0,0.0,0.0,0.0,7.0,1.0,0.0,0.0,0.0,0.0,0.0,0.0,0.0,0.0,0.0,0.0,0.0,0.0,0.0,0.0,0.0,0.0,2.0,0.0,0.0,0.0,0.0,3.0,0.0,0.0,0.0,0.0,8.0,5.0,1.0,0.0,0.0,0.0,0.0,0.0,0.0,2.0,0.0,0.0,0.0,0.0,1.0,7.0,0.0,0.0,2.0,0.0,0.0,5.538461538461538,12.0,0.0,72.0,6.077491047784228,0.0,0.0,0.0,0.0,0.0,113.3076923076923,270.0,1.0,1473.0,89.56876745028985,14.23076923076923,22.0,7.0,185.0,3.919052737457657,4.0,6.0,0.0,52.0,2.160246899469287,1.0,1.0,1.0,13.0,0.0,873.4615384615385,1331.0,422.0,11355.0,241.399950077534,642.2307692307693,2543.0,0.0,8349.0,748.9733143717642,4233.2307692307695,8349.0,0.0,55032.0,2685.11282052996,7.0,13.0,1.0,91.0,3.8944404818493075,34.30769230769231,37.0,33.0,446.0,1.1094003924504603
250.0,1.0,0.0,0.0,0.0,0.0,0.0,0.0,0.0,0.0,0.0,0.0,0.0,0.0,0.0,0.0,0.0,0.0,0.0,0.0,0.0,0.0,0.0,1.0,0.0,0.0,0.0,0.0,0.0,0.0,0.0,0.0,0.0,0.0,0.0,0.0,0.0,0.0,0.0,0.0,10.0,0.0,0.0,3.0,0.0,0.0,0.0,0.0,0.0,0.0,0.0,1.0,0.0,0.0,0.0,0.0,0.0,2.0,0.0,0.0,0.0,0.0,0.0,1.0,0.0,0.0,0.0,0.0,0.0,3.0,0.0,0.0,5.0,0.0,0.0,0.0,1.0,0.0,3.0,6.0,4.0,0.0,0.0,0.0,0.0,0.0,0.0,0.0,0.0,0.0,0.0,0.0,10.0,0.0,0.0,0.0,0.0,3.0,0.0,0.0,3.3076923076923075,18.0,0.0,43.0,6.1965664603420425,0.0,0.0,0.0,0.0,0.0,270.7692307692308,629.0,13.0,3520.0,205.89728581914895,9.23076923076923,23.0,0.0,120.0,6.820970680602653,4.461538461538462,6.0,2.0,58.0,1.1266014242982163,2.0,2.0,2.0,26.0,0.0,585.9230769230769,1419.0,11.0,7617.0,418.84652350999676,1139.8461538461538,6777.0,0.0,14818.0,1865.7518522994887,8914.615384615385,14818.0,0.0,115890.0,5720.117678545631,7.0,13.0,1.0,91.0,3.8944404818493075,34.46153846153846,35.0,33.0,448.0,0.7762500258061853
20.0,0.0,0.0,0.0,0.0,0.0,0.0,0.0,0.0,0.0,0.0,0.0,1.0,0.0,0.0,0.0,0.0,0.0,0.0,0.0,0.0,0.0,0.0,1.0,0.0,0.0,0.0,2.0,1.0,0.0,0.0,4.0,0.0,0.0,0.0,0.0,0.0,5.0,0.0,0.0,0.0,0.0,0.0,1.0,0.0,0.0,0.0,0.0,0.0,0.0,0.0,0.0,3.0,0.0,2.0,2.0,0.0,0.0,0.0,1.0,0.0,0.0,0.0,0.0,0.0,0.0,0.0,2.0,0.0,0.0,0.0,0.0,0.0,0.0,2.0,0.0,1.0,0.0,0.0,8.0,5.0,2.0,5.0,0.0,4.0,0.0,0.0,0.0,0.0,0.0,0.0,0.0,0.0,1.0,0.0,0.0,0.0,1.0,0.0,0.0,6.846153846153846,20.0,0.0,89.0,7.9566131178845385,0.0,0.0,0.0,0.0,0.0,144.92307692307693,521.0,2.0,1884.0,160.31295515255024,13.538461538461538,23.0,6.0,176.0,4.976869575268249,2.4615384615384617,6.0,0.0,32.0,2.1838568563966754,1.5384615384615385,2.0,1.0,20.0,0.5188745216627708,846.8461538461538,1425.0,404.0,11009.0,303.6293920099102,335.0,2874.0,0.0,4355.0,770.4420808860326,2442.3076923076924,4355.0,0.0,31750.0,1876.9730234527162,7.0,13.0,1.0,91.0,3.8944404818493075,31.615384615384617,33.0,30.0,411.0,1.0439078454267838
36.0,1.0,0.0,0.0,0.0,0.0,0.0,0.0,0.0,0.0,0.0,0.0,0.0,0.0,0.0,0.0,0.0,0.0,0.0,0.0,0.0,0.0,0.0,1.0,0.0,1.0,0.0,1.0,0.0,0.0,0.0,0.0,0.0,2.0,0.0,0.0,0.0,0.0,0.0,0.0,0.0,7.0,0.0,1.0,0.0,1.0,0.0,0.0,0.0,1.0,0.0,4.0,2.0,0.0,0.0,0.0,0.0,0.0,0.0,0.0,0.0,0.0,1.0,0.0,0.0,0.0,0.0,0.0,0.0,1.0,1.0,0.0,1.0,0.0,0.0,0.0,1.0,1.0,0.0,9.0,4.0,1.0,0.0,1.0,0.0,0.0,0.0,0.0,0.0,2.0,0.0,0.0,0.0,0.0,7.0,1.0,0.0,1.0,0.0,0.0,15.307692307692308,36.0,0.0,199.0,14.585292908638113,0.0,0.0,0.0,0.0,0.0,296.2307692307692,660.0,1.0,3851.0,214.0463944437256,12.692307692307692,22.0,3.0,165.0,5.907405174646132,2.3846153846153846,6.0,0.0,31.0,2.3992520201950973,1.6153846153846154,2.0,1.0,21.0,0.5063696835418332,788.7692307692307,1350.0,228.0,10254.0,352.29252850582236,1477.7692307692307,8478.0,0.0,19211.0,2382.4071214441274,6465.153846153846,19211.0,0.0,84047.0,7464.2973306953445,7.0,13.0,1.0,91.0,3.8944404818493075,32.46153846153846,35.0,29.0,422.0,1.9414506867883012
53.0,0.0,0.0,0.0,1.0,0.0,0.0,0.0,0.0,0.0,0.0,0.0,0.0,0.0,0.0,0.0,0.0,0.0,0.0,0.0,0.0,0.0,0.0,1.0,0.0,0.0,0.0,0.0,1.0,0.0,0.0,0.0,0.0,0.0,0.0,0.0,0.0,0.0,8.0,3.0,0.0,0.0,0.0,1.0,0.0,0.0,0.0,0.0,0.0,0.0,0.0,2.0,1.0,0.0,0.0,0.0,0.0,2.0,0.0,0.0,0.0,0.0,0.0,2.0,0.0,0.0,1.0,0.0,0.0,0.0,0.0,0.0,0.0,0.0,0.0,0.0,5.0,0.0,0.0,9.0,4.0,0.0,0.0,0.0,0.0,0.0,0.0,0.0,0.0,0.0,8.0,3.0,0.0,1.0,0.0,0.0,0.0,1.0,0.0,0.0,12.23076923076923,53.0,0.0,159.0,18.92596913482392,0.0,0.0,0.0,0.0,0.0,167.92307692307693,425.0,41.0,2183.0,134.10720931308498,13.615384615384615,23.0,0.0,177.0,6.91060129485201,2.6923076923076925,6.0,0.0,35.0,1.377474463442389,2.0,2.0,2.0,26.0,0.0,844.8461538461538,1418.0,6.0,10983.0,420.78930716647375,524.3846153846154,3563.0,0.0,6817.0,977.2800296794447,1655.1538461538462,6817.0,0.0,21517.0,2100.1008644885706,7.0,13.0,1.0,91.0,3.8944404818493075,33.0,35.0,32.0,429.0,0.9128709291752773
10.0,0.0,0.0,0.0,0.0,0.0,0.0,0.0,0.0,0.0,0.0,0.0,0.0,0.0,0.0,0.0,0.0,0.0,0.0,0.0,0.0,1.0,0.0,1.0,0.0,0.0,0.0,0.0,1.0,0.0,0.0,0.0,0.0,0.0,0.0,1.0,0.0,7.0,0.0,0.0,0.0,0.0,0.0,4.0,0.0,0.0,0.0,0.0,0.0,0.0,0.0,0.0,1.0,0.0,0.0,1.0,0.0,0.0,0.0,5.0,0.0,0.0,0.0,0.0,0.0,0.0,0.0,0.0,0.0,0.0,6.0,0.0,0.0,0.0,0.0,0.0,0.0,0.0,0.0,8.0,5.0,0.0,7.0,0.0,0.0,0.0,0.0,0.0,0.0,0.0,0.0,0.0,0.0,1.0,0.0,0.0,0.0,5.0,0.0,0.0,3.8461538461538463,10.0,0.0,50.0,4.48787540391059,0.0,0.0,0.0,0.0,0.0,153.53846153846155,463.0,22.0,1996.0,136.07204916551584,13.23076923076923,21.0,8.0,172.0,3.39494344954979,1.8461538461538463,6.0,0.0,24.0,1.5191090506254998,2.0,2.0,2.0,26.0,0.0,815.3076923076923,1283.0,492.0,10599.0,205.9216617289953,668.0769230769231,4601.0,0.0,8685.0,1246.3983754227258,2551.769230769231,8685.0,0.0,33173.0,2184.0197325820322,7.0,13.0,1.0,91.0,3.8944404818493075,29.53846153846154,34.0,28.0,384.0,1.7614096918559583
10.0,0.0,0.0,0.0,1.0,0.0,0.0,0.0,0.0,0.0,0.0,0.0,0.0,0.0,0.0,0.0,0.0,0.0,0.0,0.0,0.0,0.0,0.0,1.0,1.0,0.0,0.0,1.0,1.0,0.0,0.0,0.0,0.0,6.0,0.0,0.0,0.0,0.0,1.0,1.0,0.0,0.0,0.0,2.0,0.0,0.0,0.0,0.0,0.0,1.0,0.0,0.0,2.0,0.0,0.0,0.0,2.0,1.0,0.0,0.0,0.0,0.0,4.0,0.0,1.0,0.0,1.0,0.0,0.0,0.0,0.0,0.0,0.0,0.0,0.0,0.0,1.0,0.0,0.0,8.0,5.0,1.0,0.0,0.0,0.0,0.0,0.0,0.0,0.0,6.0,1.0,1.0,0.0,1.0,0.0,0.0,0.0,3.0,0.0,0.0,3.8461538461538463,10.0,0.0,50.0,4.506405697192864,0.0,0.0,0.0,0.0,0.0,157.07692307692307,635.0,20.0,2042.0,173.09268304315154,15.461538461538462,23.0,5.0,201.0,6.199669139228111,2.230769230769231,6.0,0.0,29.0,2.2786635759382503,1.6153846153846154,2.0,1.0,21.0,0.5063696835418332,960.7692307692307,1426.0,341.0,12490.0,373.1613042296307,1963.3076923076924,21912.0,0.0,25523.0,6012.312039814847,14614.076923076924,25523.0,0.0,189983.0,11714.979502482698,7.0,13.0,1.0,91.0,3.8944404818493075,29.53846153846154,32.0,28.0,384.0,1.613246448179602
20.0,0.0,0.0,0.0,0.0,0.0,0.0,0.0,0.0,0.0,0.0,0.0,0.0,0.0,0.0,0.0,0.0,0.0,0.0,0.0,0.0,1.0,0.0,1.0,1.0,0.0,0.0,1.0,1.0,0.0,1.0,0.0,0.0,2.0,0.0,0.0,0.0,0.0,0.0,0.0,0.0,0.0,4.0,2.0,0.0,0.0,0.0,0.0,1.0,0.0,0.0,0.0,3.0,0.0,3.0,0.0,0.0,0.0,0.0,0.0,0.0,0.0,2.0,0.0,0.0,0.0,1.0,0.0,0.0,2.0,1.0,0.0,0.0,1.0,0.0,0.0,0.0,0.0,0.0,10.0,3.0,1.0,0.0,1.0,0.0,0.0,0.0,0.0,0.0,2.0,0.0,0.0,0.0,1.0,0.0,4.0,1.0,3.0,0.0,0.0,12.307692307692308,20.0,0.0,160.0,9.186807709832394,0.0,0.0,0.0,0.0,0.0,138.07692307692307,263.0,20.0,1795.0,92.3475875325226,10.076923076923077,15.0,0.0,131.0,4.698608632023216,2.0,6.0,0.0,26.0,1.6832508230603465,1.4615384615384615,2.0,1.0,19.0,0.5188745216627707,624.7692307692307,955.0,4.0,8122.0,289.4417482690181,2118.6923076923076,11646.0,0.0,27543.0,3366.4562075624713,10805.153846153846,27543.0,0.0,140467.0,11041.976324056559,7.0,13.0,1.0,91.0,3.8944404818493075,33.23076923076923,35.0,32.0,432.0,1.0127393670836649
70.0,0.0,0.0,1.0,0.0,0.0,0.0,0.0,0.0,0.0,0.0,0.0,0.0,0.0,0.0,0.0,0.0,0.0,0.0,0.0,0.0,0.0,0.0,1.0,0.0,2.0,0.0,0.0,1.0,0.0,0.0,0.0,0.0,0.0,0.0,0.0,8.0,0.0,0.0,0.0,0.0,0.0,0.0,2.0,0.0,0.0,0.0,0.0,0.0,0.0,0.0,0.0,0.0,0.0,2.0,3.0,0.0,0.0,0.0,2.0,0.0,0.0,0.0,0.0,0.0,0.0,0.0,0.0,0.0,0.0,3.0,0.0,0.0,0.0,0.0,3.0,0.0,0.0,0.0,11.0,2.0,0.0,8.0,2.0,0.0,0.0,0.0,0.0,0.0,0.0,0.0,0.0,0.0,1.0,0.0,0.0,0.0,2.0,0.0,0.0,18.46153846153846,60.0,0.0,240.0,24.268001513019104,0.0,0.0,0.0,0.0,0.0,227.84615384615384,562.0,29.0,2962.0,193.4786147329321,11.23076923076923,22.0,1.0,146.0,6.179992531735593,3.8461538461538463,6.0,0.0,50.0,2.154303980645638,2.0,2.0,2.0,26.0,0.0,709.2307692307693,1364.0,75.0,9220.0,375.58158320267205,1303.4615384615386,9346.0,0.0,16945.0,2512.0729691957804,6287.384615384615,16945.0,0.0,81736.0,6705.543285701037,7.0,13.0,1.0,91.0,3.8944404818493075,32.53846153846154,37.0,25.0,423.0,4.293704395495508
40.0,0.0,0.0,0.0,0.0,0.0,0.0,0.0,0.0,0.0,0.0,0.0,0.0,0.0,0.0,0.0,0.0,0.0,0.0,1.0,0.0,0.0,0.0,1.0,0.0,0.0,0.0,0.0,0.0,0.0,0.0,0.0,0.0,0.0,0.0,0.0,0.0,0.0,0.0,0.0,0.0,0.0,11.0,2.0,0.0,0.0,0.0,0.0,0.0,0.0,0.0,0.0,0.0,0.0,8.0,0.0,0.0,0.0,0.0,2.0,0.0,0.0,0.0,0.0,0.0,0.0,0.0,0.0,0.0,0.0,2.0,0.0,0.0,0.0,0.0,0.0,1.0,0.0,1.0,7.0,5.0,0.0,0.0,0.0,0.0,0.0,0.0,0.0,0.0,0.0,0.0,0.0,0.0,0.0,0.0,11.0,0.0,2.0,0.0,0.0,6.153846153846154,27.0,0.0,80.0,8.581434940674294,0.0,0.0,0.0,0.0,0.0,207.30769230769232,571.0,60.0,2695.0,166.03482798065022,11.153846153846153,17.0,0.0,145.0,4.930283187372942,3.923076923076923,6.0,0.0,51.0,2.139374459257443,2.0,2.0,2.0,26.0,0.0,701.5384615384615,1050.0,34.0,9120.0,288.03460885358186,440.15384615384613,2581.0,0.0,5722.0,709.5222390399807,2616.5384615384614,5722.0,0.0,34015.0,2083.5747972888894,7.0,13.0,1.0,91.0,3.8944404818493075,28.384615384615383,30.0,27.0,369.0,1.1208970766356101
150.0,0.0,0.0,0.0,1.0,0.0,0.0,0.0,0.0,0.0,0.0,0.0,0.0,0.0,0.0,0.0,0.0,0.0,0.0,0.0,0.0,0.0,0.0,1.0,0.0,0.0,0.0,0.0,0.0,0.0,0.0,0.0,0.0,0.0,0.0,0.0,0.0,0.0,7.0,5.0,0.0,0.0,0.0,1.0,0.0,0.0,0.0,0.0,0.0,0.0,0.0,1.0,0.0,0.0,0.0,0.0,1.0,2.0,0.0,0.0,0.0,0.0,0.0,2.0,0.0,0.0,0.0,0.0,1.0,0.0,1.0,0.0,0.0,0.0,0.0,0.0,5.0,0.0,0.0,11.0,2.0,0.0,0.0,0.0,0.0,0.0,0.0,0.0,0.0,0.0,7.0,5.0,0.0,0.0,0.0,0.0,0.0,1.0,0.0,0.0,20.153846153846153,50.0,0.0,262.0,17.487358071123616,0.0,0.0,0.0,0.0,0.0,317.3076923076923,541.0,100.0,4125.0,148.2758603725865,12.538461538461538,23.0,3.0,163.0,7.252762515246457,3.5384615384615383,6.0,0.0,46.0,2.2954805094425805,2.0,2.0,2.0,26.0,0.0,789.4615384615385,1433.0,221.0,10263.0,442.8755685638679,392.0,2048.0,0.0,5096.0,527.5275664203089,2518.0,5096.0,0.0,32734.0,2002.3456245114128,7.0,13.0,1.0,91.0,3.8944404818493075,33.38461538461539,35.0,32.0,434.0,1.043907845426783
73.0,0.0,0.0,1.0,0.0,0.0,0.0,0.0,0.0,0.0,0.0,0.0,0.0,0.0,0.0,0.0,0.0,0.0,0.0,0.0,0.0,0.0,0.0,1.0,0.0,2.0,0.0,0.0,0.0,0.0,0.0,0.0,0.0,0.0,0.0,0.0,0.0,0.0,0.0,0.0,0.0,8.0,0.0,3.0,0.0,0.0,0.0,0.0,0.0,0.0,0.0,5.0,0.0,0.0,0.0,0.0,0.0,0.0,3.0,0.0,0.0,0.0,0.0,0.0,0.0,0.0,0.0,0.0,0.0,3.0,0.0,0.0,0.0,0.0,0.0,2.0,0.0,0.0,0.0,8.0,5.0,0.0,0.0,2.0,0.0,0.0,0.0,0.0,0.0,0.0,0.0,0.0,0.0,0.0,8.0,0.0,0.0,3.0,0.0,0.0,16.846153846153847,73.0,0.0,219.0,27.248382685479864,0.0,0.0,0.0,0.0,0.0,200.3846153846154,663.0,9.0,2605.0,203.84002651652204,8.461538461538462,18.0,0.0,110.0,6.022394106103549,1.9230769230769231,4.0,0.0,25.0,1.1875421719907089,2.0,2.0,2.0,26.0,0.0,537.4615384615385,1132.0,37.0,6987.0,363.23606084395846,455.84615384615387,1987.0,0.0,5926.0,615.6037478435088,2916.6923076923076,5926.0,0.0,37917.0,1646.2195775278271,7.0,13.0,1.0,91.0,3.8944404818493075,34.23076923076923,36.0,33.0,445.0,1.0127393670836715
10.0,1.0,0.0,0.0,0.0,0.0,0.0,0.0,0.0,0.0,0.0,0.0,0.0,0.0,0.0,0.0,0.0,0.0,0.0,0.0,0.0,0.0,0.0,1.0,0.0,0.0,0.0,1.0,1.0,0.0,1.0,3.0,0.0,0.0,0.0,0.0,0.0,0.0,0.0,0.0,0.0,6.0,0.0,1.0,0.0,0.0,0.0,0.0,0.0,0.0,0.0,4.0,1.0,0.0,0.0,0.0,0.0,0.0,2.0,0.0,0.0,0.0,0.0,0.0,0.0,0.0,1.0,1.0,0.0,0.0,0.0,0.0,0.0,1.0,2.0,1.0,0.0,0.0,0.0,8.0,5.0,1.0,0.0,0.0,3.0,0.0,0.0,0.0,0.0,0.0,0.0,0.0,0.0,1.0,6.0,0.0,1.0,1.0,0.0,0.0,5.3076923076923075,10.0,0.0,69.0,5.121598308220709,0.0,0.0,0.0,0.0,0.0,126.6923076923077,259.0,1.0,1647.0,85.33501100113659,10.461538461538462,19.0,0.0,136.0,5.237928735282434,3.6923076923076925,6.0,1.0,48.0,1.3155870289605438,2.0,2.0,2.0,26.0,0.0,653.3076923076923,1178.0,0.0,8493.0,324.04150573020337,2061.5384615384614,15782.0,0.0,26800.0,4257.098691507018,11110.23076923077,26800.0,0.0,144433.0,11198.434772724908,7.0,13.0,1.0,91.0,3.8944404818493075,31.23076923076923,35.0,26.0,406.0,3.320488070395832
230.0,0.0,0.0,0.0,1.0,0.0,0.0,0.0,0.0,0.0,0.0,0.0,0.0,0.0,0.0,0.0,0.0,0.0,0.0,0.0,0.0,0.0,0.0,1.0,0.0,0.0,0.0,0.0,0.0,0.0,0.0,0.0,0.0,0.0,0.0,0.0,0.0,0.0,0.0,11.0,0.0,0.0,0.0,2.0,0.0,0.0,0.0,0.0,0.0,0.0,0.0,0.0,0.0,0.0,0.0,0.0,0.0,1.0,0.0,0.0,0.0,0.0,0.0,4.0,0.0,0.0,2.0,0.0,2.0,0.0,1.0,0.0,2.0,0.0,0.0,0.0,1.0,0.0,0.0,10.0,3.0,0.0,0.0,0.0,0.0,0.0,0.0,0.0,0.0,0.0,0.0,11.0,0.0,0.0,0.0,0.0,0.0,2.0,0.0,0.0,15.692307692307692,65.0,0.0,204.0,22.580908659693833,0.0,0.0,0.0,0.0,0.0,170.76923076923077,531.0,2.0,2220.0,149.86113230040328,13.153846153846153,23.0,0.0,171.0,7.581184536360989,3.4615384615384617,6.0,0.0,45.0,1.6641005886756874,2.8461538461538463,3.0,2.0,37.0,0.3755338080994054,824.0769230769231,1424.0,57.0,10713.0,450.96904208945085,508.53846153846155,1514.0,0.0,6611.0,450.4360138400377,2386.076923076923,6611.0,0.0,31019.0,2092.4084393165394,7.0,13.0,1.0,91.0,3.8944404818493075,17.0,18.0,16.0,221.0,0.4082482904638636
15.0,0.0,0.0,0.0,0.0,0.0,0.0,0.0,0.0,0.0,0.0,0.0,0.0,0.0,1.0,0.0,0.0,0.0,0.0,0.0,0.0,0.0,0.0,1.0,1.0,1.0,0.0,0.0,1.0,0.0,0.0,0.0,0.0,0.0,2.0,0.0,0.0,0.0,0.0,0.0,0.0,6.0,0.0,2.0,0.0,0.0,0.0,0.0,0.0,0.0,0.0,1.0,2.0,0.0,0.0,0.0,0.0,0.0,5.0,0.0,0.0,0.0,0.0,0.0,0.0,0.0,0.0,2.0,0.0,3.0,0.0,0.0,0.0,0.0,0.0,0.0,0.0,0.0,0.0,10.0,3.0,0.0,0.0,1.0,0.0,0.0,0.0,0.0,2.0,0.0,0.0,0.0,0.0,1.0,6.0,0.0,0.0,3.0,0.0,0.0,6.923076923076923,15.0,0.0,90.0,6.897602705065222,0.0,0.0,0.0,0.0,0.0,148.0,377.0,1.0,1924.0,139.3658255575352,14.076923076923077,23.0,7.0,183.0,4.645096670352844,4.3076923076923075,6.0,2.0,56.0,1.493575987611354,2.230769230769231,3.0,2.0,29.0,0.4385290096535146,886.3846153846154,1401.0,459.0,11523.0,276.2699580909762,1112.8461538461538,3994.0,0.0,14467.0,1507.1835127235304,4863.0,14467.0,0.0,63219.0,4629.415531864327,7.0,13.0,1.0,91.0,3.8944404818493075,22.307692307692307,26.0,17.0,290.0,3.400603264731502
200.0,0.0,0.0,0.0,0.0,0.0,0.0,0.0,1.0,0.0,0.0,0.0,0.0,0.0,0.0,0.0,0.0,0.0,0.0,0.0,0.0,0.0,0.0,1.0,1.0,0.0,0.0,0.0,1.0,0.0,1.0,0.0,0.0,0.0,0.0,0.0,0.0,0.0,0.0,6.0,2.0,0.0,0.0,1.0,0.0,0.0,0.0,0.0,1.0,0.0,0.0,0.0,1.0,0.0,0.0,0.0,0.0,1.0,0.0,0.0,0.0,0.0,0.0,0.0,0.0,1.0,0.0,0.0,2.0,2.0,0.0,0.0,2.0,0.0,0.0,0.0,4.0,0.0,0.0,10.0,3.0,0.0,0.0,0.0,0.0,0.0,0.0,0.0,0.0,0.0,0.0,7.0,2.0,1.0,0.0,0.0,1.0,2.0,0.0,0.0,76.92307692307692,200.0,0.0,1000.0,88.93955019980474,0.0,0.0,0.0,0.0,0.0,259.3076923076923,1054.0,1.0,3371.0,297.0323732680173,10.692307692307692,23.0,0.0,139.0,6.688106550494634,3.5384615384615383,6.0,0.0,46.0,2.2588855886396955,2.0,2.0,2.0,26.0,0.0,672.7692307692307,1388.0,7.0,8746.0,403.63270305360413,427.3076923076923,1264.0,0.0,5555.0,330.9958168455166,2826.3076923076924,5555.0,0.0,36742.0,2033.445572774422,7.0,13.0,1.0,91.0,3.8944404818493075,24.23076923076923,26.0,22.0,315.0,1.3634420996046577
200.0,0.0,0.0,0.0,0.0,0.0,0.0,0.0,1.0,0.0,0.0,0.0,0.0,0.0,0.0,0.0,0.0,0.0,0.0,0.0,0.0,0.0,0.0,1.0,0.0,0.0,0.0,0.0,1.0,0.0,0.0,0.0,0.0,0.0,0.0,0.0,0.0,0.0,0.0,0.0,11.0,0.0,0.0,0.0,0.0,0.0,1.0,0.0,0.0,0.0,0.0,0.0,1.0,0.0,0.0,0.0,0.0,1.0,0.0,0.0,0.0,0.0,0.0,0.0,0.0,0.0,0.0,0.0,2.0,1.0,0.0,2.0,3.0,0.0,0.0,0.0,3.0,0.0,0.0,10.0,3.0,0.0,0.0,0.0,0.0,0.0,0.0,0.0,0.0,0.0,0.0,0.0,11.0,1.0,0.0,0.0,0.0,1.0,0.0,0.0,42.46153846153846,176.0,0.0,552.0,62.979646691894814,0.0,0.0,0.0,0.0,0.0,416.6923076923077,912.0,16.0,5417.0,252.23579729272655,11.384615384615385,23.0,5.0,148.0,5.284229075567875,3.076923076923077,6.0,0.0,40.0,2.4651415936864716,2.0,2.0,2.0,26.0,0.0,721.0,1423.0,311.0,9373.0,321.1640287039216,556.6153846153846,2417.0,0.0,7236.0,711.2552915399574,3759.6923076923076,7236.0,0.0,48876.0,2444.5522215944916,7.0,13.0,1.0,91.0,3.8944404818493075,24.0,26.0,22.0,312.0,1.2909944487358034
305.0,0.0,0.0,0.0,0.0,0.0,0.0,0.0,0.0,0.0,0.0,0.0,0.0,0.0,0.0,0.0,1.0,0.0,0.0,0.0,0.0,0.0,0.0,1.0,0.0,0.0,0.0,0.0,0.0,0.0,0.0,0.0,0.0,0.0,0.0,0.0,0.0,0.0,11.0,0.0,0.0,0.0,0.0,2.0,0.0,0.0,0.0,0.0,0.0,0.0,0.0,0.0,0.0,0.0,0.0,0.0,0.0,4.0,0.0,0.0,0.0,0.0,0.0,0.0,0.0,0.0,0.0,0.0,2.0,2.0,0.0,1.0,0.0,0.0,0.0,0.0,4.0,0.0,0.0,10.0,3.0,0.0,0.0,0.0,0.0,0.0,0.0,0.0,0.0,0.0,11.0,0.0,0.0,0.0,0.0,0.0,0.0,2.0,0.0,0.0,14.615384615384615,39.0,0.0,190.0,13.949542773501344,0.0,0.0,0.0,0.0,0.0,386.2307692307692,774.0,24.0,5021.0,274.24810963983987,10.692307692307692,17.0,6.0,139.0,4.661627315730981,2.0,4.0,0.0,26.0,1.224744871391589,2.3076923076923075,3.0,2.0,30.0,0.48038446141526125,669.1538461538462,1067.0,377.0,8699.0,277.3273775864445,428.84615384615387,878.0,0.0,5575.0,347.49097018336226,2599.153846153846,5575.0,0.0,33789.0,1709.418168371617,7.0,13.0,1.0,91.0,3.8944404818493075,19.307692307692307,23.0,16.0,251.0,2.7804260879888973
