static__Work_Order_Qty,static__Part_Desc__Adjusting Nut,static__Part_Desc__Ballnut,static__Part_Desc__Barrel,static__Part_Desc__Bearing,static__Part_Desc__Cable Head,static__Part_Desc__Cast,static__Part_Desc__Clamp,static__Part_Desc__Compound Dies,static__Part_Desc__Cutting Wheel,static__Part_Desc__Drill,static__Part_Desc__Drum,static__Part_Desc__Electrical Contact,static__Part_Desc__Fastener,static__Part_Desc__Flange,static__Part_Desc__Flange Bolt,static__Part_Desc__Hinge,static__Part_Desc__Housing,static__Part_Desc__O-Ring,static__Part_Desc__Piston,static__Part_Desc__Plug,static__Part_Desc__Punch Holder,static__Part_Desc__Punch Plate,static__Part_Desc__Slip Ring Adapter,static__Part_Desc__Socket,static__Part_Desc__Spinner,static__Part_Desc__Spur Gear,static__Part_Desc__Wheel Shaft,static__Part_Desc__other,static__Rework_missing,agg__Activity_Final Inspection Q.C.,agg__Activity_Flat Grinding - Machine 11,agg__Activity_Grinding Rework - Machine 27,agg__Activity_Lapping - Machine 1,agg__Activity_Laser Marking - Machine 7,agg__Activity_Milling - Machine 16,agg__Activity_Packing,agg__Activity_Round Grinding - Machine 12,agg__Activity_Round Grinding - Machine 2,agg__Activity_Round Grinding - Machine 3,agg__Activity_Round Grinding - Manual,agg__Activity_Round Grinding - Q.C.,agg__Activity_Turn & Mill. & Screw Assem - Machine 10,agg__Activity_Turning & Milling - Machine 10,agg__Activity_Turning & Milling - Machine 4,agg__Activity_Turning & Milling - Machine 5,agg__Activity_Turning & Milling - Machine 6,agg__Activity_Turning & Milling - Machine 8,agg__Activity_Turning & Milling - Machine 9,agg__Activity_Turning & Milling Q.C.,agg__Activity_Turning - Machine 8,agg__Activity_Turning - Machine 9,agg__Activity_Turning Q.C.,agg__Activity_Wire Cut - Machine 13,agg__Activity_other,agg__Resource_ID0997,agg__Resource_ID0998,agg__Resource_ID3767,agg__Resource_ID3846,agg__Resource_ID4132,agg__Resource_ID4163,agg__Resource_ID4167,agg__Resource_ID4219,agg__Resource_ID4287,agg__Resource_ID4326,agg__Resource_ID4355,agg__Resource_ID4385,agg__Resource_ID4429,agg__Resource_ID4445,agg__Resource_ID4491,agg__Resource_ID4493,agg__Resource_ID4528,agg__Resource_ID4529,agg__Resource_ID4618,agg__Resource_ID4641,agg__Resource_ID4718,agg__Resource_ID4794,agg__Resource_ID4820,agg__Resource_ID4872,agg__Resource_ID4882,agg__Resource_ID4932,agg__Resource_other,agg__Report_Type_B,agg__Report_Type_D,agg__Report_Type_S,agg__Resource.1_Machine 1 - Lapping,agg__Resource.1_Machine 10 - Grinding,agg__Resource.1_Machine 11 - Grinding,agg__Resource.1_Machine 12 - Grinding,agg__Resource.1_Machine 15 - Turning,agg__Resource.1_Machine 16 - Milling,agg__Resource.1_Machine 2 - Round Grinding,agg__Resource.1_Machine 27 - Grinding,agg__Resource.1_Machine 3 - Round Grinding,agg__Resource.1_Machine 4 - Turning & Milling,agg__Resource.1_Machine 5 - Turning & Milling,agg__Resource.1_Machine 6 - Turning & Milling,agg__Resource.1_Machine 7- Laser Marking,agg__Resource.1_Machine 8 - Turning & Milling,agg__Resource.1_Machine 9 - Turning & Milling,agg__Resource.1_Packing,agg__Resource.1_Quality Check 1,agg__Resource.1_Wire Cut - Machine 13,agg__Resource.1_other,agg__Qty_Completed_mean,agg__Qty_Completed_max,agg__Qty_Completed_min,agg__Qty_Completed_sum,agg__Qty_Completed_std,agg__Qty_for_MRB_mean,agg__Qty_for_MRB_max,agg__Qty_for_MRB_min,agg__Qty_for_MRB_sum,agg__Qty_for_MRB_std,agg__activity_duration_mean,agg__activity_duration_max,agg__activity_duration_min,agg__activity_duration_sum,agg__activity_duration_std,agg__hour_mean,agg__hour_max,agg__hour_min,agg__hour_sum,agg__hour_std,agg__weekday_mean,agg__weekday_max,agg__weekday_min,agg__weekday_sum,agg__weekday_std,agg__month_mean,agg__month_max,agg__month_min,agg__month_sum,agg__month_std,agg__timesincemidnight_mean,agg__timesincemidnight_max,agg__timesincemidnight_min,agg__timesincemidnight_sum,agg__timesincemidnight_std,agg__timesincelastevent_mean,agg__timesincelastevent_max,agg__timesincelastevent_min,agg__timesincelastevent_sum,agg__timesincelastevent_std,agg__timesincecasestart_mean,agg__timesincecasestart_max,agg__timesincecasestart_min,agg__timesincecasestart_sum,agg__timesincecasestart_std,agg__event_nr_mean,agg__event_nr_max,agg__event_nr_min,agg__event_nr_sum,agg__event_nr_std,agg__open_cases_mean,agg__open_cases_max,agg__open_cases_min,agg__open_cases_sum,agg__open_cases_std
24.0,0.0,0.0,0.0,0.0,0.0,0.0,0.0,0.0,0.0,0.0,0.0,0.0,0.0,0.0,0.0,0.0,0.0,0.0,0.0,0.0,0.0,0.0,0.0,0.0,0.0,1.0,0.0,0.0,1.0,0.0,0.0,0.0,0.0,0.0,0.0,0.0,0.0,0.0,0.0,0.0,0.0,0.0,0.0,0.0,0.0,0.0,7.0,0.0,1.0,0.0,0.0,0.0,0.0,0.0,3.0,0.0,0.0,0.0,0.0,0.0,0.0,3.0,1.0,0.0,0.0,0.0,0.0,0.0,0.0,0.0,0.0,0.0,0.0,0.0,0.0,1.0,0.0,0.0,0.0,0.0,0.0,0.0,4.0,4.0,0.0,0.0,0.0,0.0,0.0,0.0,0.0,0.0,0.0,0.0,0.0,0.0,0.0,7.0,0.0,0.0,1.0,0.0,0.0,2.375,9.0,0.0,19.0,3.6620642110310255,0.0,0.0,0.0,0.0,0.0,165.0,269.0,50.0,1320.0,75.27853042439885,11.0,21.0,1.0,88.0,7.837638128197259,1.125,2.0,0.0,9.0,0.6408699444616557,2.0,2.0,2.0,16.0,0.0,686.375,1269.0,83.0,5491.0,468.66800235195427,235.25,723.0,0.0,1882.0,242.0222835077087,1037.375,1882.0,0.0,8299.0,644.1459323343253,4.5,8.0,1.0,36.0,2.449489742783178,21.25,24.0,17.0,170.0,2.434865792722759
52.0,1.0,0.0,0.0,0.0,0.0,0.0,0.0,0.0,0.0,0.0,0.0,0.0,0.0,0.0,0.0,0.0,0.0,0.0,0.0,0.0,0.0,0.0,0.0,0.0,0.0,0.0,0.0,0.0,1.0,0.0,0.0,0.0,0.0,0.0,0.0,0.0,0.0,0.0,0.0,0.0,0.0,0.0,0.0,0.0,0.0,0.0,6.0,0.0,2.0,0.0,0.0,0.0,0.0,0.0,3.0,0.0,0.0,0.0,0.0,0.0,0.0,3.0,0.0,0.0,0.0,0.0,0.0,0.0,0.0,0.0,0.0,0.0,2.0,0.0,0.0,0.0,0.0,0.0,0.0,0.0,0.0,1.0,4.0,3.0,0.0,0.0,0.0,0.0,0.0,0.0,0.0,0.0,0.0,0.0,0.0,0.0,0.0,6.0,0.0,0.0,2.0,0.0,0.0,2.75,14.0,0.0,22.0,5.338539126015656,0.0,0.0,0.0,0.0,0.0,209.0,491.0,34.0,1672.0,156.09429384647143,8.875,16.0,4.0,71.0,3.6030740843261686,3.625,6.0,1.0,29.0,1.407885953173359,3.0,3.0,3.0,24.0,0.0,563.75,998.0,275.0,4510.0,215.7907385805583,884.75,2738.0,0.0,7078.0,1152.6414075009254,3725.75,7078.0,0.0,29806.0,1979.4472352510074,4.5,8.0,1.0,36.0,2.449489742783178,19.125,21.0,17.0,153.0,1.1259916264596033
251.0,0.0,0.0,0.0,0.0,0.0,0.0,0.0,0.0,0.0,0.0,0.0,0.0,0.0,0.0,0.0,0.0,0.0,0.0,0.0,0.0,0.0,0.0,0.0,0.0,0.0,1.0,0.0,0.0,1.0,0.0,0.0,0.0,0.0,0.0,0.0,0.0,0.0,0.0,0.0,0.0,0.0,0.0,0.0,0.0,0.0,0.0,0.0,7.0,0.0,0.0,0.0,1.0,0.0,0.0,0.0,0.0,0.0,2.0,4.0,0.0,0.0,0.0,0.0,0.0,0.0,0.0,0.0,0.0,0.0,0.0,0.0,0.0,1.0,0.0,0.0,1.0,0.0,0.0,0.0,0.0,0.0,0.0,5.0,3.0,0.0,0.0,0.0,0.0,0.0,0.0,0.0,0.0,0.0,0.0,0.0,0.0,0.0,0.0,7.0,0.0,1.0,0.0,0.0,7.875,37.0,0.0,63.0,13.032240241581096,0.0,0.0,0.0,0.0,0.0,144.375,403.0,15.0,1155.0,136.0398444784258,14.375,23.0,6.0,115.0,6.4572771793867245,1.5,2.0,1.0,12.0,0.5345224838248488,1.0,1.0,1.0,8.0,0.0,884.875,1423.0,392.0,7079.0,388.62226886417983,247.375,631.0,0.0,1979.0,245.32540343679977,939.875,1979.0,0.0,7519.0,754.2101710682886,4.5,8.0,1.0,36.0,2.449489742783178,35.125,37.0,32.0,281.0,2.03100960115899
500.0,0.0,1.0,0.0,0.0,0.0,0.0,0.0,0.0,0.0,0.0,0.0,0.0,0.0,0.0,0.0,0.0,0.0,0.0,0.0,0.0,0.0,0.0,0.0,0.0,0.0,0.0,0.0,0.0,1.0,0.0,0.0,0.0,0.0,0.0,0.0,0.0,0.0,0.0,0.0,0.0,0.0,0.0,0.0,0.0,0.0,7.0,0.0,0.0,1.0,0.0,0.0,0.0,0.0,0.0,0.0,0.0,0.0,0.0,0.0,1.0,1.0,0.0,0.0,0.0,0.0,0.0,0.0,0.0,0.0,0.0,0.0,3.0,0.0,1.0,0.0,2.0,0.0,0.0,0.0,0.0,0.0,0.0,6.0,2.0,0.0,0.0,0.0,0.0,0.0,0.0,0.0,0.0,0.0,0.0,0.0,7.0,0.0,0.0,0.0,0.0,1.0,0.0,0.0,14.375,36.0,0.0,115.0,13.57452972087273,0.0,0.0,0.0,0.0,0.0,355.375,686.0,60.0,2843.0,217.56045957716805,8.5,15.0,0.0,68.0,4.840306956027833,4.0,6.0,3.0,32.0,1.3093073414159542,3.0,3.0,3.0,24.0,0.0,542.875,946.0,26.0,4343.0,293.72992332607663,541.375,2139.0,0.0,4331.0,698.0716167721312,1587.875,4331.0,0.0,12703.0,1691.7995860283552,4.5,8.0,1.0,36.0,2.449489742783178,16.875,17.0,16.0,135.0,0.3535533905932735
90.0,0.0,1.0,0.0,0.0,0.0,0.0,0.0,0.0,0.0,0.0,0.0,0.0,0.0,0.0,0.0,0.0,0.0,0.0,0.0,0.0,0.0,0.0,0.0,0.0,0.0,0.0,0.0,0.0,1.0,0.0,1.0,0.0,0.0,0.0,0.0,0.0,0.0,0.0,0.0,0.0,0.0,0.0,0.0,5.0,0.0,0.0,0.0,0.0,2.0,0.0,0.0,0.0,0.0,0.0,0.0,0.0,0.0,0.0,0.0,0.0,0.0,0.0,2.0,0.0,0.0,0.0,0.0,0.0,0.0,0.0,0.0,1.0,0.0,0.0,0.0,0.0,0.0,0.0,1.0,4.0,0.0,0.0,6.0,2.0,0.0,0.0,1.0,0.0,0.0,0.0,0.0,0.0,0.0,5.0,0.0,0.0,0.0,0.0,0.0,0.0,2.0,0.0,0.0,28.5,90.0,0.0,228.0,32.36841493978792,0.0,0.0,0.0,0.0,0.0,172.25,384.0,50.0,1378.0,141.9846571187988,11.375,16.0,6.0,91.0,3.4615231989895516,1.125,3.0,0.0,9.0,0.8345229603962802,3.0,3.0,3.0,24.0,0.0,715.375,961.0,389.0,5723.0,205.25519829853621,538.875,3004.0,0.0,4311.0,1035.0184867224077,1374.375,4311.0,0.0,10995.0,1256.9389049250906,4.5,8.0,1.0,36.0,2.449489742783178,20.0,21.0,19.0,160.0,0.9258200997725513
100.0,0.0,0.0,0.0,0.0,0.0,0.0,0.0,0.0,0.0,0.0,0.0,0.0,0.0,0.0,0.0,0.0,0.0,0.0,0.0,0.0,0.0,0.0,0.0,0.0,0.0,1.0,0.0,0.0,1.0,0.0,0.0,0.0,0.0,0.0,0.0,0.0,0.0,0.0,0.0,0.0,0.0,0.0,6.0,0.0,0.0,0.0,0.0,0.0,2.0,0.0,0.0,0.0,0.0,0.0,0.0,0.0,0.0,0.0,2.0,0.0,0.0,0.0,2.0,0.0,0.0,0.0,0.0,0.0,0.0,0.0,0.0,0.0,0.0,3.0,0.0,0.0,0.0,0.0,0.0,1.0,0.0,0.0,7.0,1.0,0.0,6.0,0.0,0.0,0.0,0.0,0.0,0.0,0.0,0.0,0.0,0.0,0.0,0.0,0.0,0.0,2.0,0.0,0.0,7.75,19.0,0.0,62.0,8.811518435709996,0.0,0.0,0.0,0.0,0.0,234.125,418.0,54.0,1873.0,150.57645186795597,13.25,23.0,6.0,106.0,6.71352579286239,1.25,6.0,0.0,10.0,2.052872551885702,1.0,1.0,1.0,8.0,0.0,829.875,1420.0,397.0,6639.0,401.3261721200991,427.25,1237.0,0.0,3418.0,389.48895087940923,1389.875,3418.0,0.0,11119.0,1085.859690686206,4.5,8.0,1.0,36.0,2.449489742783178,31.375,36.0,29.0,251.0,2.1339098923270936
12.0,0.0,0.0,0.0,0.0,0.0,0.0,0.0,0.0,0.0,0.0,0.0,0.0,0.0,0.0,0.0,0.0,0.0,0.0,0.0,1.0,0.0,0.0,0.0,0.0,0.0,0.0,0.0,0.0,1.0,0.0,0.0,0.0,0.0,1.0,0.0,0.0,0.0,0.0,0.0,0.0,0.0,0.0,0.0,0.0,4.0,0.0,0.0,0.0,2.0,0.0,0.0,0.0,0.0,1.0,0.0,2.0,0.0,0.0,0.0,1.0,0.0,0.0,0.0,0.0,0.0,0.0,4.0,0.0,0.0,1.0,0.0,0.0,0.0,0.0,0.0,0.0,0.0,0.0,0.0,0.0,0.0,0.0,6.0,2.0,0.0,0.0,0.0,0.0,0.0,0.0,0.0,0.0,0.0,0.0,4.0,0.0,1.0,0.0,0.0,0.0,2.0,0.0,1.0,7.5,12.0,0.0,60.0,5.68205194324324,0.0,0.0,0.0,0.0,0.0,163.25,321.0,60.0,1306.0,106.09800051973511,12.5,17.0,8.0,100.0,2.8284271247461903,2.25,6.0,0.0,18.0,2.49284690951645,3.0,3.0,3.0,24.0,0.0,788.875,1079.0,519.0,6311.0,180.85150775468492,534.5,2443.0,0.0,4276.0,847.2277480954323,2171.875,4276.0,0.0,17375.0,1751.694317551683,4.5,8.0,1.0,36.0,2.449489742783178,18.625,21.0,17.0,149.0,1.5059406173077146
290.0,0.0,1.0,0.0,0.0,0.0,0.0,0.0,0.0,0.0,0.0,0.0,0.0,0.0,0.0,0.0,0.0,0.0,0.0,0.0,0.0,0.0,0.0,0.0,0.0,0.0,0.0,0.0,0.0,1.0,0.0,0.0,0.0,0.0,0.0,0.0,0.0,0.0,0.0,0.0,0.0,0.0,0.0,0.0,0.0,0.0,7.0,0.0,0.0,1.0,0.0,0.0,0.0,0.0,0.0,0.0,0.0,0.0,0.0,0.0,0.0,1.0,0.0,0.0,0.0,0.0,0.0,0.0,0.0,0.0,0.0,0.0,3.0,1.0,0.0,0.0,3.0,0.0,0.0,0.0,0.0,0.0,0.0,6.0,2.0,0.0,0.0,0.0,0.0,0.0,0.0,0.0,0.0,0.0,0.0,0.0,7.0,0.0,0.0,0.0,0.0,1.0,0.0,0.0,20.375,61.0,0.0,163.0,24.686245447327835,0.0,0.0,0.0,0.0,0.0,260.375,634.0,45.0,2083.0,210.44099105042656,12.75,22.0,0.0,102.0,7.45941399460153,2.375,6.0,0.0,19.0,3.020761493398643,3.0,3.0,3.0,24.0,0.0,788.875,1374.0,12.0,6311.0,453.57325365212114,247.25,635.0,0.0,1978.0,236.68348364127866,954.875,1978.0,0.0,7639.0,793.0862748060354,4.5,8.0,1.0,36.0,2.449489742783178,18.625,20.0,18.0,149.0,0.7440238091428456
69.0,0.0,0.0,0.0,0.0,0.0,0.0,0.0,0.0,0.0,0.0,0.0,0.0,0.0,0.0,0.0,0.0,0.0,0.0,0.0,0.0,0.0,0.0,0.0,0.0,0.0,1.0,0.0,0.0,1.0,0.0,0.0,0.0,0.0,0.0,0.0,0.0,0.0,0.0,0.0,0.0,0.0,0.0,0.0,0.0,0.0,0.0,0.0,0.0,0.0,0.0,7.0,1.0,0.0,0.0,0.0,0.0,0.0,2.0,2.0,0.0,0.0,0.0,0.0,0.0,0.0,0.0,0.0,0.0,0.0,0.0,0.0,0.0,1.0,3.0,0.0,0.0,0.0,0.0,0.0,0.0,0.0,0.0,6.0,2.0,0.0,0.0,0.0,0.0,0.0,0.0,0.0,0.0,0.0,0.0,0.0,0.0,0.0,0.0,7.0,0.0,1.0,0.0,0.0,8.0,15.0,0.0,64.0,6.80336051416609,0.0,0.0,0.0,0.0,0.0,327.875,587.0,46.0,2623.0,184.46636356180028,12.75,21.0,6.0,102.0,5.548487567410986,4.0,6.0,3.0,32.0,1.3093073414159542,1.0,1.0,1.0,8.0,0.0,800.125,1319.0,378.0,6401.0,347.4521292823763,652.375,3067.0,0.0,5219.0,995.9176583146104,1820.125,5219.0,0.0,14561.0,2079.6902542377384,4.5,8.0,1.0,36.0,2.449489742783178,32.5,34.0,30.0,260.0,1.1952286093343936
48.0,0.0,1.0,0.0,0.0,0.0,0.0,0.0,0.0,0.0,0.0,0.0,0.0,0.0,0.0,0.0,0.0,0.0,0.0,0.0,0.0,0.0,0.0,0.0,0.0,0.0,0.0,0.0,0.0,1.0,0.0,0.0,0.0,0.0,2.0,0.0,0.0,0.0,0.0,0.0,0.0,0.0,0.0,0.0,0.0,0.0,0.0,3.0,0.0,2.0,1.0,0.0,0.0,0.0,0.0,4.0,1.0,0.0,0.0,0.0,0.0,0.0,0.0,0.0,0.0,0.0,0.0,0.0,0.0,0.0,0.0,0.0,0.0,2.0,0.0,0.0,0.0,0.0,0.0,1.0,0.0,0.0,0.0,7.0,1.0,0.0,0.0,0.0,0.0,1.0,0.0,0.0,0.0,0.0,0.0,0.0,0.0,2.0,3.0,0.0,0.0,2.0,0.0,0.0,18.0,48.0,0.0,144.0,17.992061741620546,0.0,0.0,0.0,0.0,0.0,119.625,391.0,21.0,957.0,139.19866327354893,12.0,17.0,8.0,96.0,2.9760952365713798,4.0,6.0,1.0,32.0,2.0701966780270626,1.0,1.0,1.0,8.0,0.0,753.375,1020.0,492.0,6027.0,178.95086117223832,699.25,2766.0,0.0,5594.0,1154.9130765065024,2557.375,5594.0,0.0,20459.0,2321.095919572723,4.5,8.0,1.0,36.0,2.449489742783178,23.875,29.0,21.0,191.0,3.4408263127170065
250.0,0.0,0.0,0.0,0.0,1.0,0.0,0.0,0.0,0.0,0.0,0.0,0.0,0.0,0.0,0.0,0.0,0.0,0.0,0.0,0.0,0.0,0.0,0.0,0.0,0.0,0.0,0.0,0.0,1.0,0.0,0.0,3.0,2.0,0.0,0.0,0.0,0.0,1.0,1.0,0.0,0.0,0.0,0.0,0.0,0.0,0.0,0.0,0.0,0.0,0.0,0.0,0.0,0.0,1.0,0.0,1.0,0.0,0.0,0.0,0.0,0.0,0.0,0.0,0.0,2.0,0.0,0.0,1.0,0.0,0.0,0.0,0.0,0.0,0.0,0.0,0.0,0.0,3.0,1.0,0.0,0.0,0.0,7.0,1.0,2.0,0.0,0.0,0.0,0.0,0.0,2.0,3.0,1.0,0.0,0.0,0.0,0.0,0.0,0.0,0.0,0.0,0.0,0.0,6.625,31.0,0.0,53.0,12.500714265307288,0.0,0.0,0.0,0.0,0.0,251.625,427.0,56.0,2013.0,131.40443295414352,13.5,23.0,4.0,108.0,5.554920598635309,2.5,6.0,0.0,20.0,2.9760952365713798,1.0,1.0,1.0,8.0,0.0,842.0,1427.0,290.0,6736.0,333.0010724993454,2601.625,13727.0,0.0,20813.0,4811.713414381914,14232.0,20813.0,0.0,113856.0,8914.162631934165,4.5,8.0,1.0,36.0,2.449489742783178,23.0,31.0,1.0,184.0,12.705454396776663
100.0,0.0,0.0,0.0,0.0,0.0,0.0,1.0,0.0,0.0,0.0,0.0,0.0,0.0,0.0,0.0,0.0,0.0,0.0,0.0,0.0,0.0,0.0,0.0,0.0,0.0,0.0,0.0,0.0,1.0,0.0,0.0,0.0,0.0,0.0,0.0,0.0,0.0,0.0,0.0,0.0,0.0,0.0,0.0,0.0,0.0,0.0,0.0,0.0,0.0,8.0,0.0,0.0,0.0,0.0,0.0,0.0,0.0,0.0,0.0,0.0,0.0,6.0,0.0,0.0,0.0,0.0,0.0,0.0,0.0,0.0,0.0,0.0,0.0,0.0,0.0,0.0,0.0,0.0,0.0,0.0,2.0,1.0,5.0,2.0,0.0,0.0,0.0,0.0,8.0,0.0,0.0,0.0,0.0,0.0,0.0,0.0,0.0,0.0,0.0,0.0,0.0,0.0,0.0,6.25,24.0,0.0,50.0,9.924716620639604,0.0,0.0,0.0,0.0,0.0,171.75,527.0,14.0,1374.0,192.79356094760308,12.75,23.0,0.0,102.0,9.483067616998808,2.25,6.0,0.0,18.0,3.1052950170405937,2.0,2.0,2.0,16.0,0.0,799.5,1387.0,29.0,6396.0,560.9280575210031,149.125,527.0,0.0,1193.0,193.44355950583034,456.5,1193.0,0.0,3652.0,474.5045536436625,4.5,8.0,1.0,36.0,2.449489742783178,23.0,24.0,22.0,184.0,0.5345224838248477
17.0,0.0,0.0,0.0,0.0,1.0,0.0,0.0,0.0,0.0,0.0,0.0,0.0,0.0,0.0,0.0,0.0,0.0,0.0,0.0,0.0,0.0,0.0,0.0,0.0,0.0,0.0,0.0,0.0,1.0,1.0,0.0,1.0,0.0,1.0,0.0,2.0,0.0,0.0,0.0,0.0,0.0,0.0,1.0,0.0,0.0,0.0,0.0,0.0,2.0,0.0,0.0,0.0,0.0,0.0,0.0,1.0,0.0,0.0,1.0,0.0,0.0,0.0,3.0,0.0,0.0,0.0,0.0,0.0,0.0,0.0,1.0,0.0,0.0,0.0,0.0,0.0,2.0,0.0,0.0,0.0,0.0,0.0,8.0,0.0,0.0,1.0,0.0,0.0,0.0,0.0,0.0,1.0,0.0,0.0,0.0,0.0,1.0,0.0,0.0,2.0,3.0,0.0,0.0,3.25,7.0,0.0,26.0,3.1052950170405937,0.0,0.0,0.0,0.0,0.0,88.875,190.0,43.0,711.0,49.64570906504839,8.625,18.0,1.0,69.0,6.738747234146291,3.375,6.0,1.0,27.0,1.7677669529663689,1.0,1.0,1.0,8.0,0.0,536.25,1111.0,60.0,4290.0,417.23023791256,992.75,4114.0,0.0,7942.0,1498.5716771074287,3881.25,7942.0,0.0,31050.0,2704.3860539078787,4.5,8.0,1.0,36.0,2.449489742783178,20.125,22.0,16.0,161.0,1.8850918886280927
200.0,0.0,0.0,0.0,0.0,1.0,0.0,0.0,0.0,0.0,0.0,0.0,0.0,0.0,0.0,0.0,0.0,0.0,0.0,0.0,0.0,0.0,0.0,0.0,0.0,0.0,0.0,0.0,0.0,1.0,0.0,0.0,0.0,1.0,0.0,0.0,0.0,0.0,0.0,7.0,0.0,0.0,0.0,0.0,0.0,0.0,0.0,0.0,0.0,0.0,0.0,0.0,0.0,0.0,0.0,0.0,0.0,0.0,0.0,0.0,0.0,0.0,0.0,0.0,0.0,2.0,3.0,0.0,2.0,0.0,0.0,0.0,0.0,0.0,0.0,0.0,0.0,0.0,0.0,1.0,0.0,0.0,0.0,6.0,2.0,1.0,0.0,0.0,0.0,0.0,0.0,0.0,0.0,7.0,0.0,0.0,0.0,0.0,0.0,0.0,0.0,0.0,0.0,0.0,16.0,37.0,0.0,128.0,15.023790657297038,0.0,0.0,0.0,0.0,0.0,379.875,647.0,140.0,3039.0,230.88614231756247,13.125,20.0,6.0,105.0,5.488624600025037,1.75,3.0,0.0,14.0,1.0350983390135313,1.0,1.0,1.0,8.0,0.0,830.375,1204.0,404.0,6643.0,326.017938814065,1847.625,11899.0,0.0,14781.0,4067.825109932825,11600.375,14781.0,0.0,92803.0,4787.714842251394,4.5,8.0,1.0,36.0,2.449489742783178,26.25,30.0,3.0,210.0,9.40744386111339
350.0,0.0,0.0,0.0,0.0,0.0,0.0,0.0,0.0,0.0,0.0,0.0,0.0,0.0,0.0,0.0,0.0,0.0,0.0,0.0,0.0,1.0,0.0,0.0,0.0,0.0,0.0,0.0,0.0,1.0,0.0,0.0,0.0,3.0,1.0,0.0,0.0,0.0,0.0,2.0,0.0,0.0,0.0,0.0,0.0,0.0,0.0,0.0,0.0,1.0,0.0,0.0,0.0,1.0,0.0,0.0,2.0,1.0,0.0,0.0,0.0,0.0,0.0,0.0,0.0,0.0,0.0,0.0,2.0,0.0,0.0,0.0,0.0,1.0,0.0,0.0,0.0,0.0,0.0,2.0,0.0,0.0,0.0,7.0,1.0,3.0,0.0,0.0,0.0,0.0,0.0,0.0,0.0,2.0,0.0,0.0,0.0,1.0,0.0,0.0,0.0,1.0,1.0,0.0,45.5,144.0,0.0,364.0,61.93545026880809,0.0,0.0,0.0,0.0,0.0,131.75,360.0,4.0,1054.0,113.89312032402509,14.25,17.0,11.0,114.0,2.2519832529192065,1.375,6.0,0.0,11.0,2.065879266282796,1.25,2.0,1.0,10.0,0.4629100498862757,875.625,1079.0,682.0,7005.0,135.4294096568393,5438.625,21262.0,0.0,43509.0,8758.560823356116,18465.625,43509.0,0.0,147725.0,20756.19283792189,4.5,8.0,1.0,36.0,2.449489742783178,19.5,32.0,6.0,156.0,13.136644494368744
557.0,0.0,0.0,0.0,0.0,1.0,0.0,0.0,0.0,0.0,0.0,0.0,0.0,0.0,0.0,0.0,0.0,0.0,0.0,0.0,0.0,0.0,0.0,0.0,0.0,0.0,0.0,0.0,0.0,1.0,0.0,0.0,0.0,0.0,0.0,0.0,0.0,0.0,0.0,0.0,0.0,0.0,0.0,0.0,2.0,6.0,0.0,0.0,0.0,0.0,0.0,0.0,0.0,0.0,0.0,0.0,0.0,0.0,0.0,0.0,0.0,1.0,0.0,0.0,0.0,0.0,0.0,2.0,0.0,0.0,0.0,0.0,0.0,0.0,0.0,0.0,0.0,0.0,0.0,0.0,5.0,0.0,1.0,3.0,4.0,0.0,0.0,0.0,0.0,0.0,0.0,0.0,0.0,0.0,2.0,6.0,0.0,0.0,0.0,0.0,0.0,0.0,0.0,0.0,12.5,80.0,0.0,100.0,27.47986275698729,0.0,0.0,0.0,0.0,0.0,217.25,634.0,16.0,1738.0,242.93429446780755,9.375,20.0,5.0,75.0,5.804862493757158,2.5,3.0,2.0,20.0,0.5345224838248487,1.0,1.0,1.0,8.0,0.0,595.125,1212.0,331.0,4761.0,340.6017521555469,269.75,688.0,0.0,2158.0,276.58310556813535,984.125,2158.0,0.0,7873.0,820.5422314368886,4.5,8.0,1.0,36.0,2.449489742783178,36.0,37.0,35.0,288.0,0.5345224838248496
200.0,0.0,0.0,0.0,0.0,0.0,0.0,0.0,0.0,0.0,0.0,0.0,0.0,0.0,0.0,0.0,0.0,0.0,0.0,1.0,0.0,0.0,0.0,0.0,0.0,0.0,0.0,0.0,0.0,1.0,0.0,0.0,0.0,0.0,0.0,0.0,0.0,0.0,0.0,0.0,0.0,0.0,0.0,0.0,0.0,0.0,0.0,0.0,4.0,3.0,0.0,0.0,0.0,0.0,1.0,0.0,0.0,0.0,0.0,3.0,0.0,0.0,0.0,3.0,0.0,0.0,0.0,0.0,0.0,0.0,0.0,0.0,0.0,0.0,1.0,0.0,0.0,0.0,0.0,0.0,0.0,1.0,0.0,6.0,2.0,0.0,0.0,0.0,0.0,0.0,0.0,0.0,0.0,0.0,0.0,0.0,0.0,0.0,0.0,4.0,0.0,3.0,0.0,1.0,1.0,7.0,0.0,8.0,2.449489742783178,0.0,0.0,0.0,0.0,0.0,158.625,423.0,3.0,1269.0,155.16529205058345,12.0,20.0,8.0,96.0,4.503966505838414,2.0,3.0,1.0,16.0,0.5345224838248488,1.75,2.0,1.0,14.0,0.4629100498862757,746.25,1217.0,520.0,5970.0,265.981605164181,5210.0,39188.0,0.0,41680.0,13733.814941855844,30386.25,41680.0,0.0,243090.0,18746.058265672815,4.5,8.0,1.0,36.0,2.449489742783178,33.75,36.0,31.0,270.0,1.8322507626258109
40.0,0.0,0.0,0.0,0.0,0.0,0.0,0.0,0.0,0.0,0.0,0.0,0.0,0.0,0.0,0.0,0.0,0.0,0.0,0.0,0.0,0.0,0.0,0.0,1.0,0.0,0.0,0.0,0.0,1.0,0.0,0.0,0.0,0.0,0.0,0.0,0.0,0.0,0.0,0.0,0.0,0.0,0.0,5.0,0.0,0.0,0.0,0.0,0.0,3.0,0.0,0.0,0.0,0.0,0.0,0.0,0.0,0.0,1.0,3.0,0.0,0.0,0.0,3.0,0.0,0.0,0.0,0.0,0.0,0.0,0.0,0.0,0.0,0.0,1.0,0.0,0.0,0.0,0.0,0.0,0.0,0.0,0.0,4.0,4.0,0.0,5.0,0.0,0.0,0.0,0.0,0.0,0.0,0.0,0.0,0.0,0.0,0.0,0.0,0.0,0.0,3.0,0.0,0.0,6.875,37.0,0.0,55.0,12.60881211126341,0.0,0.0,0.0,0.0,0.0,316.875,637.0,40.0,2535.0,245.8387610377408,13.125,17.0,6.0,105.0,3.8706773124535787,2.875,4.0,1.0,23.0,1.1259916264596033,1.0,1.0,1.0,8.0,0.0,829.125,1072.0,388.0,6633.0,235.6058679235303,554.25,1774.0,0.0,4434.0,672.60617855367,2875.125,4434.0,0.0,23001.0,1556.9700829770989,4.5,8.0,1.0,36.0,2.449489742783178,29.625,30.0,29.0,237.0,0.5175491695067659
80.0,0.0,0.0,0.0,0.0,0.0,0.0,0.0,0.0,0.0,0.0,0.0,0.0,0.0,0.0,0.0,0.0,0.0,0.0,0.0,0.0,0.0,0.0,1.0,0.0,0.0,0.0,0.0,0.0,1.0,0.0,3.0,0.0,2.0,0.0,0.0,0.0,0.0,2.0,0.0,0.0,0.0,0.0,0.0,0.0,0.0,0.0,0.0,0.0,1.0,0.0,0.0,0.0,0.0,0.0,0.0,2.0,0.0,0.0,0.0,0.0,0.0,0.0,1.0,0.0,1.0,1.0,0.0,0.0,0.0,0.0,0.0,0.0,0.0,0.0,0.0,0.0,0.0,0.0,3.0,0.0,0.0,0.0,6.0,2.0,2.0,0.0,3.0,0.0,0.0,0.0,2.0,0.0,0.0,0.0,0.0,0.0,0.0,0.0,0.0,0.0,1.0,0.0,0.0,30.0,80.0,0.0,240.0,32.25346050094027,0.0,0.0,0.0,0.0,0.0,140.75,265.0,43.0,1126.0,80.99691352144228,12.5,23.0,1.0,100.0,6.718843437888484,4.0,6.0,0.0,32.0,2.449489742783178,1.875,2.0,1.0,15.0,0.3535533905932738,782.25,1430.0,75.0,6258.0,410.1636433007127,1760.875,6370.0,0.0,14087.0,2529.4724711178133,7977.25,14087.0,0.0,63818.0,4404.864186328564,4.5,8.0,1.0,36.0,2.449489742783178,33.125,35.0,31.0,265.0,1.4577379737113259
180.0,0.0,0.0,0.0,0.0,1.0,0.0,0.0,0.0,0.0,0.0,0.0,0.0,0.0,0.0,0.0,0.0,0.0,0.0,0.0,0.0,0.0,0.0,0.0,0.0,0.0,0.0,0.0,0.0,1.0,0.0,0.0,0.0,5.0,0.0,0.0,0.0,0.0,3.0,0.0,0.0,0.0,0.0,0.0,0.0,0.0,0.0,0.0,0.0,0.0,0.0,0.0,0.0,0.0,0.0,0.0,2.0,0.0,0.0,0.0,0.0,0.0,0.0,0.0,0.0,0.0,0.0,0.0,3.0,0.0,0.0,0.0,0.0,0.0,0.0,0.0,0.0,0.0,0.0,3.0,0.0,0.0,0.0,6.0,2.0,5.0,0.0,0.0,0.0,0.0,0.0,3.0,0.0,0.0,0.0,0.0,0.0,0.0,0.0,0.0,0.0,0.0,0.0,0.0,5.625,36.0,0.0,45.0,12.670973578560229,0.0,0.0,0.0,0.0,0.0,136.125,266.0,8.0,1089.0,90.79873740468925,14.375,22.0,1.0,115.0,6.1164298643664905,1.0,1.0,1.0,8.0,0.0,1.0,1.0,1.0,8.0,0.0,892.0,1337.0,75.0,7136.0,369.7126297158762,157.75,695.0,0.0,1262.0,233.35487995754448,817.0,1262.0,0.0,6536.0,369.7126297158762,4.5,8.0,1.0,36.0,2.449489742783178,16.375,18.0,14.0,131.0,1.4078859531733592
33.0,0.0,0.0,0.0,0.0,1.0,0.0,0.0,0.0,0.0,0.0,0.0,0.0,0.0,0.0,0.0,0.0,0.0,0.0,0.0,0.0,0.0,0.0,0.0,0.0,0.0,0.0,0.0,0.0,1.0,0.0,0.0,0.0,2.0,1.0,0.0,0.0,0.0,0.0,1.0,0.0,0.0,0.0,0.0,1.0,1.0,0.0,0.0,0.0,2.0,0.0,0.0,0.0,0.0,0.0,0.0,1.0,0.0,0.0,0.0,2.0,1.0,0.0,0.0,0.0,0.0,1.0,0.0,0.0,0.0,0.0,0.0,0.0,0.0,0.0,0.0,0.0,0.0,0.0,2.0,1.0,0.0,0.0,5.0,3.0,2.0,0.0,0.0,0.0,0.0,0.0,0.0,0.0,1.0,1.0,1.0,0.0,1.0,0.0,0.0,0.0,2.0,0.0,0.0,16.25,33.0,0.0,130.0,17.119329092328023,0.0,0.0,0.0,0.0,0.0,170.125,650.0,38.0,1361.0,212.52861151921573,11.75,18.0,1.0,94.0,5.897941529526576,0.625,2.0,0.0,5.0,0.7440238091428449,1.5,2.0,1.0,12.0,0.5345224838248488,724.75,1085.0,75.0,5798.0,351.14333662643077,3936.25,26876.0,0.0,31490.0,9279.050378598633,11994.75,31490.0,0.0,95958.0,15233.839359887485,4.5,8.0,1.0,36.0,2.449489742783178,30.5,33.0,25.0,244.0,2.9277002188455987
20.0,0.0,0.0,0.0,0.0,0.0,0.0,0.0,0.0,0.0,0.0,0.0,0.0,0.0,0.0,0.0,0.0,0.0,0.0,0.0,0.0,0.0,0.0,0.0,0.0,0.0,0.0,1.0,0.0,1.0,0.0,0.0,0.0,0.0,0.0,0.0,0.0,0.0,0.0,0.0,0.0,1.0,0.0,0.0,0.0,0.0,0.0,0.0,0.0,1.0,6.0,0.0,0.0,0.0,0.0,0.0,0.0,0.0,0.0,0.0,0.0,0.0,6.0,0.0,0.0,0.0,0.0,0.0,0.0,0.0,2.0,0.0,0.0,0.0,0.0,0.0,0.0,0.0,0.0,0.0,0.0,0.0,1.0,5.0,2.0,0.0,0.0,0.0,0.0,6.0,0.0,0.0,0.0,0.0,0.0,0.0,0.0,0.0,0.0,0.0,0.0,2.0,0.0,0.0,3.75,13.0,0.0,30.0,5.750776345105813,0.0,0.0,0.0,0.0,0.0,118.25,279.0,1.0,946.0,107.28699828031354,9.875,17.0,1.0,79.0,6.2891630149465385,3.0,4.0,2.0,24.0,0.7559289460184544,1.0,1.0,1.0,8.0,0.0,619.0,1062.0,75.0,4952.0,389.9816845516136,445.625,1976.0,0.0,3565.0,679.283012237378,1984.0,3565.0,0.0,15872.0,1336.2099920510784,4.5,8.0,1.0,36.0,2.449489742783178,19.625,21.0,17.0,157.0,1.7677669529663682
21.0,0.0,0.0,0.0,0.0,0.0,0.0,0.0,0.0,1.0,0.0,0.0,0.0,0.0,0.0,0.0,0.0,0.0,0.0,0.0,0.0,0.0,0.0,0.0,0.0,0.0,0.0,0.0,0.0,1.0,2.0,0.0,0.0,1.0,1.0,0.0,1.0,0.0,0.0,0.0,2.0,0.0,0.0,0.0,0.0,0.0,0.0,0.0,0.0,1.0,0.0,0.0,0.0,0.0,0.0,0.0,2.0,0.0,0.0,0.0,0.0,0.0,0.0,0.0,0.0,0.0,0.0,0.0,0.0,0.0,0.0,0.0,0.0,3.0,0.0,0.0,0.0,0.0,2.0,0.0,0.0,1.0,0.0,7.0,1.0,1.0,0.0,0.0,0.0,0.0,0.0,0.0,2.0,0.0,0.0,0.0,0.0,1.0,0.0,0.0,1.0,3.0,0.0,0.0,9.0,21.0,0.0,72.0,8.734169352933014,0.0,0.0,0.0,0.0,0.0,128.25,436.0,5.0,1026.0,154.33521031461726,9.75,15.0,1.0,78.0,4.527692569068709,2.75,6.0,0.0,22.0,2.5495097567963922,1.0,1.0,1.0,8.0,0.0,615.875,948.0,60.0,4927.0,281.7625329954286,2594.125,14267.0,0.0,20753.0,4789.111711178061,11408.875,20753.0,0.0,91271.0,8995.795294588625,4.5,8.0,1.0,36.0,2.449489742783178,31.5,36.0,23.0,252.0,4.342481186734476
125.0,0.0,0.0,0.0,0.0,0.0,0.0,0.0,0.0,0.0,0.0,0.0,0.0,0.0,1.0,0.0,0.0,0.0,0.0,0.0,0.0,0.0,0.0,0.0,0.0,0.0,0.0,0.0,0.0,1.0,0.0,0.0,0.0,0.0,0.0,0.0,0.0,0.0,0.0,0.0,0.0,0.0,0.0,0.0,0.0,0.0,8.0,0.0,0.0,0.0,0.0,0.0,0.0,0.0,0.0,0.0,0.0,0.0,0.0,0.0,0.0,0.0,0.0,0.0,0.0,0.0,0.0,3.0,0.0,0.0,0.0,0.0,4.0,0.0,0.0,0.0,1.0,0.0,0.0,0.0,0.0,0.0,0.0,2.0,6.0,0.0,0.0,0.0,0.0,0.0,0.0,0.0,0.0,0.0,0.0,0.0,8.0,0.0,0.0,0.0,0.0,0.0,0.0,0.0,2.125,11.0,0.0,17.0,3.833592123769634,0.0,0.0,0.0,0.0,0.0,223.0,539.0,75.0,1784.0,173.27270001771362,4.375,15.0,1.0,35.0,4.926241685388278,1.0,2.0,0.0,8.0,0.7559289460184544,1.0,1.0,1.0,8.0,0.0,279.25,959.0,60.0,2234.0,311.0377790558568,358.125,1095.0,0.0,2865.0,371.0196134592194,1644.25,2880.0,0.0,13154.0,1064.6804684974738,4.5,8.0,1.0,36.0,2.449489742783178,29.625,31.0,28.0,237.0,1.0606601717798205
13.0,0.0,0.0,0.0,0.0,1.0,0.0,0.0,0.0,0.0,0.0,0.0,0.0,0.0,0.0,0.0,0.0,0.0,0.0,0.0,0.0,0.0,0.0,0.0,0.0,0.0,0.0,0.0,0.0,1.0,0.0,0.0,0.0,0.0,0.0,0.0,0.0,0.0,0.0,0.0,0.0,0.0,0.0,8.0,0.0,0.0,0.0,0.0,0.0,0.0,0.0,0.0,0.0,0.0,0.0,0.0,0.0,0.0,2.0,2.0,0.0,0.0,0.0,0.0,0.0,0.0,0.0,0.0,0.0,0.0,0.0,0.0,0.0,0.0,4.0,0.0,0.0,0.0,0.0,0.0,0.0,0.0,0.0,4.0,4.0,0.0,8.0,0.0,0.0,0.0,0.0,0.0,0.0,0.0,0.0,0.0,0.0,0.0,0.0,0.0,0.0,0.0,0.0,0.0,1.625,6.0,0.0,13.0,1.9955307206712847,0.0,0.0,0.0,0.0,0.0,334.375,596.0,86.0,2675.0,181.3173520181043,11.5,22.0,2.0,92.0,6.782329983125268,0.75,2.0,0.0,6.0,0.8864052604279182,1.0,1.0,1.0,8.0,0.0,729.5,1354.0,139.0,5836.0,410.65626919428786,1031.625,5985.0,0.0,8253.0,2016.3216110744124,5532.5,8253.0,0.0,44260.0,3353.8035976229394,4.5,8.0,1.0,36.0,2.449489742783178,26.875,30.0,20.0,215.0,4.051013982414069
168.0,0.0,1.0,0.0,0.0,0.0,0.0,0.0,0.0,0.0,0.0,0.0,0.0,0.0,0.0,0.0,0.0,0.0,0.0,0.0,0.0,0.0,0.0,0.0,0.0,0.0,0.0,0.0,0.0,1.0,0.0,0.0,0.0,0.0,1.0,0.0,0.0,0.0,0.0,0.0,0.0,0.0,0.0,0.0,0.0,0.0,6.0,0.0,0.0,1.0,0.0,0.0,0.0,0.0,0.0,2.0,1.0,0.0,0.0,0.0,0.0,0.0,0.0,0.0,0.0,0.0,0.0,1.0,0.0,0.0,0.0,0.0,1.0,1.0,0.0,0.0,2.0,0.0,0.0,0.0,0.0,0.0,1.0,5.0,2.0,0.0,0.0,0.0,0.0,0.0,0.0,0.0,0.0,0.0,0.0,0.0,6.0,1.0,0.0,0.0,0.0,1.0,0.0,0.0,63.0,168.0,0.0,504.0,70.84187623553902,0.0,0.0,0.0,0.0,0.0,246.875,640.0,9.0,1975.0,208.5414912467746,11.25,19.0,6.0,90.0,4.773438413315321,1.5,4.0,0.0,12.0,1.1952286093343936,2.0,2.0,2.0,16.0,0.0,713.875,1193.0,400.0,5711.0,292.7194841970234,1124.625,4590.0,0.0,8997.0,1639.0580864369285,2293.875,8997.0,0.0,18351.0,3036.9136794496762,4.5,8.0,1.0,36.0,2.449489742783178,29.0,33.0,27.0,232.0,1.8516401995451028
170.0,0.0,0.0,0.0,0.0,0.0,0.0,0.0,0.0,0.0,0.0,0.0,0.0,0.0,0.0,0.0,0.0,0.0,0.0,0.0,0.0,0.0,1.0,0.0,0.0,0.0,0.0,0.0,0.0,1.0,0.0,0.0,0.0,0.0,0.0,0.0,0.0,0.0,0.0,0.0,0.0,0.0,0.0,0.0,7.0,0.0,0.0,0.0,0.0,1.0,0.0,0.0,0.0,0.0,0.0,0.0,0.0,0.0,0.0,0.0,0.0,2.0,0.0,0.0,0.0,0.0,0.0,1.0,0.0,0.0,0.0,0.0,1.0,1.0,0.0,0.0,3.0,0.0,0.0,0.0,0.0,0.0,0.0,6.0,2.0,0.0,0.0,0.0,0.0,0.0,0.0,0.0,0.0,0.0,7.0,0.0,0.0,0.0,0.0,0.0,0.0,1.0,0.0,0.0,12.375,39.0,0.0,99.0,13.616560295673583,0.0,0.0,0.0,0.0,0.0,198.125,537.0,47.0,1585.0,170.46024882233226,13.25,22.0,2.0,106.0,6.777062153217383,3.0,6.0,0.0,24.0,3.2071349029490928,1.0,1.0,1.0,8.0,0.0,823.0,1344.0,154.0,6584.0,403.36442225716576,208.25,708.0,0.0,1666.0,236.06642527656732,697.0,1666.0,0.0,5576.0,652.0692338350934,4.5,8.0,1.0,36.0,2.449489742783178,29.25,31.0,28.0,234.0,1.2817398889233114
85.0,0.0,0.0,0.0,0.0,0.0,0.0,0.0,0.0,0.0,0.0,0.0,0.0,0.0,0.0,0.0,0.0,0.0,0.0,0.0,0.0,0.0,0.0,0.0,0.0,0.0,1.0,0.0,0.0,1.0,0.0,0.0,0.0,0.0,0.0,0.0,0.0,0.0,0.0,0.0,0.0,0.0,0.0,0.0,0.0,0.0,7.0,0.0,0.0,1.0,0.0,0.0,0.0,0.0,0.0,0.0,0.0,0.0,0.0,0.0,0.0,0.0,0.0,0.0,0.0,0.0,0.0,0.0,0.0,0.0,0.0,0.0,3.0,1.0,0.0,0.0,4.0,0.0,0.0,0.0,0.0,0.0,0.0,7.0,1.0,0.0,0.0,0.0,0.0,0.0,0.0,0.0,0.0,0.0,0.0,0.0,7.0,0.0,0.0,0.0,0.0,1.0,0.0,0.0,10.625,22.0,0.0,85.0,9.226321043622967,0.0,0.0,0.0,0.0,0.0,355.625,619.0,41.0,2845.0,229.37862492269974,11.0,21.0,0.0,88.0,7.211102550927978,2.375,4.0,1.0,19.0,1.0606601717798212,1.0,1.0,1.0,8.0,0.0,676.25,1265.0,0.0,5410.0,427.5938493477192,420.0,897.0,0.0,3360.0,292.2024738332749,1696.25,3360.0,0.0,13570.0,1237.57917495638,4.5,8.0,1.0,36.0,2.449489742783178,19.375,22.0,16.0,155.0,2.1998376563477864
84.0,0.0,0.0,0.0,0.0,0.0,0.0,0.0,0.0,0.0,0.0,0.0,0.0,0.0,0.0,0.0,0.0,0.0,0.0,0.0,0.0,0.0,0.0,0.0,0.0,0.0,1.0,0.0,0.0,1.0,2.0,0.0,0.0,2.0,2.0,0.0,1.0,0.0,0.0,0.0,0.0,0.0,0.0,0.0,0.0,0.0,0.0,0.0,0.0,1.0,0.0,0.0,0.0,0.0,0.0,0.0,1.0,0.0,0.0,0.0,0.0,0.0,0.0,0.0,0.0,1.0,0.0,0.0,1.0,0.0,0.0,0.0,0.0,3.0,0.0,0.0,0.0,1.0,0.0,1.0,0.0,0.0,0.0,8.0,0.0,2.0,0.0,0.0,0.0,0.0,0.0,0.0,0.0,0.0,0.0,0.0,0.0,2.0,0.0,0.0,1.0,3.0,0.0,0.0,31.625,81.0,0.0,253.0,35.26608042540918,0.0,0.0,0.0,0.0,0.0,144.625,457.0,18.0,1157.0,170.44390572854167,12.875,20.0,1.0,103.0,7.698562017861332,3.75,6.0,0.0,30.0,2.712405363721075,1.0,1.0,1.0,8.0,0.0,788.125,1250.0,60.0,6305.0,468.87812534663146,887.0,2793.0,0.0,7096.0,1194.578706370696,2946.125,9238.0,0.0,23569.0,3557.1289963155077,4.5,8.0,1.0,36.0,2.449489742783178,27.125,30.0,22.0,217.0,2.850438562747845
108.0,0.0,1.0,0.0,0.0,0.0,0.0,0.0,0.0,0.0,0.0,0.0,0.0,0.0,0.0,0.0,0.0,0.0,0.0,0.0,0.0,0.0,0.0,0.0,0.0,0.0,0.0,0.0,0.0,1.0,0.0,0.0,0.0,2.0,1.0,0.0,0.0,0.0,0.0,0.0,0.0,0.0,0.0,0.0,0.0,0.0,0.0,3.0,0.0,2.0,0.0,0.0,0.0,0.0,0.0,2.0,3.0,0.0,0.0,0.0,0.0,0.0,0.0,0.0,0.0,0.0,0.0,0.0,1.0,0.0,0.0,0.0,0.0,2.0,0.0,0.0,0.0,0.0,0.0,0.0,0.0,0.0,0.0,7.0,1.0,2.0,0.0,0.0,0.0,0.0,0.0,0.0,0.0,0.0,0.0,0.0,0.0,1.0,3.0,0.0,0.0,2.0,0.0,0.0,53.0,108.0,0.0,424.0,48.166378315169176,0.0,0.0,0.0,0.0,0.0,99.625,241.0,1.0,797.0,74.94176310404536,15.25,22.0,9.0,122.0,4.06201920231798,4.375,6.0,3.0,35.0,1.4078859531733592,1.0,1.0,1.0,8.0,0.0,938.875,1323.0,586.0,7511.0,238.3061880978215,550.875,3078.0,0.0,4407.0,1045.7477758591149,1997.875,4483.0,0.0,15983.0,2018.651914910401,4.5,8.0,1.0,36.0,2.449489742783178,21.875,25.0,20.0,175.0,2.0310096011589893
221.0,0.0,0.0,0.0,0.0,0.0,0.0,0.0,0.0,0.0,0.0,0.0,0.0,0.0,1.0,0.0,0.0,0.0,0.0,0.0,0.0,0.0,0.0,0.0,0.0,0.0,0.0,0.0,0.0,1.0,2.0,0.0,0.0,0.0,1.0,0.0,1.0,0.0,0.0,0.0,0.0,0.0,0.0,0.0,0.0,0.0,0.0,0.0,0.0,0.0,0.0,0.0,0.0,0.0,4.0,0.0,1.0,0.0,0.0,0.0,0.0,0.0,0.0,2.0,0.0,0.0,0.0,0.0,0.0,0.0,0.0,0.0,0.0,0.0,0.0,0.0,0.0,1.0,0.0,0.0,0.0,4.0,0.0,8.0,0.0,0.0,0.0,0.0,0.0,0.0,0.0,0.0,0.0,0.0,0.0,0.0,0.0,1.0,0.0,0.0,1.0,2.0,0.0,4.0,73.875,148.0,0.0,591.0,64.02106238240215,0.0,0.0,0.0,0.0,0.0,285.75,594.0,50.0,2286.0,233.21158388283988,9.75,15.0,1.0,78.0,4.949747468305833,1.0,3.0,0.0,8.0,1.1952286093343936,1.75,2.0,1.0,14.0,0.4629100498862757,622.125,958.0,60.0,4977.0,302.79622449995736,1236.5,5124.0,0.0,9892.0,1654.8319724802445,4884.125,9892.0,0.0,39073.0,4137.041021154406,4.5,8.0,1.0,36.0,2.449489742783178,32.25,34.0,30.0,258.0,1.1649647450214344
151.0,0.0,0.0,0.0,0.0,0.0,0.0,0.0,0.0,0.0,0.0,0.0,0.0,0.0,0.0,0.0,0.0,0.0,0.0,0.0,0.0,0.0,1.0,0.0,0.0,0.0,0.0,0.0,0.0,1.0,0.0,0.0,0.0,0.0,0.0,0.0,0.0,0.0,0.0,0.0,0.0,0.0,0.0,0.0,6.0,0.0,0.0,0.0,0.0,2.0,0.0,0.0,0.0,0.0,0.0,0.0,0.0,0.0,0.0,0.0,0.0,1.0,0.0,0.0,0.0,0.0,0.0,0.0,0.0,0.0,0.0,0.0,2.0,1.0,0.0,0.0,2.0,0.0,0.0,0.0,2.0,0.0,0.0,7.0,1.0,0.0,0.0,0.0,0.0,0.0,0.0,0.0,0.0,0.0,6.0,0.0,0.0,0.0,0.0,0.0,0.0,2.0,0.0,0.0,14.5,51.0,0.0,116.0,18.49324200890693,0.0,0.0,0.0,0.0,0.0,387.625,701.0,75.0,3101.0,233.06095922373123,10.25,22.0,1.0,82.0,6.943650748294137,4.5,6.0,3.0,36.0,1.0690449676496976,1.0,1.0,1.0,8.0,0.0,649.375,1320.0,75.0,5195.0,416.1434977436097,440.75,1990.0,0.0,3526.0,668.8375309872666,1734.375,3526.0,0.0,13875.0,1366.7682359179576,4.5,8.0,1.0,36.0,2.449489742783178,29.125,31.0,28.0,233.0,0.9910312089651148
30.0,0.0,1.0,0.0,0.0,0.0,0.0,0.0,0.0,0.0,0.0,0.0,0.0,0.0,0.0,0.0,0.0,0.0,0.0,0.0,0.0,0.0,0.0,0.0,0.0,0.0,0.0,0.0,0.0,1.0,0.0,0.0,0.0,0.0,1.0,0.0,0.0,0.0,0.0,0.0,0.0,0.0,0.0,0.0,0.0,0.0,0.0,5.0,0.0,2.0,0.0,0.0,0.0,0.0,0.0,4.0,1.0,0.0,0.0,0.0,0.0,0.0,0.0,2.0,0.0,0.0,0.0,0.0,0.0,0.0,0.0,0.0,1.0,0.0,0.0,0.0,0.0,0.0,0.0,0.0,0.0,0.0,0.0,5.0,3.0,0.0,0.0,0.0,0.0,0.0,0.0,0.0,0.0,0.0,0.0,0.0,0.0,1.0,5.0,0.0,0.0,2.0,0.0,0.0,11.25,30.0,0.0,90.0,12.612352221985738,0.0,0.0,0.0,0.0,0.0,162.0,481.0,47.0,1296.0,135.8591707825213,13.625,17.0,6.0,109.0,4.2067123233504535,0.5,2.0,0.0,4.0,0.7559289460184544,1.0,1.0,1.0,8.0,0.0,844.625,1068.0,387.0,6757.0,250.90802953615153,1279.75,7698.0,0.0,10238.0,2620.780786058122,1964.625,10238.0,0.0,15717.0,3459.4946756302843,4.5,8.0,1.0,36.0,2.449489742783178,33.875,35.0,32.0,271.0,1.3562026818605362
185.0,0.0,0.0,0.0,0.0,1.0,0.0,0.0,0.0,0.0,0.0,0.0,0.0,0.0,0.0,0.0,0.0,0.0,0.0,0.0,0.0,0.0,0.0,0.0,0.0,0.0,0.0,0.0,0.0,1.0,0.0,0.0,2.0,3.0,2.0,0.0,0.0,0.0,0.0,0.0,0.0,0.0,0.0,0.0,0.0,0.0,0.0,0.0,0.0,0.0,0.0,0.0,0.0,0.0,1.0,0.0,0.0,0.0,0.0,0.0,0.0,0.0,0.0,0.0,0.0,0.0,0.0,0.0,0.0,0.0,0.0,0.0,0.0,0.0,0.0,0.0,0.0,0.0,5.0,3.0,0.0,0.0,0.0,8.0,0.0,3.0,0.0,0.0,0.0,0.0,0.0,1.0,2.0,0.0,0.0,0.0,0.0,2.0,0.0,0.0,0.0,0.0,0.0,0.0,27.0,94.0,0.0,216.0,39.81026429021971,0.0,0.0,0.0,0.0,0.0,184.875,535.0,75.0,1479.0,170.0247355954001,10.5,23.0,1.0,84.0,9.350324669687755,3.5,6.0,0.0,28.0,2.138089935299395,1.0,1.0,1.0,8.0,0.0,657.25,1414.0,75.0,5258.0,565.2801454651869,2676.0,14400.0,0.0,21408.0,4869.5230625948225,10505.25,21408.0,0.0,84042.0,8992.514915194748,4.5,8.0,1.0,36.0,2.449489742783178,29.25,35.0,21.0,234.0,6.088631091750309
24.0,0.0,1.0,0.0,0.0,0.0,0.0,0.0,0.0,0.0,0.0,0.0,0.0,0.0,0.0,0.0,0.0,0.0,0.0,0.0,0.0,0.0,0.0,0.0,0.0,0.0,0.0,0.0,0.0,1.0,0.0,1.0,0.0,0.0,2.0,0.0,0.0,0.0,0.0,0.0,0.0,0.0,0.0,0.0,0.0,0.0,0.0,3.0,0.0,0.0,0.0,0.0,2.0,0.0,0.0,2.0,2.0,0.0,0.0,0.0,0.0,0.0,0.0,2.0,0.0,0.0,0.0,0.0,0.0,0.0,0.0,0.0,1.0,0.0,0.0,0.0,0.0,0.0,0.0,1.0,0.0,0.0,0.0,6.0,2.0,0.0,0.0,1.0,0.0,0.0,0.0,0.0,0.0,0.0,0.0,0.0,0.0,2.0,3.0,0.0,0.0,2.0,0.0,0.0,12.0,24.0,0.0,96.0,11.904380946285519,0.0,0.0,0.0,0.0,0.0,168.0,417.0,25.0,1344.0,156.44898757833403,12.125,18.0,6.0,97.0,3.6815175442433286,2.25,6.0,0.0,18.0,2.49284690951645,1.0,1.0,1.0,8.0,0.0,761.0,1080.0,387.0,6088.0,213.71342627787465,559.0,2941.0,0.0,4472.0,990.9424085903565,2151.0,4472.0,0.0,17208.0,1923.9614638255398,4.5,8.0,1.0,36.0,2.449489742783178,33.0,34.0,32.0,264.0,0.9258200997725506
105.0,0.0,0.0,0.0,0.0,0.0,0.0,0.0,0.0,0.0,0.0,0.0,0.0,0.0,0.0,0.0,0.0,0.0,0.0,0.0,0.0,0.0,0.0,0.0,0.0,0.0,1.0,0.0,0.0,1.0,0.0,0.0,0.0,0.0,0.0,0.0,0.0,0.0,0.0,0.0,0.0,0.0,0.0,0.0,0.0,0.0,6.0,0.0,0.0,2.0,0.0,0.0,0.0,0.0,0.0,0.0,0.0,0.0,0.0,0.0,0.0,0.0,0.0,0.0,0.0,0.0,0.0,0.0,0.0,0.0,0.0,0.0,1.0,2.0,0.0,0.0,5.0,0.0,0.0,0.0,0.0,0.0,1.0,5.0,2.0,0.0,0.0,0.0,0.0,0.0,0.0,0.0,0.0,0.0,0.0,0.0,6.0,0.0,0.0,0.0,0.0,2.0,0.0,0.0,11.25,35.0,0.0,90.0,15.397124035722664,0.0,0.0,0.0,0.0,0.0,263.125,630.0,11.0,2105.0,235.72104427540134,9.5,17.0,1.0,76.0,5.3718844791323335,3.25,6.0,0.0,26.0,2.815771906346718,1.0,1.0,1.0,8.0,0.0,600.0,1069.0,74.0,4800.0,332.4463436835656,650.25,3210.0,0.0,5202.0,1067.9160948849333,3226.0,5202.0,0.0,25808.0,1980.5065730045646,4.5,8.0,1.0,36.0,2.449489742783178,24.875,30.0,21.0,199.0,3.943801646707328
20.0,0.0,0.0,0.0,0.0,1.0,0.0,0.0,0.0,0.0,0.0,0.0,0.0,0.0,0.0,0.0,0.0,0.0,0.0,0.0,0.0,0.0,0.0,0.0,0.0,0.0,0.0,0.0,0.0,1.0,0.0,0.0,0.0,1.0,0.0,0.0,0.0,0.0,4.0,0.0,0.0,3.0,0.0,0.0,0.0,0.0,0.0,0.0,0.0,0.0,0.0,0.0,0.0,0.0,0.0,0.0,1.0,0.0,0.0,0.0,3.0,0.0,0.0,0.0,0.0,2.0,1.0,0.0,0.0,0.0,0.0,1.0,0.0,0.0,0.0,0.0,0.0,0.0,0.0,0.0,0.0,0.0,0.0,7.0,1.0,1.0,0.0,0.0,0.0,0.0,0.0,4.0,0.0,0.0,0.0,0.0,0.0,0.0,0.0,0.0,0.0,3.0,0.0,0.0,5.0,19.0,0.0,40.0,6.611677980232077,0.0,0.0,0.0,0.0,0.0,202.875,440.0,30.0,1623.0,123.93942933085154,13.625,23.0,4.0,109.0,5.57897840110535,3.5,6.0,0.0,28.0,2.2677868380553634,1.0,1.0,1.0,8.0,0.0,845.125,1418.0,273.0,6761.0,332.61579616299474,1215.375,4259.0,0.0,9723.0,1654.01338200667,5678.125,9723.0,0.0,45425.0,3169.3179274096187,4.5,8.0,1.0,36.0,2.449489742783178,31.375,36.0,28.0,251.0,3.3779748793788102
13.0,0.0,0.0,0.0,0.0,0.0,0.0,0.0,0.0,0.0,0.0,0.0,0.0,0.0,0.0,1.0,0.0,0.0,0.0,0.0,0.0,0.0,0.0,0.0,0.0,0.0,0.0,0.0,0.0,1.0,0.0,0.0,0.0,0.0,0.0,0.0,0.0,0.0,0.0,0.0,0.0,0.0,0.0,5.0,0.0,0.0,0.0,0.0,0.0,3.0,0.0,0.0,0.0,0.0,0.0,0.0,0.0,0.0,0.0,5.0,3.0,0.0,0.0,0.0,0.0,0.0,0.0,0.0,0.0,0.0,0.0,0.0,0.0,0.0,0.0,0.0,0.0,0.0,0.0,0.0,0.0,0.0,0.0,0.0,8.0,0.0,5.0,0.0,0.0,0.0,0.0,0.0,0.0,0.0,0.0,0.0,0.0,0.0,0.0,0.0,0.0,3.0,0.0,0.0,0.25,1.0,0.0,2.0,0.4629100498862757,0.0,0.0,0.0,0.0,0.0,254.75,633.0,1.0,2038.0,222.70528250839237,17.25,23.0,14.0,138.0,2.815771906346718,0.75,2.0,0.0,6.0,0.8864052604279183,1.0,1.0,1.0,8.0,0.0,1053.75,1410.0,852.0,8430.0,170.34817286956732,1631.5,6853.0,0.0,13052.0,2371.0462428460323,6321.75,13052.0,0.0,50574.0,5862.798082583337,4.5,8.0,1.0,36.0,2.449489742783178,33.0,37.0,31.0,264.0,2.2038926600773587
20.0,0.0,0.0,0.0,0.0,0.0,0.0,0.0,0.0,0.0,0.0,0.0,0.0,0.0,0.0,0.0,0.0,0.0,0.0,0.0,0.0,0.0,0.0,0.0,0.0,0.0,1.0,0.0,0.0,1.0,1.0,0.0,0.0,0.0,0.0,0.0,1.0,0.0,0.0,0.0,5.0,0.0,0.0,0.0,0.0,0.0,0.0,0.0,0.0,1.0,0.0,0.0,0.0,0.0,0.0,0.0,0.0,0.0,0.0,0.0,0.0,0.0,0.0,0.0,0.0,0.0,0.0,0.0,0.0,1.0,0.0,4.0,0.0,2.0,0.0,0.0,0.0,0.0,1.0,0.0,0.0,0.0,0.0,7.0,1.0,0.0,0.0,0.0,0.0,0.0,0.0,0.0,5.0,0.0,0.0,0.0,0.0,0.0,0.0,0.0,1.0,2.0,0.0,0.0,7.5,20.0,0.0,60.0,9.426406677899212,0.0,0.0,0.0,0.0,0.0,174.25,460.0,44.0,1394.0,163.5295953992077,14.625,23.0,1.0,117.0,7.927123419897391,1.5,4.0,0.0,12.0,1.4142135623730951,1.0,1.0,1.0,8.0,0.0,914.5,1425.0,60.0,7316.0,484.4737940723494,566.25,1351.0,0.0,4530.0,459.16935873379003,1784.5,4530.0,0.0,14276.0,1737.0107327573674,4.5,8.0,1.0,36.0,2.449489742783178,17.125,21.0,13.0,137.0,3.136763573220928
320.0,0.0,0.0,0.0,0.0,0.0,0.0,0.0,0.0,0.0,0.0,0.0,1.0,0.0,0.0,0.0,0.0,0.0,0.0,0.0,0.0,0.0,0.0,0.0,0.0,0.0,0.0,0.0,0.0,1.0,0.0,0.0,0.0,0.0,0.0,0.0,0.0,0.0,0.0,0.0,0.0,0.0,0.0,0.0,7.0,0.0,0.0,0.0,0.0,1.0,0.0,0.0,0.0,0.0,0.0,0.0,0.0,0.0,0.0,0.0,0.0,3.0,0.0,0.0,0.0,0.0,0.0,0.0,0.0,0.0,0.0,0.0,2.0,1.0,0.0,0.0,2.0,0.0,0.0,0.0,0.0,0.0,0.0,5.0,3.0,0.0,0.0,0.0,0.0,0.0,0.0,0.0,0.0,0.0,7.0,0.0,0.0,0.0,0.0,0.0,0.0,1.0,0.0,0.0,23.5,94.0,0.0,188.0,34.192731057095415,0.0,0.0,0.0,0.0,0.0,260.0,660.0,9.0,2080.0,223.87049827969742,10.5,16.0,7.0,84.0,4.105745103771404,0.625,1.0,0.0,5.0,0.5175491695067657,1.0,1.0,1.0,8.0,0.0,643.75,967.0,420.0,5150.0,238.32375938146473,248.375,900.0,0.0,1987.0,313.28304750998393,1123.75,1987.0,0.0,8990.0,702.4434395125958,4.5,8.0,1.0,36.0,2.449489742783178,12.125,17.0,2.0,97.0,5.866064633612068
16.0,0.0,1.0,0.0,0.0,0.0,0.0,0.0,0.0,0.0,0.0,0.0,0.0,0.0,0.0,0.0,0.0,0.0,0.0,0.0,0.0,0.0,0.0,0.0,0.0,0.0,0.0,0.0,0.0,1.0,0.0,0.0,0.0,0.0,1.0,0.0,0.0,0.0,0.0,0.0,0.0,0.0,0.0,0.0,0.0,0.0,4.0,0.0,0.0,2.0,0.0,0.0,0.0,0.0,1.0,0.0,1.0,0.0,0.0,0.0,0.0,0.0,0.0,0.0,0.0,0.0,0.0,1.0,0.0,0.0,0.0,0.0,1.0,3.0,0.0,0.0,2.0,0.0,0.0,0.0,0.0,0.0,0.0,5.0,3.0,0.0,0.0,0.0,0.0,0.0,0.0,0.0,0.0,0.0,0.0,0.0,4.0,1.0,0.0,0.0,0.0,3.0,0.0,0.0,8.0,16.0,0.0,64.0,7.615773105863909,0.0,0.0,0.0,0.0,0.0,148.5,462.0,3.0,1188.0,166.87634429635102,10.75,17.0,2.0,86.0,4.77343841331532,3.25,6.0,0.0,26.0,2.9640705601780613,1.0,1.0,1.0,8.0,0.0,679.125,1034.0,157.0,5433.0,283.15842990907305,1699.5,8716.0,0.0,13596.0,2938.6245567806523,3881.125,13596.0,0.0,31049.0,5621.674011931728,4.5,8.0,1.0,36.0,2.449489742783178,30.5,35.0,28.0,244.0,2.6186146828319083
163.0,0.0,0.0,0.0,1.0,0.0,0.0,0.0,0.0,0.0,0.0,0.0,0.0,0.0,0.0,0.0,0.0,0.0,0.0,0.0,0.0,0.0,0.0,0.0,0.0,0.0,0.0,0.0,0.0,1.0,0.0,1.0,0.0,0.0,0.0,0.0,0.0,0.0,0.0,0.0,0.0,0.0,0.0,0.0,0.0,0.0,6.0,0.0,0.0,1.0,0.0,0.0,0.0,0.0,0.0,0.0,0.0,0.0,0.0,0.0,0.0,0.0,0.0,0.0,0.0,0.0,0.0,2.0,0.0,0.0,0.0,0.0,2.0,1.0,0.0,0.0,2.0,0.0,0.0,1.0,0.0,0.0,0.0,6.0,2.0,0.0,0.0,1.0,0.0,0.0,0.0,0.0,0.0,0.0,0.0,0.0,6.0,0.0,0.0,0.0,0.0,1.0,0.0,0.0,21.875,52.0,0.0,175.0,22.325113981471947,0.0,0.0,0.0,0.0,0.0,294.375,651.0,1.0,2355.0,230.57068175662383,12.125,19.0,1.0,97.0,6.62112420320641,1.875,3.0,0.0,15.0,1.246423454758225,2.0,2.0,2.0,16.0,0.0,756.25,1194.0,75.0,6050.0,406.90881744475104,962.75,4650.0,0.0,7702.0,1512.616914017369,2676.25,7702.0,0.0,21410.0,2942.4786320379626,4.5,8.0,1.0,36.0,2.449489742783178,32.75,34.0,32.0,262.0,0.8864052604279185
5.0,0.0,0.0,0.0,0.0,1.0,0.0,0.0,0.0,0.0,0.0,0.0,0.0,0.0,0.0,0.0,0.0,0.0,0.0,0.0,0.0,0.0,0.0,0.0,0.0,0.0,0.0,0.0,0.0,1.0,1.0,0.0,0.0,2.0,0.0,0.0,0.0,5.0,0.0,0.0,0.0,0.0,0.0,0.0,0.0,0.0,0.0,0.0,0.0,0.0,0.0,0.0,0.0,0.0,0.0,0.0,0.0,0.0,0.0,0.0,0.0,0.0,0.0,1.0,0.0,0.0,0.0,0.0,0.0,0.0,0.0,7.0,0.0,0.0,0.0,0.0,0.0,0.0,0.0,0.0,0.0,0.0,1.0,6.0,1.0,2.0,0.0,0.0,5.0,0.0,0.0,0.0,0.0,0.0,0.0,0.0,0.0,0.0,0.0,0.0,0.0,1.0,0.0,0.0,1.25,4.0,0.0,10.0,1.5811388300841898,0.0,0.0,0.0,0.0,0.0,137.25,364.0,34.0,1098.0,113.68974071066017,12.25,17.0,8.0,98.0,3.011881234615431,1.375,2.0,0.0,11.0,0.7440238091428449,1.0,1.0,1.0,8.0,0.0,768.5,1069.0,492.0,6148.0,188.01291748935003,332.0,1164.0,0.0,2656.0,443.06916583563526,1679.5,2656.0,0.0,13436.0,1022.9538461868998,4.5,8.0,1.0,36.0,2.449489742783178,30.0,31.0,28.0,240.0,1.1952286093343927
5.0,0.0,0.0,0.0,0.0,1.0,0.0,0.0,0.0,0.0,0.0,0.0,0.0,0.0,0.0,0.0,0.0,0.0,0.0,0.0,0.0,0.0,0.0,0.0,0.0,0.0,0.0,0.0,0.0,1.0,0.0,0.0,0.0,0.0,0.0,0.0,0.0,0.0,0.0,0.0,0.0,0.0,0.0,0.0,0.0,0.0,0.0,0.0,6.0,2.0,0.0,0.0,0.0,0.0,0.0,0.0,0.0,0.0,4.0,0.0,1.0,0.0,0.0,0.0,0.0,0.0,0.0,0.0,0.0,0.0,1.0,0.0,0.0,0.0,2.0,0.0,0.0,0.0,0.0,0.0,0.0,0.0,1.0,3.0,4.0,0.0,0.0,0.0,0.0,0.0,0.0,0.0,0.0,0.0,0.0,0.0,0.0,0.0,0.0,6.0,0.0,2.0,0.0,0.0,1.875,5.0,0.0,15.0,2.100170061141308,0.0,0.0,0.0,0.0,0.0,295.125,935.0,60.0,2361.0,321.55178987439734,9.875,18.0,3.0,79.0,5.330170192940773,2.25,4.0,0.0,18.0,1.9086270308410553,1.0,1.0,1.0,8.0,0.0,620.375,1084.0,210.0,4963.0,312.6983656131622,660.75,3782.0,0.0,5286.0,1283.8152681975484,2323.375,5286.0,0.0,18587.0,2351.775677926302,4.5,8.0,1.0,36.0,2.449489742783178,34.125,36.0,32.0,273.0,1.5526475085203002
24.0,0.0,0.0,0.0,0.0,0.0,0.0,0.0,0.0,0.0,0.0,0.0,0.0,0.0,0.0,0.0,0.0,1.0,0.0,0.0,0.0,0.0,0.0,0.0,0.0,0.0,0.0,0.0,0.0,1.0,0.0,2.0,0.0,1.0,1.0,0.0,0.0,0.0,0.0,0.0,0.0,0.0,0.0,0.0,0.0,0.0,0.0,0.0,3.0,1.0,0.0,0.0,0.0,0.0,0.0,0.0,3.0,0.0,2.0,0.0,0.0,0.0,0.0,0.0,0.0,0.0,0.0,0.0,0.0,0.0,1.0,0.0,0.0,0.0,1.0,0.0,0.0,0.0,0.0,1.0,0.0,0.0,0.0,7.0,1.0,1.0,0.0,2.0,0.0,0.0,0.0,0.0,0.0,0.0,0.0,0.0,0.0,1.0,0.0,3.0,0.0,1.0,0.0,0.0,12.0,24.0,0.0,96.0,9.273618495495704,0.0,0.0,0.0,0.0,0.0,153.875,344.0,60.0,1231.0,115.88964886600405,11.0,17.0,1.0,88.0,6.782329983125267,2.125,6.0,0.0,17.0,2.416461403433896,1.0,1.0,1.0,8.0,0.0,697.125,1066.0,75.0,5577.0,411.6563884392627,372.5,1396.0,0.0,2980.0,452.003160545208,1724.125,2980.0,0.0,13793.0,1278.1161849154626,4.5,8.0,1.0,36.0,2.449489742783178,28.0,31.0,24.0,224.0,2.3299294900428706
64.0,0.0,1.0,0.0,0.0,0.0,0.0,0.0,0.0,0.0,0.0,0.0,0.0,0.0,0.0,0.0,0.0,0.0,0.0,0.0,0.0,0.0,0.0,0.0,0.0,0.0,0.0,0.0,0.0,1.0,0.0,1.0,0.0,0.0,0.0,0.0,0.0,0.0,0.0,0.0,0.0,0.0,0.0,0.0,0.0,0.0,0.0,5.0,0.0,2.0,0.0,0.0,0.0,0.0,0.0,4.0,1.0,0.0,0.0,0.0,0.0,0.0,0.0,2.0,0.0,0.0,0.0,0.0,0.0,0.0,0.0,0.0,0.0,0.0,0.0,0.0,0.0,0.0,0.0,0.0,1.0,0.0,0.0,6.0,2.0,0.0,0.0,1.0,0.0,0.0,0.0,0.0,0.0,0.0,0.0,0.0,0.0,0.0,5.0,0.0,0.0,2.0,0.0,0.0,23.625,63.0,0.0,189.0,27.458735274173552,0.0,0.0,0.0,0.0,0.0,212.5,506.0,48.0,1700.0,174.10834065522045,14.125,22.0,7.0,113.0,4.940720016932176,3.25,6.0,0.0,26.0,2.3145502494313783,1.0,1.0,1.0,8.0,0.0,873.375,1335.0,461.0,6987.0,287.90074554560346,727.875,3198.0,0.0,5823.0,1043.625060956828,2848.375,5823.0,0.0,22787.0,2487.501554199084,4.5,8.0,1.0,36.0,2.449489742783178,29.375,31.0,28.0,235.0,1.0606601717798212
32.0,0.0,0.0,1.0,0.0,0.0,0.0,0.0,0.0,0.0,0.0,0.0,0.0,0.0,0.0,0.0,0.0,0.0,0.0,0.0,0.0,0.0,0.0,0.0,0.0,0.0,0.0,0.0,0.0,1.0,2.0,0.0,0.0,0.0,1.0,5.0,0.0,0.0,0.0,0.0,0.0,0.0,0.0,0.0,0.0,0.0,0.0,0.0,0.0,0.0,0.0,0.0,0.0,0.0,0.0,0.0,1.0,0.0,0.0,0.0,2.0,0.0,0.0,0.0,5.0,0.0,0.0,0.0,0.0,0.0,0.0,0.0,0.0,0.0,0.0,0.0,0.0,0.0,0.0,0.0,0.0,0.0,0.0,6.0,2.0,0.0,0.0,0.0,0.0,0.0,5.0,0.0,0.0,0.0,0.0,0.0,0.0,1.0,0.0,0.0,0.0,2.0,0.0,0.0,8.0,32.0,0.0,64.0,11.426785574754984,0.0,0.0,0.0,0.0,0.0,355.625,670.0,75.0,2845.0,211.85300665454673,14.375,18.0,8.0,115.0,3.2486260832190936,2.5,6.0,0.0,20.0,1.9272482233188633,1.0,1.0,1.0,8.0,0.0,887.0,1080.0,520.0,7096.0,188.29991275318517,1078.375,3179.0,0.0,8627.0,1058.8378990329782,4607.0,9640.0,0.0,36856.0,3509.7944180739214,4.5,8.0,1.0,36.0,2.449489742783178,22.625,29.0,17.0,181.0,4.274091382136926
5.0,0.0,0.0,0.0,0.0,1.0,0.0,0.0,0.0,0.0,0.0,0.0,0.0,0.0,0.0,0.0,0.0,0.0,0.0,0.0,0.0,0.0,0.0,0.0,0.0,0.0,0.0,0.0,0.0,1.0,0.0,0.0,0.0,1.0,1.0,0.0,0.0,0.0,0.0,0.0,0.0,0.0,0.0,0.0,0.0,3.0,0.0,0.0,0.0,2.0,0.0,0.0,0.0,0.0,1.0,0.0,1.0,0.0,0.0,0.0,2.0,0.0,0.0,0.0,0.0,0.0,0.0,1.0,0.0,0.0,0.0,0.0,0.0,0.0,0.0,0.0,0.0,0.0,0.0,1.0,2.0,1.0,0.0,6.0,2.0,1.0,0.0,0.0,0.0,0.0,0.0,0.0,0.0,0.0,0.0,3.0,0.0,1.0,0.0,0.0,0.0,2.0,0.0,1.0,3.125,5.0,0.0,25.0,2.356601669474803,0.0,0.0,0.0,0.0,0.0,92.125,278.0,12.0,737.0,82.05126881581853,13.75,23.0,8.0,110.0,4.832922806867792,2.0,6.0,0.0,16.0,2.5071326821120348,1.25,2.0,1.0,10.0,0.4629100498862757,851.0,1409.0,501.0,6808.0,289.0605472907017,7614.25,50357.0,0.0,60914.0,17459.711630330145,15536.0,60914.0,0.0,124288.0,25735.55875770776,4.5,8.0,1.0,36.0,2.449489742783178,28.375,30.0,25.0,227.0,1.5059406173077154
12.0,0.0,1.0,0.0,0.0,0.0,0.0,0.0,0.0,0.0,0.0,0.0,0.0,0.0,0.0,0.0,0.0,0.0,0.0,0.0,0.0,0.0,0.0,0.0,0.0,0.0,0.0,0.0,0.0,1.0,0.0,0.0,0.0,1.0,1.0,0.0,0.0,0.0,0.0,0.0,0.0,0.0,0.0,0.0,0.0,0.0,4.0,0.0,0.0,2.0,0.0,0.0,0.0,0.0,0.0,0.0,2.0,0.0,0.0,0.0,0.0,0.0,0.0,0.0,0.0,0.0,0.0,0.0,0.0,0.0,0.0,0.0,0.0,3.0,0.0,0.0,3.0,0.0,0.0,0.0,0.0,0.0,0.0,6.0,2.0,1.0,0.0,0.0,0.0,0.0,0.0,0.0,0.0,0.0,0.0,0.0,4.0,1.0,0.0,0.0,0.0,2.0,0.0,0.0,6.0,12.0,0.0,48.0,5.9521904731427595,0.0,0.0,0.0,0.0,0.0,107.5,413.0,2.0,860.0,136.3262892580046,9.75,15.0,7.0,78.0,2.866057521105554,2.375,4.0,1.0,19.0,1.3024701806293193,1.0,1.0,1.0,8.0,0.0,611.5,920.0,437.0,4892.0,177.47192936993082,560.375,1838.0,0.0,4483.0,717.5794505538344,2154.5,4483.0,0.0,17236.0,1939.937922423587,4.5,8.0,1.0,36.0,2.449489742783178,33.125,34.0,33.0,265.0,0.3535533905932745
100.0,0.0,0.0,0.0,0.0,0.0,0.0,0.0,0.0,0.0,0.0,0.0,0.0,0.0,0.0,0.0,0.0,0.0,0.0,0.0,0.0,0.0,0.0,0.0,0.0,1.0,0.0,0.0,0.0,1.0,0.0,0.0,0.0,0.0,0.0,0.0,0.0,0.0,0.0,0.0,0.0,0.0,0.0,0.0,0.0,0.0,0.0,0.0,0.0,0.0,7.0,0.0,1.0,0.0,0.0,2.0,0.0,0.0,0.0,0.0,0.0,0.0,3.0,1.0,0.0,0.0,0.0,0.0,0.0,0.0,0.0,0.0,0.0,0.0,0.0,0.0,1.0,0.0,0.0,0.0,1.0,0.0,0.0,6.0,2.0,0.0,0.0,0.0,0.0,3.0,0.0,0.0,0.0,0.0,0.0,0.0,0.0,0.0,4.0,0.0,0.0,1.0,0.0,0.0,26.125,100.0,0.0,209.0,34.34046966980587,0.0,0.0,0.0,0.0,0.0,134.375,353.0,4.0,1075.0,116.91381135569179,13.25,18.0,2.0,106.0,6.158617655657106,0.875,1.0,0.0,7.0,0.3535533905932738,1.0,1.0,1.0,8.0,0.0,822.375,1125.0,124.0,6579.0,378.6898231308271,186.75,493.0,0.0,1494.0,183.11101238631952,1011.375,1494.0,0.0,8091.0,548.0096290864136,4.5,8.0,1.0,36.0,2.449489742783178,32.875,35.0,31.0,263.0,1.8077215335491061
150.0,0.0,0.0,0.0,0.0,1.0,0.0,0.0,0.0,0.0,0.0,0.0,0.0,0.0,0.0,0.0,0.0,0.0,0.0,0.0,0.0,0.0,0.0,0.0,0.0,0.0,0.0,0.0,0.0,1.0,0.0,0.0,0.0,0.0,0.0,0.0,0.0,0.0,0.0,0.0,0.0,0.0,0.0,0.0,0.0,8.0,0.0,0.0,0.0,0.0,0.0,0.0,0.0,0.0,0.0,0.0,0.0,0.0,0.0,0.0,0.0,0.0,0.0,0.0,0.0,0.0,0.0,3.0,0.0,0.0,0.0,0.0,2.0,0.0,0.0,1.0,1.0,0.0,0.0,0.0,1.0,0.0,0.0,6.0,2.0,0.0,0.0,0.0,0.0,0.0,0.0,0.0,0.0,0.0,0.0,8.0,0.0,0.0,0.0,0.0,0.0,0.0,0.0,0.0,21.625,75.0,0.0,173.0,23.645824155651667,0.0,0.0,0.0,0.0,0.0,269.125,596.0,95.0,2153.0,168.05648497709674,12.25,21.0,6.0,98.0,5.1478150704935,2.75,4.0,2.0,22.0,0.8864052604279182,1.0,1.0,1.0,8.0,0.0,758.75,1264.0,387.0,6070.0,308.2368059973185,382.0,1160.0,0.0,3056.0,363.24843918650026,1256.75,3056.0,0.0,10054.0,1113.8369655000167,4.5,8.0,1.0,36.0,2.449489742783178,29.625,30.0,28.0,237.0,0.7440238091428452
50.0,0.0,1.0,0.0,0.0,0.0,0.0,0.0,0.0,0.0,0.0,0.0,0.0,0.0,0.0,0.0,0.0,0.0,0.0,0.0,0.0,0.0,0.0,0.0,0.0,0.0,0.0,0.0,0.0,1.0,0.0,0.0,0.0,0.0,0.0,0.0,0.0,0.0,0.0,0.0,0.0,0.0,0.0,0.0,0.0,0.0,7.0,0.0,0.0,1.0,0.0,0.0,0.0,0.0,0.0,0.0,0.0,0.0,0.0,0.0,0.0,0.0,0.0,0.0,0.0,0.0,0.0,0.0,0.0,0.0,0.0,0.0,4.0,1.0,0.0,0.0,3.0,0.0,0.0,0.0,0.0,0.0,0.0,5.0,3.0,0.0,0.0,0.0,0.0,0.0,0.0,0.0,0.0,0.0,0.0,0.0,7.0,0.0,0.0,0.0,0.0,1.0,0.0,0.0,6.25,38.0,0.0,50.0,12.936658875348877,0.0,0.0,0.0,0.0,0.0,195.5,619.0,26.0,1564.0,190.0879495692154,8.25,15.0,0.0,66.0,5.873670062235365,1.875,3.0,1.0,15.0,0.8345229603962802,1.0,1.0,1.0,8.0,0.0,524.75,959.0,0.0,4198.0,354.9884303949718,431.875,1108.0,0.0,3455.0,415.83390829237857,1784.75,3455.0,0.0,14278.0,1345.7805754070228,4.5,8.0,1.0,36.0,2.449489742783178,34.25,36.0,31.0,274.0,2.1876275473019375
325.0,0.0,0.0,0.0,0.0,0.0,0.0,0.0,0.0,0.0,1.0,0.0,0.0,0.0,0.0,0.0,0.0,0.0,0.0,0.0,0.0,0.0,0.0,0.0,0.0,0.0,0.0,0.0,0.0,1.0,0.0,0.0,0.0,0.0,0.0,0.0,0.0,0.0,0.0,0.0,0.0,0.0,0.0,8.0,0.0,0.0,0.0,0.0,0.0,0.0,0.0,0.0,0.0,0.0,0.0,0.0,0.0,0.0,0.0,3.0,0.0,0.0,0.0,0.0,0.0,0.0,0.0,0.0,0.0,0.0,0.0,0.0,0.0,0.0,3.0,0.0,2.0,0.0,0.0,0.0,0.0,0.0,0.0,6.0,2.0,0.0,8.0,0.0,0.0,0.0,0.0,0.0,0.0,0.0,0.0,0.0,0.0,0.0,0.0,0.0,0.0,0.0,0.0,0.0,8.625,26.0,0.0,69.0,10.112757148416902,0.0,0.0,0.0,0.0,0.0,243.875,621.0,16.0,1951.0,219.7644436988971,14.0,23.0,6.0,112.0,6.6332495807108,1.75,3.0,1.0,14.0,0.7071067811865476,1.0,1.0,1.0,8.0,0.0,870.875,1422.0,390.0,6967.0,398.1925010056604,296.25,678.0,0.0,2370.0,281.47405361266044,1050.875,2370.0,0.0,8407.0,850.9810200166461,4.5,8.0,1.0,36.0,2.449489742783178,35.375,37.0,32.0,283.0,1.8468119248354142
13.0,0.0,0.0,0.0,0.0,0.0,0.0,0.0,0.0,0.0,0.0,0.0,0.0,0.0,0.0,0.0,0.0,0.0,0.0,0.0,1.0,0.0,0.0,0.0,0.0,0.0,0.0,0.0,0.0,1.0,0.0,0.0,0.0,0.0,1.0,0.0,0.0,0.0,0.0,0.0,0.0,0.0,0.0,0.0,0.0,6.0,0.0,0.0,0.0,1.0,0.0,0.0,0.0,0.0,0.0,0.0,1.0,0.0,0.0,0.0,1.0,0.0,0.0,0.0,0.0,0.0,0.0,4.0,0.0,0.0,0.0,0.0,2.0,0.0,0.0,0.0,0.0,0.0,0.0,0.0,0.0,0.0,0.0,5.0,3.0,0.0,0.0,0.0,0.0,0.0,0.0,0.0,0.0,0.0,0.0,6.0,0.0,1.0,0.0,0.0,0.0,1.0,0.0,0.0,6.5,13.0,0.0,52.0,4.95695759225642,0.0,0.0,0.0,0.0,0.0,200.125,517.0,24.0,1601.0,152.58949364693683,10.0,17.0,4.0,80.0,4.4077853201547175,2.875,6.0,1.0,23.0,1.5526475085202969,1.0,1.0,1.0,8.0,0.0,629.25,1029.0,285.0,5034.0,258.71757905926245,1777.5,7288.0,0.0,14220.0,2536.272405378751,7263.25,14220.0,0.0,58106.0,4938.172934251233,4.5,8.0,1.0,36.0,2.449489742783178,33.75,35.0,32.0,270.0,1.0350983390135307
315.0,0.0,1.0,0.0,0.0,0.0,0.0,0.0,0.0,0.0,0.0,0.0,0.0,0.0,0.0,0.0,0.0,0.0,0.0,0.0,0.0,0.0,0.0,0.0,0.0,0.0,0.0,0.0,0.0,1.0,0.0,0.0,0.0,0.0,0.0,0.0,0.0,0.0,0.0,0.0,0.0,0.0,0.0,0.0,0.0,0.0,7.0,0.0,0.0,1.0,0.0,0.0,0.0,0.0,0.0,0.0,0.0,0.0,0.0,0.0,0.0,0.0,0.0,0.0,0.0,0.0,0.0,0.0,0.0,0.0,0.0,0.0,4.0,1.0,1.0,0.0,2.0,0.0,0.0,0.0,0.0,0.0,0.0,6.0,2.0,0.0,0.0,0.0,0.0,0.0,0.0,0.0,0.0,0.0,0.0,0.0,7.0,0.0,0.0,0.0,0.0,1.0,0.0,0.0,11.375,39.0,0.0,91.0,14.696330931805491,0.0,0.0,0.0,0.0,0.0,280.125,487.0,41.0,2241.0,179.13956051876747,13.875,21.0,6.0,111.0,5.767829500154902,4.0,6.0,0.0,32.0,2.138089935299395,1.0,1.0,1.0,8.0,0.0,858.75,1275.0,390.0,6870.0,340.48022808128775,2409.75,14924.0,0.0,19278.0,5142.058752512043,15048.75,19278.0,0.0,120390.0,6365.819972994164,4.5,8.0,1.0,36.0,2.449489742783178,33.75,35.0,30.0,270.0,1.7525491637693282
60.0,0.0,0.0,0.0,1.0,0.0,0.0,0.0,0.0,0.0,0.0,0.0,0.0,0.0,0.0,0.0,0.0,0.0,0.0,0.0,0.0,0.0,0.0,0.0,0.0,0.0,0.0,0.0,0.0,1.0,0.0,2.0,0.0,0.0,1.0,0.0,0.0,0.0,0.0,0.0,0.0,0.0,0.0,0.0,0.0,0.0,0.0,3.0,0.0,2.0,0.0,0.0,0.0,0.0,0.0,2.0,1.0,0.0,0.0,0.0,0.0,0.0,1.0,0.0,0.0,0.0,0.0,0.0,0.0,0.0,0.0,0.0,0.0,2.0,0.0,0.0,0.0,0.0,0.0,2.0,0.0,0.0,0.0,7.0,1.0,0.0,0.0,2.0,0.0,0.0,0.0,0.0,0.0,0.0,0.0,0.0,0.0,1.0,3.0,0.0,0.0,2.0,0.0,0.0,30.0,60.0,0.0,240.0,27.774602993176543,0.0,0.0,0.0,0.0,0.0,132.875,327.0,21.0,1063.0,131.7957700383438,8.0,13.0,1.0,64.0,4.780914437337574,1.375,2.0,1.0,11.0,0.5175491695067657,2.0,2.0,2.0,16.0,0.0,514.25,838.0,75.0,4114.0,303.08827097068604,269.125,694.0,0.0,2153.0,257.1883342722105,929.25,2153.0,0.0,7434.0,811.9885203270162,4.5,8.0,1.0,36.0,2.449489742783178,34.5,35.0,34.0,276.0,0.5345224838248473
18.0,0.0,0.0,0.0,0.0,0.0,0.0,0.0,1.0,0.0,0.0,0.0,0.0,0.0,0.0,0.0,0.0,0.0,0.0,0.0,0.0,0.0,0.0,0.0,0.0,0.0,0.0,0.0,0.0,1.0,0.0,0.0,0.0,0.0,0.0,0.0,0.0,0.0,0.0,0.0,0.0,0.0,0.0,0.0,0.0,0.0,0.0,7.0,0.0,1.0,0.0,0.0,0.0,0.0,0.0,1.0,0.0,0.0,0.0,0.0,0.0,0.0,6.0,1.0,0.0,0.0,0.0,0.0,0.0,0.0,0.0,0.0,0.0,0.0,0.0,0.0,0.0,0.0,0.0,0.0,0.0,0.0,1.0,4.0,3.0,0.0,0.0,0.0,0.0,0.0,0.0,0.0,0.0,0.0,0.0,0.0,0.0,0.0,7.0,0.0,0.0,1.0,0.0,0.0,2.25,11.0,0.0,18.0,3.9188190640986296,0.0,0.0,0.0,0.0,0.0,157.25,366.0,18.0,1258.0,122.38551501592943,11.375,17.0,7.0,91.0,3.4200041771068896,1.875,3.0,0.0,15.0,0.9910312089651149,1.0,1.0,1.0,8.0,0.0,701.0,1078.0,426.0,5608.0,218.20763375411832,538.125,1858.0,0.0,4305.0,646.0348149619006,2741.0,4305.0,0.0,21928.0,1351.529398232134,4.5,8.0,1.0,36.0,2.449489742783178,17.125,21.0,4.0,137.0,5.540435774506241
9.0,0.0,0.0,0.0,0.0,0.0,0.0,0.0,0.0,0.0,0.0,0.0,0.0,0.0,0.0,0.0,0.0,0.0,1.0,0.0,0.0,0.0,0.0,0.0,0.0,0.0,0.0,0.0,0.0,1.0,0.0,0.0,0.0,1.0,1.0,0.0,0.0,0.0,0.0,0.0,0.0,0.0,0.0,0.0,0.0,0.0,0.0,3.0,0.0,1.0,2.0,0.0,0.0,0.0,0.0,5.0,2.0,0.0,0.0,0.0,0.0,0.0,0.0,0.0,0.0,0.0,0.0,0.0,0.0,0.0,0.0,0.0,0.0,1.0,0.0,0.0,0.0,0.0,0.0,0.0,0.0,0.0,0.0,5.0,3.0,1.0,0.0,0.0,0.0,2.0,0.0,0.0,0.0,0.0,0.0,0.0,0.0,1.0,3.0,0.0,0.0,1.0,0.0,0.0,5.625,9.0,0.0,45.0,4.657942525560891,0.0,0.0,0.0,0.0,0.0,104.75,307.0,16.0,838.0,98.81837596606934,10.375,15.0,8.0,83.0,2.326094212561969,0.625,3.0,0.0,5.0,1.1877349391654206,1.0,1.0,1.0,8.0,0.0,659.875,959.0,506.0,5279.0,149.6342564865603,2112.25,9818.0,0.0,16898.0,3709.0292819396445,7800.875,16898.0,0.0,62407.0,6263.725647100363,4.5,8.0,1.0,36.0,2.449489742783178,27.0,30.0,20.0,216.0,4.0708019567928595
153.0,0.0,0.0,0.0,0.0,1.0,0.0,0.0,0.0,0.0,0.0,0.0,0.0,0.0,0.0,0.0,0.0,0.0,0.0,0.0,0.0,0.0,0.0,0.0,0.0,0.0,0.0,0.0,0.0,1.0,0.0,0.0,0.0,0.0,0.0,0.0,0.0,0.0,0.0,0.0,0.0,0.0,0.0,0.0,0.0,5.0,0.0,0.0,0.0,3.0,0.0,0.0,0.0,0.0,0.0,0.0,0.0,0.0,0.0,0.0,2.0,0.0,0.0,1.0,0.0,0.0,0.0,3.0,0.0,0.0,0.0,0.0,0.0,0.0,0.0,0.0,0.0,0.0,0.0,0.0,2.0,0.0,0.0,4.0,4.0,0.0,0.0,0.0,0.0,0.0,0.0,0.0,0.0,0.0,0.0,5.0,0.0,0.0,0.0,0.0,0.0,3.0,0.0,0.0,38.375,153.0,0.0,307.0,61.660215235248266,0.0,0.0,0.0,0.0,0.0,214.375,651.0,35.0,1715.0,215.31899093471262,14.25,20.0,6.0,114.0,4.803272693844122,2.75,3.0,2.0,22.0,0.46291004988627565,1.0,1.0,1.0,8.0,0.0,885.375,1250.0,405.0,7083.0,285.4564953093303,271.25,876.0,0.0,2170.0,302.82373468028277,1445.375,2170.0,0.0,11563.0,801.0919222268708,4.5,8.0,1.0,36.0,2.449489742783178,20.375,22.0,17.0,163.0,1.597989808656935
350.0,0.0,0.0,0.0,0.0,0.0,0.0,0.0,0.0,0.0,0.0,0.0,0.0,0.0,0.0,0.0,0.0,0.0,0.0,0.0,0.0,1.0,0.0,0.0,0.0,0.0,0.0,0.0,0.0,1.0,0.0,0.0,0.0,0.0,0.0,0.0,0.0,0.0,0.0,0.0,0.0,0.0,0.0,0.0,7.0,0.0,0.0,0.0,0.0,1.0,0.0,0.0,0.0,0.0,0.0,0.0,0.0,0.0,0.0,0.0,0.0,2.0,0.0,0.0,0.0,0.0,0.0,0.0,0.0,0.0,0.0,0.0,2.0,1.0,1.0,0.0,2.0,0.0,0.0,0.0,0.0,0.0,0.0,6.0,2.0,0.0,0.0,0.0,0.0,0.0,0.0,0.0,0.0,0.0,7.0,0.0,0.0,0.0,0.0,0.0,0.0,1.0,0.0,0.0,16.25,33.0,0.0,130.0,14.169887589028864,0.0,0.0,0.0,0.0,0.0,487.5,1080.0,125.0,3900.0,349.0059352749504,10.125,23.0,1.0,81.0,7.019106577254483,4.375,6.0,3.0,35.0,0.9161253813129043,1.0,1.0,1.0,8.0,0.0,642.5,1410.0,74.0,5140.0,428.99550447194997,455.625,1088.0,0.0,3645.0,388.37939385532366,1544.5,3645.0,0.0,12356.0,1331.2990433622128,4.5,8.0,1.0,36.0,2.449489742783178,21.125,22.0,21.0,169.0,0.35355339059327334
35.0,0.0,0.0,0.0,0.0,0.0,0.0,0.0,0.0,0.0,0.0,0.0,0.0,0.0,0.0,0.0,0.0,0.0,0.0,0.0,0.0,0.0,0.0,0.0,0.0,0.0,0.0,0.0,1.0,1.0,0.0,0.0,0.0,0.0,0.0,0.0,0.0,0.0,0.0,0.0,0.0,0.0,0.0,0.0,0.0,0.0,0.0,5.0,0.0,3.0,0.0,0.0,0.0,0.0,0.0,4.0,0.0,0.0,0.0,0.0,0.0,0.0,0.0,1.0,0.0,0.0,0.0,0.0,0.0,0.0,0.0,0.0,0.0,2.0,0.0,0.0,0.0,0.0,1.0,0.0,0.0,0.0,0.0,5.0,3.0,0.0,0.0,0.0,0.0,0.0,0.0,0.0,0.0,0.0,0.0,0.0,0.0,0.0,5.0,0.0,0.0,3.0,0.0,0.0,7.75,34.0,0.0,62.0,12.267844146385297,0.0,0.0,0.0,0.0,0.0,204.125,530.0,60.0,1633.0,168.58523702524235,14.0,23.0,1.0,112.0,6.80336051416609,3.0,6.0,2.0,24.0,1.3093073414159542,1.0,1.0,1.0,8.0,0.0,859.375,1415.0,75.0,6875.0,409.1091148546349,603.375,2980.0,0.0,4827.0,1007.910276264708,1291.375,4827.0,0.0,10331.0,1584.4418519285766,4.5,8.0,1.0,36.0,2.449489742783178,33.0,33.0,33.0,264.0,0.0
12.0,0.0,1.0,0.0,0.0,0.0,0.0,0.0,0.0,0.0,0.0,0.0,0.0,0.0,0.0,0.0,0.0,0.0,0.0,0.0,0.0,0.0,0.0,0.0,0.0,0.0,0.0,0.0,0.0,1.0,0.0,0.0,0.0,0.0,0.0,0.0,0.0,0.0,0.0,0.0,0.0,0.0,0.0,0.0,0.0,0.0,0.0,5.0,0.0,3.0,0.0,0.0,0.0,0.0,0.0,5.0,0.0,0.0,0.0,0.0,0.0,0.0,0.0,3.0,0.0,0.0,0.0,0.0,0.0,0.0,0.0,0.0,0.0,0.0,0.0,0.0,0.0,0.0,0.0,0.0,0.0,0.0,0.0,4.0,4.0,0.0,0.0,0.0,0.0,0.0,0.0,0.0,0.0,0.0,0.0,0.0,0.0,0.0,5.0,0.0,0.0,3.0,0.0,0.0,3.125,12.0,0.0,25.0,4.2907708265199025,0.0,0.0,0.0,0.0,0.0,186.75,388.0,70.0,1494.0,112.65211937642363,14.625,17.0,11.0,117.0,1.9226098333849675,1.375,2.0,0.0,11.0,0.7440238091428449,1.0,1.0,1.0,8.0,0.0,909.625,1050.0,703.0,7277.0,106.14940616212334,351.25,1277.0,0.0,2810.0,543.3098957842963,1839.625,2810.0,0.0,14717.0,1005.7345485479045,4.5,8.0,1.0,36.0,2.449489742783178,29.875,31.0,29.0,239.0,0.8345229603962795
12.0,0.0,0.0,0.0,0.0,0.0,0.0,0.0,0.0,0.0,0.0,0.0,0.0,0.0,0.0,0.0,0.0,0.0,0.0,0.0,0.0,0.0,0.0,0.0,0.0,0.0,1.0,0.0,0.0,1.0,0.0,1.0,0.0,1.0,1.0,0.0,0.0,0.0,0.0,0.0,1.0,0.0,0.0,0.0,0.0,0.0,0.0,0.0,3.0,1.0,0.0,0.0,0.0,0.0,0.0,0.0,3.0,0.0,2.0,1.0,0.0,0.0,0.0,0.0,0.0,0.0,0.0,0.0,0.0,0.0,0.0,1.0,0.0,1.0,0.0,0.0,0.0,0.0,0.0,0.0,0.0,0.0,0.0,6.0,2.0,1.0,0.0,1.0,0.0,0.0,0.0,0.0,1.0,0.0,0.0,0.0,0.0,1.0,0.0,3.0,0.0,1.0,0.0,0.0,7.5,12.0,0.0,60.0,5.3452248382484875,0.0,0.0,0.0,0.0,0.0,231.0,903.0,8.0,1848.0,296.7673451423811,12.375,17.0,7.0,99.0,3.662064211031026,1.5,3.0,0.0,12.0,1.1952286093343938,1.375,2.0,1.0,11.0,0.5175491695067657,765.125,1065.0,427.0,6121.0,225.4686785342922,3626.25,19978.0,0.0,29010.0,6915.431806577848,11790.125,29010.0,0.0,94321.0,13883.098526497195,4.5,8.0,1.0,36.0,2.449489742783178,34.875,36.0,33.0,279.0,1.2464234547582276
3.0,0.0,0.0,0.0,0.0,0.0,0.0,0.0,0.0,0.0,0.0,0.0,0.0,0.0,0.0,0.0,0.0,0.0,0.0,0.0,0.0,0.0,0.0,0.0,0.0,0.0,1.0,0.0,0.0,1.0,0.0,1.0,0.0,1.0,0.0,0.0,0.0,0.0,0.0,0.0,1.0,0.0,0.0,0.0,0.0,0.0,0.0,3.0,0.0,2.0,0.0,0.0,0.0,0.0,0.0,0.0,0.0,0.0,0.0,0.0,0.0,0.0,3.0,2.0,0.0,0.0,0.0,0.0,0.0,0.0,0.0,0.0,0.0,0.0,0.0,0.0,0.0,0.0,3.0,0.0,0.0,0.0,1.0,6.0,1.0,1.0,0.0,1.0,0.0,0.0,0.0,0.0,1.0,0.0,0.0,0.0,0.0,0.0,3.0,0.0,0.0,2.0,0.0,0.0,1.875,3.0,0.0,15.0,1.3562026818605375,0.0,0.0,0.0,0.0,0.0,127.75,342.0,40.0,1022.0,101.36038955838997,12.25,16.0,8.0,98.0,2.76457178290909,0.875,1.0,0.0,7.0,0.3535533905932738,1.0,1.0,1.0,8.0,0.0,762.5,1003.0,520.0,6100.0,162.20797937040143,174.625,957.0,0.0,1397.0,320.0553244585781,1019.5,1397.0,0.0,8156.0,431.9292270069915,4.5,8.0,1.0,36.0,2.449489742783178,15.25,17.0,9.0,122.0,2.549509756796393
3.0,0.0,0.0,0.0,0.0,1.0,0.0,0.0,0.0,0.0,0.0,0.0,0.0,0.0,0.0,0.0,0.0,0.0,0.0,0.0,0.0,0.0,0.0,0.0,0.0,0.0,0.0,0.0,0.0,1.0,0.0,0.0,0.0,2.0,0.0,1.0,0.0,0.0,0.0,0.0,4.0,0.0,0.0,0.0,0.0,0.0,0.0,0.0,0.0,1.0,0.0,0.0,0.0,0.0,0.0,0.0,0.0,0.0,0.0,0.0,0.0,0.0,0.0,0.0,1.0,0.0,0.0,0.0,0.0,0.0,1.0,6.0,0.0,0.0,0.0,0.0,0.0,0.0,0.0,0.0,0.0,0.0,0.0,6.0,2.0,2.0,0.0,0.0,0.0,0.0,1.0,0.0,4.0,0.0,0.0,0.0,0.0,0.0,0.0,0.0,0.0,1.0,0.0,0.0,1.875,3.0,0.0,15.0,1.5526475085202969,0.0,0.0,0.0,0.0,0.0,151.375,510.0,10.0,1211.0,171.54752569311097,12.5,23.0,1.0,100.0,7.010196655077314,3.5,6.0,0.0,28.0,2.32992949004287,1.0,1.0,1.0,8.0,0.0,776.75,1425.0,75.0,6214.0,427.9388307423654,1035.0,3819.0,0.0,8280.0,1604.9900756257475,4856.75,8280.0,0.0,38854.0,3305.5659014110474,4.5,8.0,1.0,36.0,2.449489742783178,19.0,22.0,8.0,152.0,4.840306956027833
12.0,0.0,1.0,0.0,0.0,0.0,0.0,0.0,0.0,0.0,0.0,0.0,0.0,0.0,0.0,0.0,0.0,0.0,0.0,0.0,0.0,0.0,0.0,0.0,0.0,0.0,0.0,0.0,0.0,1.0,0.0,0.0,0.0,0.0,0.0,0.0,0.0,0.0,0.0,0.0,0.0,0.0,0.0,0.0,0.0,0.0,0.0,7.0,0.0,1.0,0.0,0.0,0.0,0.0,0.0,7.0,0.0,0.0,0.0,0.0,0.0,0.0,0.0,0.0,0.0,0.0,0.0,0.0,0.0,0.0,0.0,0.0,0.0,1.0,0.0,0.0,0.0,0.0,0.0,0.0,0.0,0.0,0.0,4.0,4.0,0.0,0.0,0.0,0.0,0.0,0.0,0.0,0.0,0.0,0.0,0.0,0.0,0.0,7.0,0.0,0.0,1.0,0.0,0.0,4.5,12.0,0.0,36.0,5.9521904731427595,0.0,0.0,0.0,0.0,0.0,114.25,270.0,1.0,914.0,95.14162375862928,12.25,17.0,7.0,98.0,2.9640705601780613,4.125,6.0,2.0,33.0,1.6420805617960927,1.0,1.0,1.0,8.0,0.0,757.25,1071.0,422.0,6058.0,193.98361491925772,690.0,2543.0,0.0,5520.0,884.1026120148206,2746.25,5520.0,0.0,21970.0,2249.4992299874843,4.5,8.0,1.0,36.0,2.449489742783178,34.5,37.0,33.0,276.0,1.3093073414159562
250.0,0.0,1.0,0.0,0.0,0.0,0.0,0.0,0.0,0.0,0.0,0.0,0.0,0.0,0.0,0.0,0.0,0.0,0.0,0.0,0.0,0.0,0.0,0.0,0.0,0.0,0.0,0.0,0.0,1.0,0.0,0.0,0.0,0.0,0.0,0.0,0.0,0.0,0.0,0.0,0.0,0.0,0.0,0.0,0.0,0.0,5.0,0.0,0.0,3.0,0.0,0.0,0.0,0.0,0.0,1.0,0.0,0.0,0.0,0.0,0.0,2.0,0.0,0.0,0.0,0.0,0.0,0.0,0.0,0.0,0.0,0.0,0.0,3.0,0.0,0.0,2.0,0.0,0.0,0.0,0.0,0.0,0.0,4.0,4.0,0.0,0.0,0.0,0.0,0.0,0.0,0.0,0.0,0.0,0.0,0.0,5.0,0.0,0.0,0.0,0.0,3.0,0.0,0.0,3.0,16.0,0.0,24.0,5.42481072744215,0.0,0.0,0.0,0.0,0.0,258.375,629.0,13.0,2067.0,211.10250556813116,8.75,23.0,0.0,70.0,6.670832032063167,4.0,6.0,2.0,32.0,1.0690449676496976,2.0,2.0,2.0,16.0,0.0,556.25,1419.0,13.0,4450.0,406.53228654068795,1501.0,6777.0,0.0,12008.0,2332.636154348,5797.25,12008.0,0.0,46378.0,5162.688107953065,4.5,8.0,1.0,36.0,2.449489742783178,34.125,35.0,33.0,273.0,0.8345229603962798
400.0,0.0,0.0,0.0,0.0,0.0,0.0,0.0,0.0,0.0,0.0,0.0,0.0,0.0,0.0,0.0,0.0,1.0,0.0,0.0,0.0,0.0,0.0,0.0,0.0,0.0,0.0,0.0,0.0,1.0,0.0,0.0,0.0,0.0,0.0,0.0,0.0,0.0,0.0,0.0,0.0,0.0,0.0,0.0,0.0,6.0,0.0,0.0,0.0,2.0,0.0,0.0,0.0,0.0,0.0,0.0,0.0,0.0,0.0,0.0,0.0,1.0,0.0,0.0,0.0,0.0,0.0,3.0,0.0,0.0,2.0,0.0,1.0,0.0,0.0,0.0,1.0,0.0,0.0,0.0,0.0,0.0,0.0,2.0,6.0,0.0,0.0,0.0,0.0,0.0,0.0,0.0,0.0,0.0,0.0,6.0,0.0,0.0,0.0,0.0,0.0,2.0,0.0,0.0,1.125,5.0,0.0,9.0,1.8850918886280925,0.0,0.0,0.0,0.0,0.0,398.625,646.0,121.0,3189.0,170.04447947522436,14.75,23.0,6.0,118.0,5.311712126450916,3.0,4.0,1.0,24.0,1.0690449676496976,1.0,1.0,1.0,8.0,0.0,910.875,1425.0,404.0,7287.0,315.7134494171212,556.875,1575.0,0.0,4455.0,480.4567581256105,2845.875,4455.0,0.0,22767.0,1502.8109316971884,4.5,8.0,1.0,36.0,2.449489742783178,32.875,34.0,32.0,263.0,0.6408699444616591
20.0,0.0,0.0,0.0,0.0,0.0,0.0,0.0,0.0,0.0,0.0,0.0,0.0,0.0,0.0,0.0,0.0,1.0,0.0,0.0,0.0,0.0,0.0,0.0,0.0,0.0,0.0,0.0,0.0,1.0,0.0,0.0,0.0,1.0,1.0,0.0,0.0,0.0,0.0,0.0,0.0,0.0,0.0,5.0,0.0,0.0,0.0,0.0,0.0,1.0,0.0,0.0,0.0,0.0,0.0,0.0,2.0,0.0,2.0,2.0,0.0,0.0,0.0,1.0,0.0,0.0,0.0,0.0,0.0,0.0,0.0,0.0,0.0,0.0,0.0,0.0,0.0,0.0,0.0,0.0,1.0,0.0,0.0,6.0,2.0,1.0,5.0,0.0,0.0,0.0,0.0,0.0,0.0,0.0,0.0,0.0,0.0,1.0,0.0,0.0,0.0,1.0,0.0,0.0,7.625,20.0,1.0,61.0,8.262436513696013,0.0,0.0,0.0,0.0,0.0,195.125,521.0,2.0,1561.0,186.85092415383676,12.875,23.0,6.0,103.0,6.0341291240504855,2.75,6.0,0.0,22.0,2.815771906346718,1.25,2.0,1.0,10.0,0.4629100498862757,805.75,1425.0,404.0,6446.0,371.6783363532044,492.125,2874.0,0.0,3937.0,970.6830345542403,1362.75,3937.0,0.0,10902.0,1600.488028249955,4.5,8.0,1.0,36.0,2.449489742783178,31.375,33.0,30.0,251.0,1.3024701806293195
36.0,0.0,1.0,0.0,0.0,0.0,0.0,0.0,0.0,0.0,0.0,0.0,0.0,0.0,0.0,0.0,0.0,0.0,0.0,0.0,0.0,0.0,0.0,0.0,0.0,0.0,0.0,0.0,0.0,1.0,0.0,0.0,0.0,0.0,0.0,0.0,0.0,0.0,0.0,0.0,0.0,0.0,0.0,0.0,0.0,0.0,0.0,7.0,0.0,0.0,0.0,1.0,0.0,0.0,0.0,4.0,0.0,0.0,0.0,0.0,0.0,0.0,0.0,0.0,0.0,0.0,0.0,0.0,0.0,0.0,0.0,0.0,0.0,0.0,1.0,0.0,1.0,0.0,0.0,0.0,1.0,1.0,0.0,5.0,3.0,0.0,0.0,0.0,0.0,0.0,0.0,0.0,0.0,0.0,0.0,0.0,0.0,0.0,7.0,1.0,0.0,0.0,0.0,0.0,9.0,23.0,0.0,72.0,10.014275524755362,0.0,0.0,0.0,0.0,0.0,385.0,660.0,78.0,3080.0,219.6991449362384,13.25,18.0,3.0,106.0,5.67576300723398,1.125,3.0,0.0,9.0,1.1259916264596033,1.375,2.0,1.0,11.0,0.5175491695067657,827.0,1082.0,228.0,6616.0,330.0450185743064,461.125,1359.0,0.0,3689.0,474.80746097760516,1588.0,3689.0,0.0,12704.0,1508.7529382146795,4.5,8.0,1.0,36.0,2.449489742783178,31.375,33.0,29.0,251.0,1.5979898086569349
53.0,0.0,0.0,0.0,0.0,1.0,0.0,0.0,0.0,0.0,0.0,0.0,0.0,0.0,0.0,0.0,0.0,0.0,0.0,0.0,0.0,0.0,0.0,0.0,0.0,0.0,0.0,0.0,0.0,1.0,0.0,0.0,0.0,0.0,0.0,0.0,0.0,0.0,0.0,0.0,0.0,0.0,0.0,0.0,6.0,2.0,0.0,0.0,0.0,0.0,0.0,0.0,0.0,0.0,0.0,2.0,0.0,0.0,0.0,0.0,0.0,1.0,0.0,0.0,0.0,0.0,0.0,1.0,0.0,0.0,0.0,0.0,0.0,0.0,0.0,0.0,0.0,0.0,0.0,0.0,4.0,0.0,0.0,4.0,4.0,0.0,0.0,0.0,0.0,0.0,0.0,0.0,0.0,0.0,6.0,2.0,0.0,0.0,0.0,0.0,0.0,0.0,0.0,0.0,2.625,16.0,0.0,21.0,5.475595205741825,0.0,0.0,0.0,0.0,0.0,138.625,425.0,41.0,1109.0,137.617417398484,15.25,23.0,6.0,122.0,6.584614100852295,2.375,3.0,2.0,19.0,0.5175491695067657,2.0,2.0,2.0,16.0,0.0,944.625,1418.0,404.0,7557.0,399.338716773475,130.125,426.0,0.0,1041.0,149.75736328188628,522.625,1041.0,0.0,4181.0,417.5335529716658,4.5,8.0,1.0,36.0,2.449489742783178,32.5,33.0,32.0,260.0,0.5345224838248481
10.0,0.0,0.0,0.0,0.0,0.0,0.0,0.0,0.0,0.0,0.0,0.0,0.0,0.0,0.0,0.0,0.0,0.0,0.0,0.0,0.0,0.0,0.0,0.0,0.0,0.0,1.0,0.0,0.0,1.0,0.0,0.0,0.0,0.0,0.0,0.0,0.0,0.0,0.0,0.0,0.0,0.0,0.0,6.0,0.0,0.0,0.0,0.0,0.0,2.0,0.0,0.0,0.0,0.0,0.0,0.0,0.0,0.0,0.0,1.0,0.0,0.0,0.0,2.0,0.0,0.0,0.0,0.0,0.0,0.0,0.0,0.0,0.0,0.0,5.0,0.0,0.0,0.0,0.0,0.0,0.0,0.0,0.0,4.0,4.0,0.0,6.0,0.0,0.0,0.0,0.0,0.0,0.0,0.0,0.0,0.0,0.0,0.0,0.0,0.0,0.0,2.0,0.0,0.0,2.75,10.0,0.0,22.0,3.9551051999734645,0.0,0.0,0.0,0.0,0.0,173.5,463.0,23.0,1388.0,147.94110797398886,13.5,21.0,8.0,108.0,3.9641248358604595,1.0,2.0,0.0,8.0,0.5345224838248488,2.0,2.0,2.0,16.0,0.0,828.0,1283.0,492.0,6624.0,244.79262360501914,306.25,1131.0,0.0,2450.0,397.77658840826,1346.0,2450.0,0.0,10768.0,689.5406338384167,4.5,8.0,1.0,36.0,2.449489742783178,29.625,34.0,28.0,237.0,2.1998376563477846
10.0,0.0,0.0,0.0,0.0,1.0,0.0,0.0,0.0,0.0,0.0,0.0,0.0,0.0,0.0,0.0,0.0,0.0,0.0,0.0,0.0,0.0,0.0,0.0,0.0,0.0,0.0,0.0,0.0,1.0,0.0,0.0,0.0,1.0,1.0,0.0,0.0,0.0,0.0,2.0,0.0,0.0,0.0,0.0,1.0,1.0,0.0,0.0,0.0,2.0,0.0,0.0,0.0,0.0,0.0,0.0,2.0,0.0,0.0,0.0,2.0,1.0,0.0,0.0,0.0,0.0,1.0,0.0,1.0,0.0,0.0,0.0,0.0,0.0,0.0,0.0,0.0,0.0,0.0,0.0,1.0,0.0,0.0,4.0,4.0,1.0,0.0,0.0,0.0,0.0,0.0,0.0,0.0,2.0,1.0,1.0,0.0,1.0,0.0,0.0,0.0,2.0,0.0,0.0,5.0,10.0,0.0,40.0,4.898979485566356,0.0,0.0,0.0,0.0,0.0,143.375,635.0,20.0,1147.0,205.74459722120113,14.875,23.0,7.0,119.0,5.330170192940773,2.625,6.0,0.0,21.0,2.825268634509444,1.375,2.0,1.0,11.0,0.5175491695067657,921.125,1403.0,460.0,7369.0,315.102902693254,2876.375,21912.0,0.0,23011.0,7693.495470432892,8842.125,23011.0,0.0,70737.0,11651.412599061601,4.5,8.0,1.0,36.0,2.449489742783178,30.0,32.0,28.0,240.0,1.8516401995451022
36.0,0.0,0.0,0.0,0.0,0.0,0.0,0.0,0.0,0.0,0.0,0.0,0.0,0.0,0.0,0.0,0.0,0.0,0.0,0.0,0.0,0.0,0.0,0.0,0.0,0.0,1.0,0.0,0.0,1.0,0.0,1.0,0.0,0.0,0.0,0.0,0.0,0.0,0.0,0.0,0.0,0.0,0.0,0.0,0.0,0.0,0.0,0.0,0.0,0.0,0.0,6.0,1.0,0.0,0.0,0.0,0.0,0.0,4.0,0.0,0.0,0.0,0.0,0.0,0.0,0.0,0.0,0.0,0.0,0.0,0.0,0.0,0.0,1.0,1.0,0.0,0.0,0.0,0.0,1.0,1.0,0.0,1.0,4.0,3.0,0.0,0.0,1.0,0.0,0.0,0.0,0.0,0.0,0.0,0.0,0.0,0.0,0.0,0.0,6.0,0.0,1.0,0.0,0.0,13.5,36.0,0.0,108.0,17.121415161804155,0.0,0.0,0.0,0.0,0.0,154.25,416.0,26.0,1234.0,154.93293479991362,14.75,23.0,6.0,118.0,6.734771180756096,1.125,2.0,0.0,9.0,0.6408699444616557,1.375,2.0,1.0,11.0,0.5175491695067657,921.25,1421.0,403.0,7370.0,406.4096279793156,1395.5,9262.0,0.0,11164.0,3186.112588809666,2380.25,11164.0,0.0,19042.0,3605.222035959981,4.5,8.0,1.0,36.0,2.449489742783178,32.25,34.0,31.0,258.0,0.8864052604279181
20.0,0.0,0.0,0.0,0.0,0.0,0.0,0.0,0.0,0.0,0.0,0.0,0.0,0.0,0.0,0.0,0.0,0.0,0.0,0.0,0.0,0.0,0.0,0.0,0.0,0.0,1.0,0.0,0.0,1.0,0.0,0.0,0.0,0.0,1.0,0.0,0.0,0.0,0.0,0.0,0.0,0.0,0.0,0.0,0.0,0.0,0.0,0.0,4.0,2.0,0.0,0.0,0.0,0.0,1.0,0.0,2.0,0.0,3.0,0.0,0.0,0.0,0.0,0.0,0.0,0.0,0.0,0.0,0.0,0.0,1.0,0.0,0.0,1.0,1.0,0.0,0.0,0.0,0.0,0.0,0.0,0.0,0.0,6.0,2.0,0.0,0.0,1.0,0.0,0.0,0.0,0.0,0.0,0.0,0.0,0.0,0.0,1.0,0.0,4.0,0.0,2.0,0.0,0.0,10.0,20.0,0.0,80.0,9.118270512704543,0.0,0.0,0.0,0.0,0.0,133.125,254.0,20.0,1065.0,95.37061167586465,10.0,15.0,0.0,80.0,4.6291004988627575,2.625,6.0,0.0,21.0,1.7677669529663689,1.125,2.0,1.0,9.0,0.3535533905932738,627.5,955.0,4.0,5020.0,287.3081968896815,2155.75,11646.0,0.0,17246.0,3975.48925111291,3372.5,17246.0,0.0,26980.0,5934.642870468281,4.5,8.0,1.0,36.0,2.449489742783178,32.625,33.0,32.0,261.0,0.5175491695067649
26.0,0.0,1.0,0.0,0.0,0.0,0.0,0.0,0.0,0.0,0.0,0.0,0.0,0.0,0.0,0.0,0.0,0.0,0.0,0.0,0.0,0.0,0.0,0.0,0.0,0.0,0.0,0.0,0.0,1.0,0.0,0.0,0.0,1.0,1.0,0.0,0.0,0.0,0.0,0.0,0.0,0.0,0.0,0.0,0.0,0.0,0.0,4.0,0.0,2.0,0.0,0.0,0.0,0.0,0.0,2.0,2.0,0.0,0.0,0.0,0.0,0.0,2.0,0.0,0.0,0.0,0.0,0.0,0.0,0.0,0.0,0.0,0.0,2.0,0.0,0.0,0.0,0.0,0.0,0.0,0.0,0.0,0.0,6.0,2.0,1.0,0.0,0.0,0.0,0.0,0.0,0.0,0.0,0.0,0.0,0.0,0.0,1.0,4.0,0.0,0.0,2.0,0.0,0.0,13.0,26.0,0.0,104.0,12.247448713915889,0.0,0.0,0.0,0.0,0.0,101.625,276.0,11.0,813.0,110.8563259358707,11.75,21.0,0.0,94.0,6.08863109175031,3.125,6.0,0.0,25.0,1.6420805617960927,2.0,2.0,2.0,16.0,0.0,739.875,1263.0,29.0,5919.0,365.1044615683885,794.375,3261.0,0.0,6355.0,1081.3668516544897,2150.875,6355.0,0.0,17207.0,2313.7646773479055,4.5,8.0,1.0,36.0,2.449489742783178,29.125,30.0,27.0,233.0,1.2464234547582247
198.0,0.0,0.0,0.0,0.0,0.0,1.0,0.0,0.0,0.0,0.0,0.0,0.0,0.0,0.0,0.0,0.0,0.0,0.0,0.0,0.0,0.0,0.0,0.0,0.0,0.0,0.0,0.0,0.0,1.0,0.0,0.0,0.0,0.0,0.0,0.0,0.0,0.0,0.0,0.0,0.0,0.0,8.0,0.0,0.0,0.0,0.0,0.0,0.0,0.0,0.0,0.0,0.0,0.0,0.0,0.0,0.0,0.0,0.0,3.0,0.0,0.0,0.0,0.0,0.0,0.0,0.0,0.0,0.0,0.0,0.0,0.0,0.0,0.0,4.0,0.0,0.0,0.0,0.0,0.0,1.0,0.0,0.0,6.0,2.0,0.0,8.0,0.0,0.0,0.0,0.0,0.0,0.0,0.0,0.0,0.0,0.0,0.0,0.0,0.0,0.0,0.0,0.0,0.0,10.25,21.0,0.0,82.0,7.324128422062051,0.0,0.0,0.0,0.0,0.0,383.25,666.0,83.0,3066.0,205.90687909135738,10.5,18.0,3.0,84.0,6.07100838882165,1.25,6.0,0.0,10.0,2.052872551885702,2.0,2.0,2.0,16.0,0.0,664.125,1080.0,195.0,5313.0,365.92053684606753,455.25,762.0,0.0,3642.0,278.5855857208491,1572.125,3642.0,0.0,12577.0,1241.3014411725876,4.5,8.0,1.0,36.0,2.449489742783178,27.25,29.0,25.0,218.0,1.3887301496588262
10.0,0.0,1.0,0.0,0.0,0.0,0.0,0.0,0.0,0.0,0.0,0.0,0.0,0.0,0.0,0.0,0.0,0.0,0.0,0.0,0.0,0.0,0.0,0.0,0.0,0.0,0.0,0.0,0.0,1.0,1.0,0.0,0.0,1.0,0.0,0.0,0.0,0.0,0.0,0.0,0.0,0.0,0.0,0.0,0.0,0.0,5.0,0.0,0.0,1.0,0.0,0.0,0.0,0.0,0.0,0.0,1.0,0.0,0.0,0.0,0.0,0.0,0.0,2.0,0.0,0.0,0.0,2.0,0.0,0.0,0.0,0.0,1.0,0.0,0.0,0.0,2.0,0.0,0.0,0.0,0.0,0.0,0.0,4.0,4.0,1.0,0.0,0.0,0.0,0.0,0.0,0.0,0.0,0.0,0.0,0.0,5.0,0.0,0.0,0.0,0.0,2.0,0.0,0.0,3.75,10.0,0.0,30.0,4.920801328471382,0.0,0.0,0.0,0.0,0.0,156.375,387.0,0.0,1251.0,126.92172784830814,12.625,22.0,1.0,101.0,7.424621202458749,2.125,6.0,1.0,17.0,1.6420805617960927,1.5,2.0,1.0,12.0,0.5345224838248488,789.5,1360.0,75.0,6316.0,452.8806212931363,650.125,3762.0,0.0,5201.0,1265.4326688076749,3954.5,5201.0,0.0,31636.0,1683.3650822088475,4.5,8.0,1.0,36.0,2.449489742783178,32.125,33.0,31.0,257.0,0.6408699444616559
75.0,0.0,1.0,0.0,0.0,0.0,0.0,0.0,0.0,0.0,0.0,0.0,0.0,0.0,0.0,0.0,0.0,0.0,0.0,0.0,0.0,0.0,0.0,0.0,0.0,0.0,0.0,0.0,0.0,1.0,0.0,0.0,0.0,0.0,0.0,0.0,0.0,0.0,0.0,0.0,0.0,0.0,0.0,0.0,0.0,0.0,0.0,8.0,0.0,0.0,0.0,0.0,0.0,0.0,0.0,1.0,0.0,0.0,0.0,0.0,0.0,0.0,7.0,0.0,0.0,0.0,0.0,0.0,0.0,0.0,0.0,0.0,0.0,0.0,0.0,0.0,0.0,0.0,0.0,0.0,0.0,0.0,2.0,3.0,3.0,0.0,0.0,0.0,0.0,0.0,0.0,0.0,0.0,0.0,0.0,0.0,0.0,0.0,8.0,0.0,0.0,0.0,0.0,0.0,9.375,43.0,0.0,75.0,15.305811221325616,0.0,0.0,0.0,0.0,0.0,157.375,500.0,22.0,1259.0,152.99667363330857,12.625,18.0,6.0,101.0,4.627171304989074,1.875,3.0,1.0,15.0,0.8345229603962802,2.0,2.0,2.0,16.0,0.0,788.625,1082.0,396.0,6309.0,272.98557654205837,2550.875,17822.0,0.0,20407.0,6183.845392576185,16412.625,20407.0,0.0,131301.0,6689.579186797072,4.5,8.0,1.0,36.0,2.449489742783178,27.25,36.0,25.0,218.0,3.654742515847438
70.0,0.0,0.0,0.0,1.0,0.0,0.0,0.0,0.0,0.0,0.0,0.0,0.0,0.0,0.0,0.0,0.0,0.0,0.0,0.0,0.0,0.0,0.0,0.0,0.0,0.0,0.0,0.0,0.0,1.0,0.0,0.0,0.0,0.0,0.0,0.0,0.0,0.0,0.0,0.0,0.0,0.0,7.0,0.0,0.0,0.0,0.0,0.0,0.0,1.0,0.0,0.0,0.0,0.0,0.0,0.0,0.0,0.0,2.0,2.0,0.0,0.0,0.0,1.0,0.0,0.0,0.0,0.0,0.0,0.0,0.0,0.0,0.0,0.0,3.0,0.0,0.0,0.0,0.0,0.0,0.0,0.0,0.0,6.0,2.0,0.0,7.0,0.0,0.0,0.0,0.0,0.0,0.0,0.0,0.0,0.0,0.0,0.0,0.0,0.0,0.0,1.0,0.0,0.0,6.375,15.0,0.0,51.0,6.4572771793867245,0.0,0.0,0.0,0.0,0.0,270.0,562.0,29.0,2160.0,217.20891852250054,11.375,21.0,6.0,91.0,5.7802001942592165,4.5,6.0,3.0,36.0,1.3093073414159542,2.0,2.0,2.0,16.0,0.0,722.5,1282.0,397.0,5780.0,348.1465208787817,526.375,2504.0,0.0,4211.0,826.8857128665709,1814.5,4211.0,0.0,14516.0,1733.1112403503046,4.5,8.0,1.0,36.0,2.449489742783178,35.25,37.0,34.0,282.0,0.8864052604279188
24.0,0.0,0.0,0.0,0.0,0.0,0.0,0.0,0.0,0.0,0.0,0.0,0.0,0.0,0.0,0.0,0.0,0.0,0.0,0.0,0.0,0.0,0.0,0.0,0.0,0.0,1.0,0.0,0.0,1.0,1.0,0.0,0.0,1.0,1.0,0.0,1.0,0.0,0.0,0.0,0.0,0.0,0.0,0.0,0.0,0.0,0.0,0.0,0.0,0.0,3.0,0.0,1.0,0.0,0.0,2.0,2.0,0.0,0.0,0.0,0.0,0.0,1.0,0.0,0.0,0.0,0.0,0.0,0.0,0.0,0.0,0.0,0.0,2.0,0.0,0.0,0.0,1.0,0.0,0.0,0.0,0.0,1.0,6.0,1.0,1.0,0.0,0.0,0.0,0.0,0.0,0.0,0.0,0.0,0.0,0.0,0.0,1.0,3.0,0.0,1.0,2.0,0.0,0.0,18.0,24.0,0.0,144.0,11.109841197270617,0.0,0.0,0.0,0.0,0.0,86.875,242.0,18.0,695.0,71.53108714797663,7.125,12.0,1.0,57.0,4.323936698360486,2.75,3.0,1.0,22.0,0.7071067811865476,3.0,3.0,3.0,24.0,0.0,448.625,739.0,60.0,3589.0,268.8472415438074,383.75,2391.0,0.0,3070.0,815.309187626738,2419.625,3070.0,0.0,19357.0,1013.155740037744,4.5,8.0,1.0,36.0,2.449489742783178,19.875,20.0,19.0,159.0,0.3535533905932738
40.0,0.0,0.0,0.0,0.0,0.0,0.0,0.0,0.0,0.0,0.0,0.0,0.0,0.0,0.0,0.0,0.0,0.0,0.0,0.0,0.0,0.0,0.0,0.0,1.0,0.0,0.0,0.0,0.0,1.0,0.0,0.0,0.0,0.0,0.0,0.0,0.0,0.0,0.0,0.0,0.0,0.0,0.0,0.0,0.0,0.0,0.0,0.0,7.0,1.0,0.0,0.0,0.0,0.0,0.0,0.0,0.0,0.0,5.0,0.0,0.0,0.0,0.0,1.0,0.0,0.0,0.0,0.0,0.0,0.0,0.0,0.0,0.0,0.0,1.0,0.0,0.0,0.0,0.0,0.0,1.0,0.0,1.0,3.0,4.0,0.0,0.0,0.0,0.0,0.0,0.0,0.0,0.0,0.0,0.0,0.0,0.0,0.0,0.0,7.0,0.0,1.0,0.0,0.0,5.125,27.0,0.0,41.0,9.341726668173134,0.0,0.0,0.0,0.0,0.0,202.625,571.0,60.0,1621.0,168.19880881181734,11.5,17.0,6.0,92.0,4.4077853201547175,4.125,6.0,3.0,33.0,1.246423454758225,2.0,2.0,2.0,16.0,0.0,726.375,1050.0,406.0,5811.0,252.73246017987364,501.0,2581.0,0.0,4008.0,878.9100392775458,1381.375,4008.0,0.0,11051.0,1620.5235430475636,4.5,8.0,1.0,36.0,2.449489742783178,28.375,30.0,27.0,227.0,1.4078859531733592
155.0,0.0,0.0,0.0,0.0,1.0,0.0,0.0,0.0,0.0,0.0,0.0,0.0,0.0,0.0,0.0,0.0,0.0,0.0,0.0,0.0,0.0,0.0,0.0,0.0,0.0,0.0,0.0,0.0,1.0,0.0,0.0,0.0,0.0,0.0,0.0,0.0,0.0,0.0,0.0,0.0,0.0,0.0,0.0,7.0,0.0,0.0,0.0,0.0,1.0,0.0,0.0,0.0,0.0,0.0,0.0,0.0,0.0,0.0,0.0,1.0,1.0,0.0,0.0,0.0,0.0,0.0,1.0,0.0,0.0,0.0,0.0,2.0,0.0,0.0,0.0,2.0,0.0,0.0,0.0,1.0,0.0,0.0,5.0,3.0,0.0,0.0,0.0,0.0,0.0,0.0,0.0,0.0,0.0,7.0,0.0,0.0,0.0,0.0,0.0,0.0,1.0,0.0,0.0,19.375,55.0,0.0,155.0,21.493769861453874,0.0,0.0,0.0,0.0,0.0,351.625,1050.0,58.0,2813.0,351.3931203082952,9.875,19.0,5.0,79.0,4.517821851923146,4.5,6.0,2.0,36.0,1.5118578920369088,2.0,2.0,2.0,16.0,0.0,612.0,1140.0,308.0,4896.0,264.25474722050205,751.625,1827.0,0.0,6013.0,793.4634634670603,3820.0,6013.0,0.0,30560.0,2274.645780901156,4.5,8.0,1.0,36.0,2.449489742783178,34.625,35.0,33.0,277.0,0.7440238091428443
150.0,0.0,0.0,0.0,0.0,1.0,0.0,0.0,0.0,0.0,0.0,0.0,0.0,0.0,0.0,0.0,0.0,0.0,0.0,0.0,0.0,0.0,0.0,0.0,0.0,0.0,0.0,0.0,0.0,1.0,0.0,0.0,0.0,0.0,0.0,0.0,0.0,0.0,0.0,0.0,0.0,0.0,0.0,0.0,2.0,5.0,0.0,0.0,0.0,1.0,0.0,0.0,0.0,0.0,0.0,0.0,0.0,0.0,0.0,0.0,1.0,1.0,0.0,0.0,0.0,0.0,0.0,2.0,0.0,0.0,0.0,0.0,0.0,0.0,1.0,0.0,0.0,0.0,0.0,0.0,3.0,0.0,0.0,6.0,2.0,0.0,0.0,0.0,0.0,0.0,0.0,0.0,0.0,0.0,2.0,5.0,0.0,0.0,0.0,0.0,0.0,1.0,0.0,0.0,21.625,50.0,0.0,173.0,21.573379760383265,0.0,0.0,0.0,0.0,0.0,301.875,460.0,100.0,2415.0,150.221205940725,13.125,23.0,6.0,105.0,7.3375258578274,4.25,6.0,3.0,34.0,1.164964745021435,2.0,2.0,2.0,16.0,0.0,819.0,1419.0,398.0,6552.0,450.6645886117207,433.375,2048.0,0.0,3467.0,679.9140570689799,1246.0,3467.0,0.0,9968.0,1396.4327000304331,4.5,8.0,1.0,36.0,2.449489742783178,34.0,35.0,33.0,272.0,0.7559289460184524
73.0,0.0,0.0,0.0,1.0,0.0,0.0,0.0,0.0,0.0,0.0,0.0,0.0,0.0,0.0,0.0,0.0,0.0,0.0,0.0,0.0,0.0,0.0,0.0,0.0,0.0,0.0,0.0,0.0,1.0,0.0,0.0,0.0,0.0,0.0,0.0,0.0,0.0,0.0,0.0,0.0,0.0,0.0,0.0,0.0,0.0,0.0,6.0,0.0,2.0,0.0,0.0,0.0,0.0,0.0,4.0,0.0,0.0,0.0,0.0,0.0,0.0,2.0,0.0,0.0,0.0,0.0,0.0,0.0,0.0,0.0,0.0,0.0,2.0,0.0,0.0,0.0,0.0,0.0,0.0,0.0,0.0,0.0,3.0,5.0,0.0,0.0,0.0,0.0,0.0,0.0,0.0,0.0,0.0,0.0,0.0,0.0,0.0,6.0,0.0,0.0,2.0,0.0,0.0,3.625,27.0,0.0,29.0,9.45572389009505,0.0,0.0,0.0,0.0,0.0,196.875,474.0,16.0,1575.0,171.7925971297117,9.375,18.0,3.0,75.0,5.44944295973713,1.25,2.0,0.0,10.0,0.8864052604279183,2.0,2.0,2.0,16.0,0.0,599.125,1132.0,218.0,4793.0,334.163107094211,421.75,1987.0,0.0,3374.0,663.5899659105335,2009.125,3374.0,0.0,16073.0,1311.268463032211,4.5,8.0,1.0,36.0,2.449489742783178,33.625,35.0,33.0,269.0,0.7440238091428467
12.0,0.0,0.0,0.0,0.0,0.0,0.0,0.0,0.0,0.0,0.0,0.0,0.0,0.0,0.0,0.0,0.0,0.0,0.0,0.0,0.0,0.0,0.0,0.0,0.0,0.0,1.0,0.0,0.0,1.0,0.0,3.0,0.0,0.0,1.0,0.0,1.0,0.0,0.0,0.0,0.0,0.0,0.0,0.0,0.0,0.0,0.0,2.0,0.0,1.0,0.0,0.0,0.0,0.0,0.0,0.0,2.0,0.0,0.0,0.0,0.0,0.0,2.0,0.0,0.0,0.0,0.0,0.0,0.0,0.0,0.0,0.0,0.0,1.0,0.0,0.0,0.0,1.0,0.0,2.0,0.0,0.0,0.0,7.0,1.0,0.0,0.0,3.0,0.0,0.0,0.0,0.0,0.0,0.0,0.0,0.0,0.0,1.0,2.0,0.0,1.0,1.0,0.0,0.0,6.375,12.0,0.0,51.0,5.829420456369815,0.0,0.0,0.0,0.0,0.0,140.375,574.0,1.0,1123.0,184.63627371518461,10.625,18.0,1.0,85.0,6.696214282285605,3.25,6.0,0.0,26.0,2.9640705601780613,2.0,2.0,2.0,16.0,0.0,660.375,1089.0,60.0,5283.0,404.58018364719743,1065.625,6685.0,0.0,8525.0,2294.9496687602664,5558.375,10538.0,0.0,44467.0,4404.762290894449,4.5,8.0,1.0,36.0,2.449489742783178,33.625,35.0,32.0,269.0,0.9161253813129038
50.0,0.0,0.0,0.0,0.0,0.0,0.0,0.0,0.0,0.0,0.0,0.0,0.0,1.0,0.0,0.0,0.0,0.0,0.0,0.0,0.0,0.0,0.0,0.0,0.0,0.0,0.0,0.0,0.0,1.0,0.0,0.0,0.0,0.0,0.0,0.0,0.0,0.0,0.0,0.0,0.0,0.0,0.0,0.0,7.0,0.0,0.0,0.0,0.0,1.0,0.0,0.0,0.0,0.0,0.0,0.0,0.0,0.0,0.0,0.0,0.0,1.0,0.0,0.0,0.0,0.0,0.0,2.0,0.0,0.0,0.0,0.0,1.0,1.0,0.0,0.0,0.0,0.0,0.0,0.0,3.0,0.0,0.0,2.0,6.0,0.0,0.0,0.0,0.0,0.0,0.0,0.0,0.0,0.0,7.0,0.0,0.0,0.0,0.0,0.0,0.0,1.0,0.0,0.0,2.875,22.0,0.0,23.0,7.735585673643962,0.0,0.0,0.0,0.0,0.0,193.625,552.0,8.0,1549.0,177.07055696206848,11.75,23.0,2.0,94.0,6.45312770235156,2.625,3.0,2.0,21.0,0.5175491695067657,2.0,2.0,2.0,16.0,0.0,733.0,1425.0,166.0,5864.0,389.7632981328906,247.625,570.0,0.0,1981.0,198.5360258779967,1209.0,1981.0,0.0,9672.0,665.1195381282976,4.5,8.0,1.0,36.0,2.449489742783178,35.5,37.0,34.0,284.0,0.9258200997725533
10.0,0.0,1.0,0.0,0.0,0.0,0.0,0.0,0.0,0.0,0.0,0.0,0.0,0.0,0.0,0.0,0.0,0.0,0.0,0.0,0.0,0.0,0.0,0.0,0.0,0.0,0.0,0.0,0.0,1.0,0.0,0.0,0.0,0.0,1.0,0.0,0.0,0.0,0.0,0.0,0.0,0.0,0.0,0.0,0.0,0.0,0.0,6.0,0.0,1.0,0.0,0.0,0.0,0.0,0.0,4.0,1.0,0.0,0.0,0.0,0.0,0.0,2.0,0.0,0.0,0.0,0.0,0.0,0.0,0.0,1.0,0.0,0.0,0.0,0.0,0.0,0.0,0.0,0.0,0.0,0.0,0.0,0.0,4.0,4.0,0.0,0.0,0.0,0.0,0.0,0.0,0.0,0.0,0.0,0.0,0.0,0.0,1.0,6.0,0.0,0.0,1.0,0.0,0.0,5.0,10.0,0.0,40.0,5.3452248382484875,0.0,0.0,0.0,0.0,0.0,132.375,259.0,1.0,1059.0,92.20929221845579,11.125,19.0,0.0,89.0,5.514591035218685,3.75,6.0,3.0,30.0,1.0350983390135313,2.0,2.0,2.0,16.0,0.0,695.0,1178.0,0.0,5560.0,338.55322434483725,2531.5,15782.0,0.0,20252.0,5440.554777383854,3675.0,20252.0,0.0,29400.0,6840.649175543002,4.5,8.0,1.0,36.0,2.449489742783178,33.5,35.0,30.0,268.0,1.5118578920369121
230.0,0.0,0.0,0.0,0.0,1.0,0.0,0.0,0.0,0.0,0.0,0.0,0.0,0.0,0.0,0.0,0.0,0.0,0.0,0.0,0.0,0.0,0.0,0.0,0.0,0.0,0.0,0.0,0.0,1.0,0.0,0.0,0.0,0.0,0.0,0.0,0.0,0.0,0.0,0.0,0.0,0.0,0.0,0.0,0.0,8.0,0.0,0.0,0.0,0.0,0.0,0.0,0.0,0.0,0.0,0.0,0.0,0.0,0.0,0.0,0.0,0.0,0.0,0.0,0.0,0.0,0.0,4.0,0.0,0.0,0.0,0.0,1.0,0.0,0.0,0.0,2.0,0.0,0.0,0.0,1.0,0.0,0.0,5.0,3.0,0.0,0.0,0.0,0.0,0.0,0.0,0.0,0.0,0.0,0.0,8.0,0.0,0.0,0.0,0.0,0.0,0.0,0.0,0.0,21.125,65.0,0.0,169.0,27.39362543158014,0.0,0.0,0.0,0.0,0.0,248.625,531.0,105.0,1989.0,141.6423438503775,14.5,23.0,3.0,116.0,8.315218406203,3.0,4.0,2.0,24.0,0.7559289460184544,2.75,3.0,2.0,22.0,0.46291004988627565,911.25,1424.0,238.0,7290.0,497.9663643259452,243.5,546.0,0.0,1948.0,173.3518305148727,1033.25,1948.0,0.0,8266.0,749.3190718436116,4.5,8.0,1.0,36.0,2.449489742783178,16.875,17.0,16.0,135.0,0.3535533905932735
15.0,0.0,0.0,0.0,0.0,0.0,0.0,0.0,0.0,0.0,0.0,0.0,0.0,0.0,0.0,0.0,0.0,0.0,0.0,1.0,0.0,0.0,0.0,0.0,0.0,0.0,0.0,0.0,0.0,1.0,0.0,0.0,0.0,0.0,0.0,0.0,0.0,0.0,0.0,0.0,0.0,0.0,0.0,0.0,0.0,0.0,0.0,6.0,0.0,2.0,0.0,0.0,0.0,0.0,0.0,1.0,0.0,0.0,0.0,0.0,0.0,0.0,5.0,0.0,0.0,0.0,0.0,0.0,0.0,0.0,0.0,0.0,0.0,2.0,0.0,0.0,0.0,0.0,0.0,0.0,0.0,0.0,0.0,6.0,2.0,0.0,0.0,0.0,0.0,0.0,0.0,0.0,0.0,0.0,0.0,0.0,0.0,0.0,6.0,0.0,0.0,2.0,0.0,0.0,5.625,15.0,0.0,45.0,6.738747234146291,0.0,0.0,0.0,0.0,0.0,125.625,364.0,1.0,1005.0,140.0774658129259,12.25,17.0,7.0,98.0,3.8452196667699345,4.5,6.0,3.0,36.0,1.3093073414159542,2.0,2.0,2.0,16.0,0.0,777.875,1072.0,459.0,6223.0,233.41895962900207,526.25,2727.0,0.0,4210.0,931.4455355598017,1929.875,4210.0,0.0,15439.0,1862.0093169553613,4.5,8.0,1.0,36.0,2.449489742783178,24.5,26.0,22.0,196.0,1.4142135623730934
200.0,0.0,0.0,0.0,0.0,0.0,0.0,0.0,0.0,0.0,0.0,1.0,0.0,0.0,0.0,0.0,0.0,0.0,0.0,0.0,0.0,0.0,0.0,0.0,0.0,0.0,0.0,0.0,0.0,1.0,0.0,0.0,0.0,0.0,0.0,0.0,0.0,0.0,0.0,0.0,0.0,0.0,0.0,0.0,0.0,5.0,2.0,0.0,0.0,0.0,0.0,0.0,0.0,0.0,1.0,0.0,0.0,0.0,0.0,0.0,0.0,1.0,0.0,0.0,0.0,0.0,0.0,0.0,0.0,0.0,0.0,0.0,2.0,0.0,0.0,0.0,2.0,0.0,0.0,0.0,3.0,0.0,0.0,5.0,3.0,0.0,0.0,0.0,0.0,0.0,0.0,0.0,0.0,0.0,0.0,6.0,2.0,0.0,0.0,0.0,0.0,0.0,0.0,0.0,23.375,86.0,0.0,187.0,32.30629085134084,0.0,0.0,0.0,0.0,0.0,315.375,1054.0,54.0,2523.0,316.8546027529256,11.375,23.0,0.0,91.0,7.707834604200734,4.25,6.0,3.0,34.0,1.0350983390135313,2.0,2.0,2.0,16.0,0.0,715.5,1388.0,7.0,5724.0,459.2366336805958,471.625,1264.0,0.0,3773.0,390.38037769041915,1567.5,3773.0,0.0,12540.0,1449.6249761329898,4.5,8.0,1.0,36.0,2.449489742783178,25.125,26.0,24.0,201.0,0.6408699444616557
200.0,0.0,0.0,0.0,0.0,0.0,0.0,0.0,0.0,0.0,0.0,1.0,0.0,0.0,0.0,0.0,0.0,0.0,0.0,0.0,0.0,0.0,0.0,0.0,0.0,0.0,0.0,0.0,0.0,1.0,0.0,0.0,0.0,0.0,0.0,0.0,0.0,0.0,0.0,0.0,0.0,0.0,0.0,0.0,0.0,0.0,8.0,0.0,0.0,0.0,0.0,0.0,0.0,0.0,0.0,0.0,0.0,0.0,0.0,0.0,0.0,1.0,0.0,0.0,0.0,0.0,0.0,0.0,0.0,0.0,0.0,0.0,1.0,0.0,0.0,2.0,2.0,0.0,0.0,0.0,2.0,0.0,0.0,5.0,3.0,0.0,0.0,0.0,0.0,0.0,0.0,0.0,0.0,0.0,0.0,0.0,8.0,0.0,0.0,0.0,0.0,0.0,0.0,0.0,11.375,50.0,0.0,91.0,17.18751623375857,0.0,0.0,0.0,0.0,0.0,434.625,912.0,16.0,3477.0,278.2567865941715,11.25,23.0,5.0,90.0,5.725881092523166,4.75,6.0,3.0,38.0,1.3887301496588274,2.0,2.0,2.0,16.0,0.0,711.0,1423.0,311.0,5688.0,352.60621500073256,508.125,2417.0,0.0,4065.0,791.2257105276598,2282.0,4065.0,0.0,18256.0,1778.7538976967637,4.5,8.0,1.0,36.0,2.449489742783178,24.875,26.0,24.0,199.0,0.640869944461654
350.0,0.0,0.0,0.0,0.0,0.0,0.0,0.0,0.0,0.0,0.0,0.0,0.0,0.0,0.0,0.0,1.0,0.0,0.0,0.0,0.0,0.0,0.0,0.0,0.0,0.0,0.0,0.0,0.0,1.0,0.0,0.0,0.0,0.0,0.0,0.0,0.0,0.0,0.0,0.0,0.0,0.0,0.0,0.0,0.0,7.0,0.0,0.0,0.0,0.0,0.0,0.0,1.0,0.0,0.0,0.0,0.0,0.0,0.0,0.0,0.0,3.0,0.0,0.0,0.0,0.0,0.0,1.0,0.0,0.0,0.0,0.0,1.0,1.0,0.0,0.0,1.0,0.0,0.0,0.0,1.0,0.0,1.0,5.0,2.0,0.0,0.0,0.0,0.0,0.0,0.0,0.0,0.0,0.0,0.0,7.0,0.0,0.0,0.0,0.0,0.0,1.0,0.0,0.0,22.625,85.0,0.0,181.0,37.76596162078833,0.0,0.0,0.0,0.0,0.0,206.75,494.0,6.0,1654.0,193.97993268818885,14.25,23.0,6.0,114.0,7.0457687403758245,1.625,2.0,1.0,13.0,0.5175491695067657,2.0,2.0,2.0,16.0,0.0,893.875,1421.0,394.0,7151.0,420.0450443532388,212.5,494.0,0.0,1700.0,193.82024072393915,831.875,1700.0,0.0,6655.0,559.7224918271042,4.5,8.0,1.0,36.0,2.449489742783178,26.75,28.0,26.0,214.0,0.8864052604279188
305.0,0.0,0.0,0.0,0.0,0.0,0.0,0.0,0.0,0.0,0.0,0.0,0.0,0.0,0.0,0.0,0.0,0.0,0.0,0.0,0.0,1.0,0.0,0.0,0.0,0.0,0.0,0.0,0.0,1.0,0.0,0.0,0.0,0.0,0.0,0.0,0.0,0.0,0.0,0.0,0.0,0.0,0.0,0.0,6.0,0.0,0.0,0.0,0.0,2.0,0.0,0.0,0.0,0.0,0.0,0.0,0.0,0.0,0.0,0.0,0.0,2.0,0.0,0.0,0.0,0.0,0.0,0.0,0.0,0.0,0.0,0.0,2.0,2.0,0.0,0.0,0.0,0.0,0.0,0.0,2.0,0.0,0.0,5.0,3.0,0.0,0.0,0.0,0.0,0.0,0.0,0.0,0.0,0.0,6.0,0.0,0.0,0.0,0.0,0.0,0.0,2.0,0.0,0.0,9.875,39.0,0.0,79.0,14.277229623224727,0.0,0.0,0.0,0.0,0.0,288.375,774.0,24.0,2307.0,305.6790742405692,10.375,17.0,6.0,83.0,4.749060057376768,1.25,2.0,0.0,10.0,0.7071067811865476,2.0,2.0,2.0,16.0,0.0,649.5,1067.0,377.0,5196.0,290.71488241427005,301.5,867.0,0.0,2412.0,357.18502608192136,1499.5,2412.0,0.0,11996.0,863.5281449627784,4.5,8.0,1.0,36.0,2.449489742783178,20.875,23.0,18.0,167.0,2.416461403433898
20.0,0.0,0.0,0.0,0.0,0.0,0.0,0.0,0.0,0.0,0.0,0.0,0.0,0.0,0.0,0.0,0.0,0.0,0.0,0.0,0.0,0.0,0.0,0.0,0.0,0.0,1.0,0.0,0.0,1.0,0.0,0.0,0.0,2.0,0.0,0.0,0.0,0.0,0.0,0.0,2.0,0.0,0.0,0.0,0.0,0.0,0.0,0.0,0.0,0.0,0.0,3.0,1.0,0.0,0.0,0.0,2.0,0.0,2.0,0.0,0.0,0.0,0.0,0.0,0.0,0.0,0.0,0.0,0.0,0.0,0.0,0.0,0.0,1.0,1.0,0.0,0.0,0.0,2.0,0.0,0.0,0.0,0.0,5.0,3.0,2.0,0.0,0.0,0.0,0.0,0.0,0.0,2.0,0.0,0.0,0.0,0.0,0.0,0.0,3.0,0.0,1.0,0.0,0.0,10.0,20.0,0.0,80.0,10.433462649434409,0.0,0.0,0.0,0.0,0.0,105.625,208.0,7.0,845.0,64.40483012055185,13.375,21.0,7.0,107.0,4.897156609415596,1.375,3.0,0.0,11.0,1.3024701806293193,1.625,2.0,1.0,13.0,0.5175491695067657,825.25,1263.0,450.0,6602.0,294.34078888254686,3024.0,19080.0,0.0,24192.0,6554.536662277728,9406.25,24192.0,0.0,75250.0,11565.772011166644,4.5,8.0,1.0,36.0,2.449489742783178,30.875,33.0,28.0,247.0,1.642080561796093
