,Case ID,Actual,Prefix Length,Prediction,Prediction Probability,SHAP Subset Stability,SHAP Weight Stability,SHAP Adjusted Weight Stability,LIME Subset Stability,LIME Weight Stability,LIME Adjusted Weight Stability,Anchor Subset Stability
0,Case109,1,1,1,1.0,1.0,1.0,1.0,0.873012052488946,0.9872619819986524,0.9872619819986524,0.3315972222222222
1,Case112,1,1,1,1.0,1.0,1.0,1.0,0.8794272282729874,0.9730896450013056,0.9730896450013056,0.7986928104575164
2,Case113,0,1,1,1.0,1.0,1.0,1.0,0.9237974759796392,0.9805900544508727,0.9805900544508727,0.5302832244008715
3,Case114,1,1,1,0.6782925345173149,1.0,1.0,1.0,0.8930848634329039,0.9776548447817441,0.9776548447817441,0.7410818713450292
4,Case125,0,1,1,0.6466514785583506,1.0,1.0,1.0,0.9001811076160519,0.982280849524777,0.982280849524777,0.41289077075323233
5,Case126,1,1,0,0.5573358317441811,1.0,1.0,1.0,0.8649509103040701,0.9612318149274109,0.9612318149274109,0.6960526315789473
6,Case129,0,1,0,1.0,1.0,1.0,1.0,0.8959542796598984,0.9792745809574485,0.9792745809574485,1.0
7,Case139,0,1,1,1.0,1.0,1.0,1.0,0.9481101057036494,0.907467174109683,0.907467174109683,1.0
8,Case142,0,1,0,1.0,1.0,1.0,1.0,0.9010193232977128,0.9796787352694486,0.9796787352694486,1.0
9,Case147,0,1,0,1.0,1.0,1.0,1.0,0.9095704212047405,0.9248374727764336,0.9248374727764336,1.0
10,Case155,0,1,0,1.0,1.0,1.0,1.0,0.932541831801626,-0.044947849063014855,-0.044947849063014855,1.0
11,Case177,1,1,1,0.9999999999999548,1.0,1.0,1.0,0.8838903005569672,0.984372169474194,0.984372169474194,-0.0006497725795973075
12,Case188,1,1,1,1.0,1.0,1.0,1.0,0.8927187513464517,0.9771731503099582,0.9771731503099582,-0.0013003901170351995
13,Case195,0,1,0,1.0,1.0,1.0,1.0,0.9116591080876795,0.9668679774009118,0.9668679774009118,
14,Case20,1,1,1,1.0,1.0,1.0,1.0,0.9266244862284643,0.9545081887571679,0.9545081887571679,
15,Case207,1,1,1,0.9999999999016838,1.0,1.0,1.0,0.8249512539081187,0.9863206472292905,0.9863206472292905,1.0
16,Case208,1,1,1,0.8346405097974514,1.0,1.0,1.0,0.8976760299129198,0.9795559999735108,0.9795559999735108,1.0
17,Case21,1,1,1,1.0,1.0,1.0,1.0,0.8710341266488288,0.9758519158891452,0.9758519158891452,
18,Case210,0,1,0,0.6441807906861092,1.0,1.0,1.0,0.8972366222772433,0.9787589213773137,0.9787589213773137,-0.0006497725795973075
19,Case214,1,1,1,0.977848946397036,1.0,1.0,1.0,0.9358769726158587,0.966164462085217,0.966164462085217,0.8198830409356725
20,Case22,1,1,1,1.0,1.0,1.0,1.0,0.8866350598071323,0.9470312480342209,0.9470312480342209,0.7986928104575164
21,Case222,0,1,0,0.9999992698196162,1.0,1.0,1.0,0.9130541988277411,0.9738668872791091,0.9738668872791091,0.7298245614035088
22,Case223,0,1,1,0.6515864558990545,1.0,1.0,1.0,0.8622423974408886,0.9654181868323887,0.9654181868323887,0.8077763215377894
23,Case227,0,1,0,1.0,1.0,1.0,1.0,0.8646434494195688,0.9837409528630521,0.9837409528630521,1.0
24,Case229,0,1,0,0.9999999999999856,1.0,1.0,1.0,0.851832283146126,0.9819399846061635,0.9819399846061635,1.0
25,Case245,1,1,1,0.999999852146094,1.0,1.0,1.0,0.9243412814530692,0.9737803614951304,0.9737803614951304,1.0
26,Case248,1,1,1,0.689586434529074,1.0,1.0,1.0,0.9376459151234404,0.9862803484859511,0.9862803484859511,0.808625730994152
27,Case250,0,1,0,1.0,1.0,1.0,1.0,0.9000419020536615,0.96202686340985,0.96202686340985,1.0
28,Case26,1,1,1,0.9016123565325956,1.0,1.0,1.0,0.9039983882760292,0.9595623770564612,0.9595623770564612,1.0
29,Case260,1,1,1,0.8241254300183342,1.0,1.0,1.0,0.8544081517563622,0.8192537356601051,0.8192537356601051,0.6772018081073199
30,Case263,0,1,0,0.9999999999999996,1.0,1.0,1.0,0.9489413869117221,0.9846754628998371,0.9846754628998371,
31,Case268,1,1,1,1.0,1.0,1.0,1.0,0.918252960621516,0.9825893910371171,0.9825893910371171,0.8077763215377894
32,Case272,1,1,0,0.588004337941527,1.0,1.0,1.0,0.959188705572205,0.9773978672409291,0.9773978672409291,1.0
33,Case3,0,1,0,0.8625053238446141,1.0,1.0,1.0,0.8415464195916325,0.9754239950416385,0.9754239950416385,0.525315942311124
34,Case30,0,1,1,0.7196339930290981,1.0,1.0,1.0,0.9008922041831212,0.9839258305008829,0.9839258305008829,1.0
35,Case38,1,1,1,0.9772019021778408,1.0,1.0,1.0,0.9201806585076757,0.9842954929263508,0.9842954929263508,0.908436886854153
36,Case43,0,1,0,0.996504544490832,1.0,1.0,1.0,0.9120239374792629,0.9860822216415713,0.9860822216415713,0.8077763215377894
37,Case60,0,1,0,1.0,1.0,1.0,1.0,0.9161501273795912,0.9846881253174274,0.9846881253174274,
38,Case62,0,1,0,0.9716637053588184,1.0,1.0,1.0,0.872976133292577,0.9599032880276305,0.9599032880276305,0.8189847698688564
39,Case63,1,1,1,0.8329491959754781,1.0,1.0,1.0,0.8519068029453786,0.9545053626252861,0.9545053626252861,1.0
40,Case64,0,1,1,0.9653555805089532,1.0,1.0,1.0,0.908336920929383,0.9832354187323171,0.9832354187323171,0.2776687740716519
41,Case67,0,1,1,0.8407934918803064,1.0,1.0,1.0,0.9231168079677372,0.9828123139244637,0.9828123139244637,0.05384783082624789
42,Case72,0,1,0,0.8977735306707259,1.0,1.0,1.0,0.8645805079655247,0.9707533502185376,0.9707533502185376,1.0
43,Case73,1,1,1,1.0,1.0,1.0,1.0,0.8642488571699886,0.9669508838307006,0.9669508838307006,1.0
44,Case85,1,1,1,0.9202808165336762,1.0,1.0,1.0,0.8976406656453026,0.9748489054455556,0.9748489054455556,1.0
45,Case87,1,1,1,1.0,1.0,1.0,1.0,0.8609041231992052,0.9680372167359858,0.9680372167359858,0.8189847698688564
46,Case89,0,1,0,0.9999848678996957,1.0,1.0,1.0,0.889056223177438,0.9804401031547372,0.9804401031547372,1.0
47,Case91,1,1,1,0.9999999999999888,1.0,1.0,1.0,0.9135775377454844,0.9615456255667183,0.9615456255667183,1.0
48,Case95,1,1,1,0.9999999999081546,1.0,1.0,1.0,0.8961002724995054,0.9819700947510465,0.9819700947510465,0.22070411335212903
49,Case98,0,1,1,0.9996744078783416,1.0,1.0,1.0,0.9108726164587124,0.9832684639734967,0.9832684639734967,0.908436886854153
0,Case105_2,0,2,1,0.9956549912956382,1.0,1.0,1.0,,1.0,1.0,
1,Case108_2,1,2,1,0.91627331421809,1.0,1.0,1.0,,1.0,1.0,
2,Case109_2,1,2,1,0.999680901973,1.0,1.0,1.0,,1.0,1.0,
3,Case110_2,1,2,1,0.999995941450622,1.0,1.0,1.0,,1.0,1.0,
4,Case117_2,0,2,0,0.9999999851601734,1.0,1.0,1.0,,1.0,1.0,
5,Case126_2,1,2,1,0.9999999997756412,1.0,1.0,1.0,,1.0,1.0,
6,Case133_2,0,2,1,0.9999999999644664,1.0,1.0,1.0,,1.0,1.0,
7,Case135_2,1,2,1,0.9999999999999922,1.0,1.0,1.0,,1.0,1.0,
8,Case137_2,0,2,1,0.9999999993791048,1.0,1.0,1.0,,1.0,1.0,
9,Case138_2,1,2,1,0.999987355562275,1.0,1.0,1.0,,1.0,1.0,
10,Case140_2,1,2,1,0.6905464333485052,1.0,1.0,1.0,,1.0,1.0,
11,Case142_2,0,2,0,0.9999999999999994,1.0,1.0,1.0,,1.0,1.0,
12,Case144_2,0,2,1,0.7593374588108857,1.0,1.0,1.0,,1.0,1.0,
13,Case145_2,0,2,0,0.9985658572853516,1.0,1.0,1.0,,1.0,1.0,
14,Case153_2,0,2,0,0.9966305816267408,1.0,1.0,1.0,,1.0,1.0,
15,Case163_2,1,2,1,0.9964299883648547,1.0,1.0,1.0,,1.0,1.0,
16,Case198_2,1,2,1,0.9480996304613823,1.0,1.0,1.0,,1.0,1.0,
17,Case200_2,1,2,1,0.9988494604265828,1.0,1.0,1.0,,1.0,1.0,
18,Case20_2,1,2,1,0.999752787928652,1.0,1.0,1.0,,1.0,1.0,
19,Case210_2,0,2,1,0.5202904493733398,1.0,1.0,1.0,,1.0,1.0,
20,Case229_2,0,2,0,0.9999999999280524,1.0,1.0,1.0,,1.0,1.0,
21,Case22_2,1,2,1,0.9999853875222579,1.0,1.0,1.0,,1.0,1.0,
22,Case230_2,1,2,1,0.9999906624327309,1.0,1.0,1.0,,1.0,1.0,
23,Case241_2,1,2,1,0.6051063590255154,1.0,1.0,1.0,,1.0,1.0,
24,Case243_2,1,2,1,0.9502945730456992,1.0,1.0,1.0,,1.0,1.0,
25,Case245_2,1,2,1,0.9367446021973126,1.0,1.0,1.0,,1.0,1.0,
26,Case251_2,0,2,0,0.6415665838806824,1.0,1.0,1.0,,1.0,1.0,
27,Case256_2,1,2,1,0.9956580845159172,1.0,1.0,1.0,,1.0,1.0,
28,Case261_2,0,2,0,0.6517600262104355,1.0,1.0,1.0,,1.0,1.0,
29,Case267_2,1,2,1,0.99999999998908,1.0,1.0,1.0,,1.0,1.0,
30,Case26_2,1,2,1,0.9980028908195752,1.0,1.0,1.0,,1.0,1.0,
31,Case273_2,0,2,0,0.9917311737912936,1.0,1.0,1.0,,1.0,1.0,
32,Case27_2,0,2,0,0.6854712049972627,1.0,1.0,1.0,,1.0,1.0,
33,Case29_2,1,2,1,0.8978981998623121,1.0,1.0,1.0,,1.0,1.0,
34,Case31_2,1,2,1,0.9997850814278502,1.0,1.0,1.0,,1.0,1.0,
35,Case34_2,0,2,0,0.9291347041894228,1.0,1.0,1.0,,1.0,1.0,
36,Case39_2,0,2,0,0.8682178845913355,1.0,1.0,1.0,,1.0,1.0,
37,Case3_2,0,2,0,0.7416420639919936,1.0,1.0,1.0,,1.0,1.0,
38,Case43_2,0,2,0,0.7110085400152469,1.0,1.0,1.0,,1.0,1.0,
39,Case45_2,1,2,0,0.6523231090845243,1.0,1.0,1.0,,1.0,1.0,
40,Case48_2,1,2,1,0.9987177947008268,1.0,1.0,1.0,,1.0,1.0,
41,Case52_2,0,2,0,0.8052883887228527,1.0,1.0,1.0,,1.0,1.0,
42,Case63_2,1,2,1,0.9999130772326056,1.0,1.0,1.0,,1.0,1.0,
43,Case65_2,0,2,1,0.9999830404178496,1.0,1.0,1.0,,1.0,1.0,
44,Case74_2,0,2,0,0.999999999999876,1.0,1.0,1.0,,1.0,1.0,
45,Case76_2,0,2,0,0.9999999915491024,1.0,1.0,1.0,,1.0,1.0,
46,Case83_2,0,2,1,0.999999994851318,1.0,1.0,1.0,,1.0,1.0,
47,Case93_2,1,2,1,0.9968353833181526,1.0,1.0,1.0,,1.0,1.0,
48,Case98_2,0,2,0,0.9999999998989064,1.0,1.0,1.0,,1.0,1.0,
49,Case99_2,0,2,1,0.999999999789324,1.0,1.0,1.0,,1.0,1.0,
0,Case104_3,0,3,1,0.953911092666012,1.0,1.0,1.0,0.9581492676121832,0.9695178007332536,0.9695178007332536,1.0
1,Case108_3,1,3,1,0.993701465754928,1.0,1.0,1.0,0.9712001843188204,0.9350357781901267,0.9350357781901267,1.0
2,Case125_3,0,3,1,0.8597244007647344,1.0,1.0,1.0,0.968896199064326,0.8382067260635849,0.8382067260635849,1.0
3,Case129_3,0,3,0,0.990890799855254,1.0,1.0,1.0,0.8619407789764806,0.9738365742152731,0.9738365742152731,1.0
4,Case134_3,0,3,1,0.9958607456063764,1.0,1.0,1.0,0.9528925001869345,0.9721533988643525,0.9721533988643525,1.0
5,Case135_3,1,3,1,0.9967080133994884,1.0,1.0,1.0,0.9786842105263158,0.9633187756421927,0.9633187756421927,0.7637499999999999
6,Case138_3,1,3,1,0.9985174060360144,1.0,1.0,1.0,0.9790746338060916,0.9662101869481483,0.9662101869481483,0.44272445820433437
7,Case145_3,0,3,0,0.9951604498046862,1.0,1.0,1.0,0.9712001843188204,0.9746382138215769,0.9746382138215769,1.0
8,Case153_3,0,3,0,0.9937167275416768,1.0,1.0,1.0,0.9786842105263158,0.9528991268194771,0.9528991268194771,0.705423940149626
9,Case155_3,0,3,0,0.7241410652755184,1.0,1.0,1.0,0.9683220461611665,0.9618477109637431,0.9618477109637431,0.4137717121588088
10,Case174_3,1,3,1,0.8146700171575184,1.0,1.0,1.0,0.9683220461611665,0.9594873991893337,0.9594873991893337,0.80875
11,Case192_3,0,3,0,0.9520818567542226,1.0,1.0,1.0,0.9520499289628577,0.8721819511496014,0.8721819511496014,1.0
12,Case194_3,1,3,1,0.9805108300465124,1.0,1.0,1.0,0.9786842105263158,0.9483437750441908,0.9483437750441908,1.0
13,Case198_3,1,3,1,0.9133756919075742,1.0,1.0,1.0,0.9813996744943037,0.9815997529980204,0.9815997529980204,1.0
14,Case19_3,1,3,1,0.8728261932173709,1.0,1.0,1.0,1.0,0.9296575623973435,0.9296575623973435,0.6652200867947922
15,Case1_3,1,3,1,0.9856301709340674,1.0,1.0,1.0,0.9604743083003953,0.9677479828486766,0.9677479828486766,0.5539033457249071
16,Case201_3,1,3,1,0.9878834452819378,1.0,1.0,1.0,0.9677245831091985,0.9712844145477336,0.9712844145477336,
17,Case203_3,0,3,0,0.9967814691480557,1.0,1.0,1.0,0.872,0.971095190411375,0.971095190411375,1.0
18,Case209_3,0,3,0,0.5378742940596207,1.0,1.0,1.0,0.9790746338060916,0.9240921281036413,0.9240921281036413,0.8987499999999999
19,Case211_3,0,3,0,0.9999733525219052,1.0,1.0,1.0,0.8615311437480548,0.9768493170227379,0.9768493170227379,1.0
20,Case229_3,0,3,0,0.9796202647914684,1.0,1.0,1.0,0.9677245831091985,0.9384849757101179,0.9384849757101179,0.22077922077922063
21,Case239_3,0,3,0,0.9265781999012936,1.0,1.0,1.0,0.968896199064326,0.9754037186450786,0.9754037186450786,1.0
22,Case23_3,1,3,1,0.9957343427493368,1.0,1.0,1.0,0.9657499492591841,0.978497626225892,0.978497626225892,1.0
23,Case240_3,1,3,1,0.8191108962041941,1.0,1.0,1.0,0.9712001843188204,0.9364270171336139,0.9364270171336139,0.7845962376142837
24,Case242_3,1,3,1,0.7411822057367677,1.0,1.0,1.0,0.968896199064326,0.9734639272347355,0.9734639272347355,1.0
25,Case243_3,1,3,1,0.5548240698100089,1.0,1.0,1.0,0.9790746338060916,0.9774196713408451,0.9774196713408451,0.7278064401352071
26,Case256_3,1,3,1,0.9914024579675866,1.0,1.0,1.0,0.9683220461611665,0.9446190597403704,0.9446190597403704,1.0
27,Case260_3,1,3,1,0.8376727592290018,1.0,1.0,1.0,0.9604743083003953,0.9636072147169218,0.9636072147169218,0.74125
28,Case267_3,1,3,1,0.9999142063950832,1.0,1.0,1.0,0.9712001843188204,0.9809452404160091,0.9809452404160091,0.4739172792489592
29,Case26_3,1,3,1,0.998707972721966,1.0,1.0,1.0,0.9712001843188204,0.9668738116113595,0.9668738116113595,1.0
30,Case273_3,0,3,0,0.6203233763322216,1.0,1.0,1.0,0.9786842105263158,0.9613097570333585,0.9613097570333585,0.8320895522388059
31,Case38_3,1,3,1,0.9260769170866592,1.0,1.0,1.0,0.9892415277030662,0.9664550194341186,0.9664550194341186,0.33168316831683164
32,Case43_3,0,3,0,0.7523836701050459,1.0,1.0,1.0,0.9360670194003528,0.9561535984754439,0.9561535984754439,1.0
33,Case44_3,1,3,1,0.9998613639584768,1.0,1.0,1.0,0.9657499492591841,0.8512764954681254,0.8512764954681254,0.7987577639751553
34,Case46_3,0,3,0,0.7602866296275516,1.0,1.0,1.0,0.9894406820537222,0.9385613515262877,0.9385613515262877,0.73
35,Case47_3,0,3,0,0.784673106661187,1.0,1.0,1.0,0.9813996744943037,0.9699002871364365,0.9699002871364365,1.0
36,Case49_3,1,3,1,0.6129324987341702,1.0,1.0,1.0,0.9683220461611665,0.9779535082320103,0.9779535082320103,0.7637499999999999
37,Case50_3,0,3,0,0.8986441144307311,1.0,1.0,1.0,0.9894406820537222,0.905296804296258,0.905296804296258,0.5112781954887218
38,Case55_3,1,3,1,0.9813445373577628,1.0,1.0,1.0,0.9429165820986402,0.9715313288922812,0.9715313288922812,1.0
39,Case59_3,1,3,0,0.8848407612714584,1.0,1.0,1.0,0.9790746338060916,0.9697823631595159,0.9697823631595159,1.0
40,Case60_3,0,3,1,0.8948542925543775,1.0,1.0,1.0,0.9581492676121832,0.9419724744953917,0.9419724744953917,0.6422360248447205
41,Case63_3,1,3,1,0.9899818437948632,1.0,1.0,1.0,0.9513437057991513,0.9668079178235502,0.9668079178235502,-0.0006176652254479276
42,Case67_3,0,3,1,0.6746442030696851,1.0,1.0,1.0,0.9894406820537222,0.9779528517235655,0.9779528517235655,-0.0006176652254479276
43,Case72_3,0,3,0,0.9697037910286108,1.0,1.0,1.0,0.9894406820537222,0.9660923915315761,0.9660923915315761,1.0
44,Case76_3,0,3,0,0.999125059370227,1.0,1.0,1.0,0.9813996744943037,0.9626655901795104,0.9626655901795104,1.0
45,Case83_3,0,3,1,0.99930274202353,1.0,1.0,1.0,0.9790746338060916,0.9725151760549053,0.9725151760549053,0.9467438114336435
46,Case91_3,1,3,1,0.9955592233219588,1.0,1.0,1.0,0.9683220461611665,0.971286227368522,0.971286227368522,1.0
47,Case93_3,1,3,1,0.9811189518531244,1.0,1.0,1.0,1.0,0.978327500161016,0.978327500161016,1.0
48,Case97_3,0,3,0,0.9999729387102158,1.0,1.0,1.0,0.878747795414462,0.9581215723967496,0.9581215723967496,1.0
49,Case98_3,0,3,0,0.7499571923539464,1.0,1.0,1.0,0.9786842105263158,0.9797455554283633,0.9797455554283633,0.7542382523609057
0,Case101_4,0,4,1,0.9278168141826711,1.0,1.0,1.0,0.9597368421052631,0.9672762508162293,0.9672762508162293,0.6287499999999999
1,Case108_4,1,4,1,1.0,1.0,1.0,1.0,0.9565555525758267,0.9515013676649258,0.9515013676649258,1.0
2,Case109_4,1,4,1,0.9999999817989867,1.0,1.0,1.0,0.9706685612603393,0.9483618808947571,0.9483618808947571,1.0
3,Case10_4,1,4,1,0.9802490026262084,1.0,1.0,1.0,0.9706685612603393,0.9540647409662569,0.9540647409662569,1.0
4,Case111_4,1,4,1,0.99999999993074,1.0,1.0,1.0,0.9701153547307394,0.8277435155628207,0.8277435155628207,0.6652200867947922
5,Case116_4,1,4,1,0.994296756099758,1.0,1.0,1.0,0.9786842105263158,0.9372668654019418,0.9372668654019418,1.0
6,Case11_4,1,4,1,0.9518019066676848,1.0,1.0,1.0,0.9701153547307394,0.9608348237561273,0.9608348237561273,0.44099378881987583
7,Case121_4,0,4,0,0.9966076596751388,1.0,1.0,1.0,0.9589691329882807,0.9369694170968765,0.9369694170968765,1.0
8,Case124_4,0,4,0,0.999639976595442,1.0,1.0,1.0,0.9542429555661294,0.8895458403007865,0.8895458403007865,1.0
9,Case125_4,0,4,1,0.9996078277101924,1.0,1.0,1.0,0.9786842105263158,0.9031261217856469,0.9031261217856469,0.44099378881987583
10,Case127_4,1,4,1,0.999793141462322,1.0,1.0,1.0,0.9701153547307394,0.9368878495059414,0.9368878495059414,0.44099378881987583
11,Case133_4,0,4,1,0.9999999999999908,1.0,1.0,1.0,0.9509891817584125,0.956630085275241,0.956630085275241,1.0
12,Case135_4,1,4,1,0.9999999999082584,1.0,1.0,1.0,0.9782777762879133,0.9115608014037307,0.9115608014037307,1.0
13,Case13_4,0,4,0,0.9999804369648124,1.0,1.0,1.0,0.9786842105263158,0.9482150690447795,0.9482150690447795,0.5304347826086955
14,Case178_4,0,4,0,0.9924788074736948,1.0,1.0,1.0,0.9698837176877387,0.9453318063302907,0.9453318063302907,1.0
15,Case199_4,1,4,1,0.9999999972591448,1.0,1.0,1.0,0.9744129532731789,0.948411966734369,0.948411966734369,
16,Case1_4,1,4,1,0.9999999999070828,1.0,1.0,1.0,0.9892415277030662,0.9211368917701223,0.9211368917701223,0.7766749379652605
17,Case201_4,1,4,1,0.9992980891369321,1.0,1.0,1.0,0.9630905511811023,0.7424537392540987,0.7424537392540987,
18,Case210_4,0,4,0,0.8769305001516843,1.0,1.0,1.0,0.9509891817584125,0.9086730500139627,0.9086730500139627,1.0
19,Case211_4,0,4,0,0.999999999597588,1.0,1.0,1.0,0.9689387402933564,0.7398208757876449,0.7398208757876449,1.0
20,Case229_4,0,4,0,0.9927985057311809,1.0,1.0,1.0,0.9637962938131889,0.9474385244624964,0.9474385244624964,0.3710210138337081
21,Case242_4,1,4,1,0.9847312539474338,1.0,1.0,1.0,0.9892415277030662,0.9619969610086748,0.9619969610086748,0.5304347826086955
22,Case245_4,1,4,1,0.9999699666532884,1.0,1.0,1.0,0.9892415277030662,0.9241517434245329,0.9241517434245329,-0.0006176652254479276
23,Case255_4,0,4,0,0.999999980466871,1.0,1.0,1.0,0.9806913567003674,0.9385775176670748,0.9385775176670748,1.0
24,Case256_4,1,4,1,0.9996729534841859,1.0,1.0,1.0,0.9589691329882807,0.9428022592687103,0.9428022592687103,0.4633540372670807
25,Case260_4,1,4,1,0.9742030754588952,1.0,1.0,1.0,0.9701153547307394,0.9214567254148636,0.9214567254148636,1.0
26,Case265_4,0,4,0,0.9975000091050772,1.0,1.0,1.0,0.9744129532731789,0.9384107667133597,0.9384107667133597,1.0
27,Case268_4,1,4,1,0.9828916957514764,1.0,1.0,1.0,0.9894406820537222,0.9477641493682253,0.9477641493682253,1.0
28,Case273_4,0,4,0,0.9730857992321792,1.0,1.0,1.0,0.9557086614173228,0.9371382487086598,0.9371382487086598,1.0
29,Case27_4,0,4,0,0.998130944075404,1.0,1.0,1.0,0.9892415277030662,0.8550376199948062,0.8550376199948062,0.24485981308411198
30,Case31_4,1,4,1,0.9983044472441228,1.0,1.0,1.0,0.9597368421052631,0.8764114257232571,0.8764114257232571,
31,Case33_4,1,4,1,0.9414424663291954,1.0,1.0,1.0,0.9476074757498426,0.9555847010303054,0.9555847010303054,1.0
32,Case35_4,1,4,1,0.9843568340772229,1.0,1.0,1.0,0.9589691329882807,0.8906516144725459,0.8906516144725459,0.7766749379652605
33,Case38_4,1,4,1,0.9282840174815404,1.0,1.0,1.0,0.9454971797959313,0.9655638904209498,0.9655638904209498,0.7766749379652605
34,Case46_4,0,4,0,0.9797835139131976,1.0,1.0,1.0,1.0,0.9616402195891194,0.9616402195891194,1.0
35,Case47_4,0,4,0,0.9999997817309392,1.0,1.0,1.0,0.9892415277030662,0.946287832849545,0.946287832849545,0.7962264150943397
36,Case48_4,1,4,1,0.99999999848167,1.0,1.0,1.0,0.9786842105263158,0.9559260957154514,0.9559260957154514,0.44099378881987583
37,Case50_4,0,4,0,0.9938052719998116,1.0,1.0,1.0,0.9786842105263158,0.9545964457684772,0.9545964457684772,1.0
38,Case52_4,0,4,0,0.9959270654103144,1.0,1.0,1.0,0.9894406820537222,0.9543448959049834,0.9543448959049834,0.6633416458852868
39,Case55_4,1,4,1,0.9999662403125558,1.0,1.0,1.0,0.9695392300871178,0.9531011217444589,0.9531011217444589,0.4633540372670807
40,Case60_4,0,4,1,0.9999993839396444,1.0,1.0,1.0,0.9892415277030662,0.9673900598755335,0.9673900598755335,0.6828358208955223
41,Case61_4,1,4,1,0.9988331935007048,1.0,1.0,1.0,0.9542429555661294,0.95280521295293,0.95280521295293,1.0
42,Case62_4,0,4,0,0.9994538093573322,1.0,1.0,1.0,0.9786842105263158,0.9468382565000919,0.9468382565000919,0.5981707449229501
43,Case68_4,0,4,0,0.999999989625292,1.0,1.0,1.0,0.9786842105263158,0.9105338389493871,0.9105338389493871,0.39051250862947484
44,Case71_4,0,4,0,0.9999998359637716,1.0,1.0,1.0,0.9706685612603393,0.9592951036035382,0.9592951036035382,0.4253421892774578
45,Case77_4,1,4,1,0.9989417092984072,1.0,1.0,1.0,0.9786842105263158,0.9024807013832776,0.9024807013832776,0.5304347826086955
46,Case86_4,0,4,0,0.9288236883006884,1.0,1.0,1.0,0.9892415277030662,0.4281840280776267,0.4281840280776267,0.6944518895738407
47,Case89_4,0,4,0,0.9892169411367328,1.0,1.0,1.0,0.9806913567003674,0.9233097955327255,0.9233097955327255,1.0
48,Case91_4,1,4,1,0.9999999999946352,1.0,1.0,1.0,0.936635030198447,0.9434470300681824,0.9434470300681824,1.0
49,Case97_4,0,4,0,0.9972823296930436,1.0,1.0,1.0,0.9689387402933564,0.8269503710112981,0.8269503710112981,1.0
0,Case101_5,0,5,0,0.5285967784176595,1.0,1.0,1.0,,1.0,1.0,
1,Case104_5,0,5,1,0.5022202197204251,1.0,1.0,1.0,,1.0,1.0,
2,Case110_5,1,5,1,0.6970257426699858,1.0,1.0,1.0,,1.0,1.0,
3,Case111_5,1,5,1,0.7160430684417841,1.0,1.0,1.0,,1.0,1.0,
4,Case119_5,0,5,1,0.6538939973115396,1.0,1.0,1.0,,1.0,1.0,
5,Case123_5,1,5,1,0.7714501525138844,1.0,1.0,1.0,,1.0,1.0,
6,Case125_5,0,5,0,0.545379612057951,1.0,1.0,1.0,,1.0,1.0,
7,Case135_5,1,5,1,0.7254799457075626,1.0,1.0,1.0,,1.0,1.0,
8,Case138_5,1,5,1,0.7722207208273779,1.0,1.0,1.0,,1.0,1.0,
9,Case155_5,0,5,0,0.6999625681304427,1.0,1.0,1.0,,1.0,1.0,
10,Case156_5,1,5,1,0.8928823420404853,1.0,1.0,1.0,,1.0,1.0,
11,Case174_5,1,5,1,0.6239859561985919,1.0,1.0,1.0,,1.0,1.0,
12,Case178_5,0,5,1,0.5827977122513103,1.0,1.0,1.0,,1.0,1.0,
13,Case179_5,1,5,1,0.5387468706472557,1.0,1.0,1.0,,1.0,1.0,
14,Case187_5,1,5,1,0.7850393171720675,1.0,1.0,1.0,,1.0,1.0,
15,Case18_5,1,5,1,0.7815869830755713,1.0,1.0,1.0,,1.0,1.0,
16,Case201_5,1,5,1,0.7351382306101375,1.0,1.0,1.0,,1.0,1.0,
17,Case203_5,0,5,0,0.7502052215793519,1.0,1.0,1.0,,1.0,1.0,
18,Case206_5,1,5,1,0.5596884508386238,1.0,1.0,1.0,,1.0,1.0,
19,Case20_5,1,5,1,0.7806926538639175,1.0,1.0,1.0,,1.0,1.0,
20,Case218_5,0,5,0,0.7490621412521699,1.0,1.0,1.0,,1.0,1.0,
21,Case21_5,1,5,1,0.7888079834354171,1.0,1.0,1.0,,1.0,1.0,
22,Case229_5,0,5,0,0.6797622362152838,1.0,1.0,1.0,,1.0,1.0,
23,Case231_5,1,5,1,0.8223827425079518,1.0,1.0,1.0,,1.0,1.0,
24,Case239_5,0,5,0,0.5113670172694011,1.0,1.0,1.0,,1.0,1.0,
25,Case249_5,1,5,0,0.5932179625786371,1.0,1.0,1.0,,1.0,1.0,
26,Case251_5,0,5,0,0.5827309550232037,1.0,1.0,1.0,,1.0,1.0,
27,Case254_5,0,5,0,0.8705318555043272,1.0,1.0,1.0,,1.0,1.0,
28,Case255_5,0,5,0,0.7568899746874309,1.0,1.0,1.0,,1.0,1.0,
29,Case25_5,1,5,1,0.6112843566840153,1.0,1.0,1.0,,1.0,1.0,
30,Case260_5,1,5,1,0.7294891990838134,1.0,1.0,1.0,,1.0,1.0,
31,Case263_5,0,5,0,0.7416625426864021,1.0,1.0,1.0,,1.0,1.0,
32,Case267_5,1,5,1,0.8385280390842894,1.0,1.0,1.0,,1.0,1.0,
33,Case268_5,1,5,0,0.5508753628525322,1.0,1.0,1.0,,1.0,1.0,
34,Case26_5,1,5,1,0.8329214644641033,1.0,1.0,1.0,,1.0,1.0,
35,Case273_5,0,5,0,0.5253831337721995,1.0,1.0,1.0,,1.0,1.0,
36,Case34_5,0,5,1,0.6233830476990456,1.0,1.0,1.0,,1.0,1.0,
37,Case39_5,0,5,0,0.552125897069072,1.0,1.0,1.0,,1.0,1.0,
38,Case40_5,0,5,0,0.5884387688478625,1.0,1.0,1.0,,1.0,1.0,
39,Case41_5,0,5,1,0.5443389298405568,1.0,1.0,1.0,,1.0,1.0,
40,Case48_5,1,5,1,0.7735985555049067,1.0,1.0,1.0,,1.0,1.0,
41,Case54_5,1,5,1,0.5937193567158694,1.0,1.0,1.0,,1.0,1.0,
42,Case55_5,1,5,1,0.7244641804465308,1.0,1.0,1.0,,1.0,1.0,
43,Case58_5,0,5,0,0.540487431062832,1.0,1.0,1.0,,1.0,1.0,
44,Case60_5,0,5,0,0.6219938285928285,1.0,1.0,1.0,,1.0,1.0,
45,Case63_5,1,5,1,0.7774378457515092,1.0,1.0,1.0,,1.0,1.0,
46,Case64_5,0,5,1,0.6464869418587641,1.0,1.0,1.0,,1.0,1.0,
47,Case71_5,0,5,0,0.7326942153307044,1.0,1.0,1.0,,1.0,1.0,
48,Case72_5,0,5,0,0.7683986074051534,1.0,1.0,1.0,,1.0,1.0,
49,Case99_5,0,5,1,0.5032904005888508,1.0,1.0,1.0,,1.0,1.0,
0,Case103_6,1,6,1,0.9981000315335172,1.0,1.0,1.0,,1.0,1.0,
1,Case10_6,1,6,1,0.9977808985830838,1.0,1.0,1.0,,1.0,1.0,
2,Case110_6,1,6,1,0.9999999410054988,1.0,1.0,1.0,,1.0,1.0,
3,Case115_6,1,6,1,0.9975801224820582,1.0,1.0,1.0,,1.0,1.0,
4,Case11_6,1,6,1,0.9945902662483944,1.0,1.0,1.0,,1.0,1.0,
5,Case12_6,0,6,0,0.9980004619801868,1.0,1.0,1.0,,1.0,1.0,
6,Case135_6,1,6,1,0.9999999999999803,1.0,1.0,1.0,,1.0,1.0,
7,Case145_6,0,6,0,0.9997710577891692,1.0,1.0,1.0,,1.0,1.0,
8,Case155_6,0,6,0,0.999999735029668,1.0,1.0,1.0,,1.0,1.0,
9,Case156_6,1,6,1,0.9999999999990136,1.0,1.0,1.0,,1.0,1.0,
10,Case177_6,1,6,1,0.9999999992833452,1.0,1.0,1.0,,1.0,1.0,
11,Case17_6,1,6,1,0.999999764479402,1.0,1.0,1.0,,1.0,1.0,
12,Case187_6,1,6,1,0.999637642848002,1.0,1.0,1.0,,1.0,1.0,
13,Case192_6,0,6,0,0.9987897118559436,1.0,1.0,1.0,,1.0,1.0,
14,Case199_6,1,6,1,0.9999964689007024,1.0,1.0,1.0,,1.0,1.0,
15,Case203_6,0,6,0,0.9999999984725236,1.0,1.0,1.0,,1.0,1.0,
16,Case206_6,1,6,1,0.9986098549064556,1.0,1.0,1.0,,1.0,1.0,
17,Case208_6,1,6,1,0.9999999999973604,1.0,1.0,1.0,,1.0,1.0,
18,Case209_6,0,6,0,0.9965844515000052,1.0,1.0,1.0,,1.0,1.0,
19,Case20_6,1,6,1,0.9999999853421913,1.0,1.0,1.0,,1.0,1.0,
20,Case215_6,0,6,0,0.9999999751090524,1.0,1.0,1.0,,1.0,1.0,
21,Case223_6,0,6,0,0.9868824725936062,1.0,1.0,1.0,,1.0,1.0,
22,Case229_6,0,6,0,0.999657126604554,1.0,1.0,1.0,,1.0,1.0,
23,Case248_6,1,6,1,0.9985546803961276,1.0,1.0,1.0,,1.0,1.0,
24,Case249_6,1,6,1,0.983340567041092,1.0,1.0,1.0,,1.0,1.0,
25,Case250_6,0,6,0,0.9999034028256836,1.0,1.0,1.0,,1.0,1.0,
26,Case254_6,0,6,0,0.9994153852869424,1.0,1.0,1.0,,1.0,1.0,
27,Case257_6,1,6,1,0.9971516432056226,1.0,1.0,1.0,,1.0,1.0,
28,Case25_6,1,6,1,0.9972705418279668,1.0,1.0,1.0,,1.0,1.0,
29,Case267_6,1,6,1,0.9999999999999972,1.0,1.0,1.0,,1.0,1.0,
30,Case273_6,0,6,0,0.999999999999997,1.0,1.0,1.0,,1.0,1.0,
31,Case274_6,0,6,0,0.9999999995547072,1.0,1.0,1.0,,1.0,1.0,
32,Case277_6,1,6,1,0.9995764567383754,1.0,1.0,1.0,,1.0,1.0,
33,Case27_6,0,6,0,0.9894087993457168,1.0,1.0,1.0,,1.0,1.0,
34,Case29_6,1,6,1,0.9999999999999568,1.0,1.0,1.0,,1.0,1.0,
35,Case33_6,1,6,1,0.9901215774659514,1.0,1.0,1.0,,1.0,1.0,
36,Case41_6,0,6,0,0.9985073210385056,1.0,1.0,1.0,,1.0,1.0,
37,Case46_6,0,6,0,0.989045125409348,1.0,1.0,1.0,,1.0,1.0,
38,Case52_6,0,6,0,0.9999641933708796,1.0,1.0,1.0,,1.0,1.0,
39,Case58_6,0,6,0,0.9984255547065164,1.0,1.0,1.0,,1.0,1.0,
40,Case64_6,0,6,0,0.9999999999997744,1.0,1.0,1.0,,1.0,1.0,
41,Case65_6,0,6,1,0.9999999999999988,1.0,1.0,1.0,,1.0,1.0,
42,Case6_6,1,6,1,0.9997810945642416,1.0,1.0,1.0,,1.0,1.0,
43,Case75_6,1,6,1,0.9993089013130918,1.0,1.0,1.0,,1.0,1.0,
44,Case83_6,0,6,1,0.999935059198492,1.0,1.0,1.0,,1.0,1.0,
45,Case84_6,0,6,0,0.9999999999968096,1.0,1.0,1.0,,1.0,1.0,
46,Case89_6,0,6,0,0.9995689211425859,1.0,1.0,1.0,,1.0,1.0,
47,Case95_6,1,6,1,0.9999983975961046,1.0,1.0,1.0,,1.0,1.0,
48,Case96_6,0,6,1,0.9999999999970424,1.0,1.0,1.0,,1.0,1.0,
49,Case99_6,0,6,1,0.9987558170307254,1.0,1.0,1.0,,1.0,1.0,
0,Case102_7,1,7,1,0.9983701249185571,1.0,1.0,1.0,,1.0,1.0,
1,Case109_7,1,7,1,0.9999999999926634,1.0,1.0,1.0,,1.0,1.0,
2,Case119_7,0,7,1,0.9999999997350713,1.0,1.0,1.0,,1.0,1.0,
3,Case123_7,1,7,1,0.9999999999757788,1.0,1.0,1.0,,1.0,1.0,
4,Case124_7,0,7,0,0.9997517937247312,1.0,1.0,1.0,,1.0,1.0,
5,Case127_7,1,7,1,0.9987979940329276,1.0,1.0,1.0,,1.0,1.0,
6,Case129_7,0,7,0,0.9999955482956004,1.0,1.0,1.0,,1.0,1.0,
7,Case155_7,0,7,0,0.9999793134038122,1.0,1.0,1.0,,1.0,1.0,
8,Case174_7,1,7,1,0.7740511415118856,1.0,1.0,1.0,,1.0,1.0,
9,Case178_7,0,7,0,0.999295967452775,1.0,1.0,1.0,,1.0,1.0,
10,Case17_7,1,7,1,1.0,1.0,1.0,1.0,,1.0,1.0,
11,Case187_7,1,7,1,0.9998719022116109,1.0,1.0,1.0,,1.0,1.0,
12,Case18_7,1,7,1,0.9999999677860304,1.0,1.0,1.0,,1.0,1.0,
13,Case192_7,0,7,0,0.9996102046456049,1.0,1.0,1.0,,1.0,1.0,
14,Case194_7,1,7,1,0.9999999998980759,1.0,1.0,1.0,,1.0,1.0,
15,Case206_7,1,7,1,0.99936641675926,1.0,1.0,1.0,,1.0,1.0,
16,Case208_7,1,7,1,0.999999999989326,1.0,1.0,1.0,,1.0,1.0,
17,Case209_7,0,7,0,0.9992599392378892,1.0,1.0,1.0,,1.0,1.0,
18,Case218_7,0,7,0,0.9998594604143014,1.0,1.0,1.0,,1.0,1.0,
19,Case219_7,1,7,1,0.999674098668342,1.0,1.0,1.0,,1.0,1.0,
20,Case223_7,0,7,0,0.9952872313865512,1.0,1.0,1.0,,1.0,1.0,
21,Case225_7,1,7,1,0.9996428397734636,1.0,1.0,1.0,,1.0,1.0,
22,Case230_7,1,7,1,0.9985358510691742,1.0,1.0,1.0,,1.0,1.0,
23,Case236_7,0,7,0,0.99999757622581,1.0,1.0,1.0,,1.0,1.0,
24,Case240_7,1,7,1,0.9998639936378422,1.0,1.0,1.0,,1.0,1.0,
25,Case244_7,1,7,1,0.9997552013141872,1.0,1.0,1.0,,1.0,1.0,
26,Case250_7,0,7,0,0.9999976870685662,1.0,1.0,1.0,,1.0,1.0,
27,Case252_7,0,7,0,0.9999999999988708,1.0,1.0,1.0,,1.0,1.0,
28,Case261_7,0,7,0,0.9999246388552259,1.0,1.0,1.0,,1.0,1.0,
29,Case277_7,1,7,1,0.9999999812862952,1.0,1.0,1.0,,1.0,1.0,
30,Case27_7,0,7,0,0.9961563422266436,1.0,1.0,1.0,,1.0,1.0,
31,Case37_7,1,7,1,0.9974831086716792,1.0,1.0,1.0,,1.0,1.0,
32,Case39_7,0,7,0,0.9995312447005452,1.0,1.0,1.0,,1.0,1.0,
33,Case3_7,0,7,0,0.9992323948277788,1.0,1.0,1.0,,1.0,1.0,
34,Case43_7,0,7,0,0.9999983641922188,1.0,1.0,1.0,,1.0,1.0,
35,Case55_7,1,7,1,0.9998231577512976,1.0,1.0,1.0,,1.0,1.0,
36,Case56_7,0,7,0,0.9999999989648856,1.0,1.0,1.0,,1.0,1.0,
37,Case58_7,0,7,0,0.9988691760152456,1.0,1.0,1.0,,1.0,1.0,
38,Case59_7,1,7,0,0.999999999998376,1.0,1.0,1.0,,1.0,1.0,
39,Case61_7,1,7,1,0.999552145997506,1.0,1.0,1.0,,1.0,1.0,
40,Case63_7,1,7,1,0.9999999999999044,1.0,1.0,1.0,,1.0,1.0,
41,Case64_7,0,7,0,0.9871958591326918,1.0,1.0,1.0,,1.0,1.0,
42,Case67_7,0,7,0,0.9953979173766708,1.0,1.0,1.0,,1.0,1.0,
43,Case6_7,1,7,1,0.9999986501936736,1.0,1.0,1.0,,1.0,1.0,
44,Case75_7,1,7,1,0.9976022771876968,1.0,1.0,1.0,,1.0,1.0,
45,Case83_7,0,7,1,0.9999709167205983,1.0,1.0,1.0,,1.0,1.0,
46,Case84_7,0,7,0,0.9999999992876228,1.0,1.0,1.0,,1.0,1.0,
47,Case90_7,0,7,0,0.9991860908929858,1.0,1.0,1.0,,1.0,1.0,
48,Case93_7,1,7,1,0.9996334262271986,1.0,1.0,1.0,,1.0,1.0,
49,Case97_7,0,7,0,0.9999666802402276,1.0,1.0,1.0,,1.0,1.0,
0,Case101_8,0,8,0,0.8462970167958634,1.0,1.0,1.0,,1.0,1.0,
1,Case103_8,1,8,1,0.9881719432438846,1.0,1.0,1.0,,1.0,1.0,
2,Case10_8,1,8,1,0.9869803719463972,1.0,1.0,1.0,,1.0,1.0,
3,Case110_8,1,8,1,0.9769690481146669,1.0,1.0,1.0,,1.0,1.0,
4,Case111_8,1,8,0,0.7321395470562084,1.0,1.0,1.0,,1.0,1.0,
5,Case11_8,1,8,1,0.9271042737315948,1.0,1.0,1.0,,1.0,1.0,
6,Case127_8,1,8,1,0.998844887730374,1.0,1.0,1.0,,1.0,1.0,
7,Case12_8,0,8,0,0.9961606469222696,1.0,1.0,1.0,,1.0,1.0,
8,Case135_8,1,8,1,0.9999989451267228,1.0,1.0,1.0,,1.0,1.0,
9,Case174_8,1,8,1,0.6933212487724675,1.0,1.0,1.0,,1.0,1.0,
10,Case185_8,0,8,0,0.9982000812758453,1.0,1.0,1.0,,1.0,1.0,
11,Case192_8,0,8,0,0.9862729817782994,1.0,1.0,1.0,,1.0,1.0,
12,Case195_8,0,8,0,0.9835148169273772,1.0,1.0,1.0,,1.0,1.0,
13,Case199_8,1,8,1,0.9873457992327532,1.0,1.0,1.0,,1.0,1.0,
14,Case207_8,1,8,1,0.99976448206079,1.0,1.0,1.0,,1.0,1.0,
15,Case208_8,1,8,1,0.9999962210254079,1.0,1.0,1.0,,1.0,1.0,
16,Case210_8,0,8,0,0.7835119086837932,1.0,1.0,1.0,,1.0,1.0,
17,Case211_8,0,8,0,0.999915078905054,1.0,1.0,1.0,,1.0,1.0,
18,Case215_8,0,8,0,0.9999995287362076,1.0,1.0,1.0,,1.0,1.0,
19,Case218_8,0,8,0,0.9999998941000594,1.0,1.0,1.0,,1.0,1.0,
20,Case223_8,0,8,0,0.9164389482886968,1.0,1.0,1.0,,1.0,1.0,
21,Case229_8,0,8,0,0.9957523435052632,1.0,1.0,1.0,,1.0,1.0,
22,Case230_8,1,8,1,0.8928089451693091,1.0,1.0,1.0,,1.0,1.0,
23,Case240_8,1,8,1,0.9764177054836336,1.0,1.0,1.0,,1.0,1.0,
24,Case245_8,1,8,1,0.9999940435781852,1.0,1.0,1.0,,1.0,1.0,
25,Case249_8,1,8,1,0.8648333050590409,1.0,1.0,1.0,,1.0,1.0,
26,Case251_8,0,8,0,0.9919422553035894,1.0,1.0,1.0,,1.0,1.0,
27,Case252_8,0,8,0,0.9999895004343096,1.0,1.0,1.0,,1.0,1.0,
28,Case256_8,1,8,1,0.9964296469311362,1.0,1.0,1.0,,1.0,1.0,
29,Case258_8,1,8,1,0.9565518463153908,1.0,1.0,1.0,,1.0,1.0,
30,Case259_8,1,8,1,0.9998950837850282,1.0,1.0,1.0,,1.0,1.0,
31,Case260_8,1,8,1,0.9179439302868272,1.0,1.0,1.0,,1.0,1.0,
32,Case261_8,0,8,0,0.9629580519214836,1.0,1.0,1.0,,1.0,1.0,
33,Case263_8,0,8,0,0.9945065753355931,1.0,1.0,1.0,,1.0,1.0,
34,Case264_8,1,8,1,0.6624571918170066,1.0,1.0,1.0,,1.0,1.0,
35,Case265_8,0,8,0,0.9977554472868306,1.0,1.0,1.0,,1.0,1.0,
36,Case267_8,1,8,1,0.9999964857552092,1.0,1.0,1.0,,1.0,1.0,
37,Case44_8,1,8,1,0.9999996736243684,1.0,1.0,1.0,,1.0,1.0,
38,Case46_8,0,8,0,0.9270859986471576,1.0,1.0,1.0,,1.0,1.0,
39,Case4_8,0,8,0,0.8744012177938841,1.0,1.0,1.0,,1.0,1.0,
40,Case52_8,0,8,0,0.92875548998335,1.0,1.0,1.0,,1.0,1.0,
41,Case53_8,1,8,1,0.6305771606272887,1.0,1.0,1.0,,1.0,1.0,
42,Case60_8,0,8,1,0.9981360112286656,1.0,1.0,1.0,,1.0,1.0,
43,Case73_8,1,8,1,0.9994361496855686,1.0,1.0,1.0,,1.0,1.0,
44,Case78_8,1,8,1,0.9557252128179256,1.0,1.0,1.0,,1.0,1.0,
45,Case83_8,0,8,1,0.997445691230148,1.0,1.0,1.0,,1.0,1.0,
46,Case84_8,0,8,0,0.9999986649086936,1.0,1.0,1.0,,1.0,1.0,
47,Case86_8,0,8,1,0.9996652184681012,1.0,1.0,1.0,,1.0,1.0,
48,Case89_8,0,8,0,0.9676202179289244,1.0,1.0,1.0,,1.0,1.0,
49,Case96_8,0,8,1,0.9827250600685656,1.0,1.0,1.0,,1.0,1.0,
0,Case101_9,0,9,1,0.6647910391489916,1.0,1.0,1.0,,1.0,1.0,
1,Case103_9,1,9,1,0.7407274132921418,1.0,1.0,1.0,,1.0,1.0,
2,Case110_9,1,9,1,0.8283388364283084,1.0,1.0,1.0,,1.0,1.0,
3,Case111_9,1,9,1,0.5031816717538893,1.0,1.0,1.0,,1.0,1.0,
4,Case11_9,1,9,1,0.5914517406548108,1.0,1.0,1.0,,1.0,1.0,
5,Case122_9,0,9,0,0.84677200895004,1.0,1.0,1.0,,1.0,1.0,
6,Case123_9,1,9,1,0.9177591705426854,1.0,1.0,1.0,,1.0,1.0,
7,Case124_9,0,9,0,0.8192594180004263,1.0,1.0,1.0,,1.0,1.0,
8,Case155_9,0,9,0,0.8351556099612718,1.0,1.0,1.0,,1.0,1.0,
9,Case17_9,1,9,1,0.9567435006141785,1.0,1.0,1.0,,1.0,1.0,
10,Case185_9,0,9,0,0.8757982859089357,1.0,1.0,1.0,,1.0,1.0,
11,Case188_9,1,9,1,0.8645469317163643,1.0,1.0,1.0,,1.0,1.0,
12,Case18_9,1,9,1,0.9225748752844344,1.0,1.0,1.0,,1.0,1.0,
13,Case195_9,0,9,0,0.7883334092993943,1.0,1.0,1.0,,1.0,1.0,
14,Case199_9,1,9,1,0.8520071382586971,1.0,1.0,1.0,,1.0,1.0,
15,Case19_9,1,9,1,0.6478243747124235,1.0,1.0,1.0,,1.0,1.0,
16,Case207_9,1,9,1,0.9284040624927116,1.0,1.0,1.0,,1.0,1.0,
17,Case20_9,1,9,1,0.9204593206406674,1.0,1.0,1.0,,1.0,1.0,
18,Case215_9,0,9,0,0.9308959994197172,1.0,1.0,1.0,,1.0,1.0,
19,Case21_9,1,9,1,0.9113713227722252,1.0,1.0,1.0,,1.0,1.0,
20,Case223_9,0,9,1,0.5329692240346399,1.0,1.0,1.0,,1.0,1.0,
21,Case229_9,0,9,0,0.8900255540487062,1.0,1.0,1.0,,1.0,1.0,
22,Case230_9,1,9,1,0.6792423532577716,1.0,1.0,1.0,,1.0,1.0,
23,Case235_9,1,9,1,0.9061942535678622,1.0,1.0,1.0,,1.0,1.0,
24,Case238_9,1,9,1,0.9264255284090304,1.0,1.0,1.0,,1.0,1.0,
25,Case251_9,0,9,0,0.9345287215027008,1.0,1.0,1.0,,1.0,1.0,
26,Case257_9,1,9,1,0.760150075129662,1.0,1.0,1.0,,1.0,1.0,
27,Case263_9,0,9,0,0.7117928461284929,1.0,1.0,1.0,,1.0,1.0,
28,Case264_9,1,9,1,0.5715510351449568,1.0,1.0,1.0,,1.0,1.0,
29,Case265_9,0,9,0,0.8050404636495037,1.0,1.0,1.0,,1.0,1.0,
30,Case269_9,0,9,0,0.7513480281122291,1.0,1.0,1.0,,1.0,1.0,
31,Case273_9,0,9,0,0.7988193451070175,1.0,1.0,1.0,,1.0,1.0,
32,Case27_9,0,9,0,0.6046942112129217,1.0,1.0,1.0,,1.0,1.0,
33,Case28_9,1,9,1,0.7953563279264619,1.0,1.0,1.0,,1.0,1.0,
34,Case37_9,1,9,1,0.6711661929987324,1.0,1.0,1.0,,1.0,1.0,
35,Case38_9,1,9,1,0.7927106998065471,1.0,1.0,1.0,,1.0,1.0,
36,Case39_9,0,9,0,0.5994774496042481,1.0,1.0,1.0,,1.0,1.0,
37,Case3_9,0,9,0,0.6746225463844913,1.0,1.0,1.0,,1.0,1.0,
38,Case40_9,0,9,0,0.8427773284272052,1.0,1.0,1.0,,1.0,1.0,
39,Case43_9,0,9,0,0.657900875199622,1.0,1.0,1.0,,1.0,1.0,
40,Case46_9,0,9,0,0.6205629544156888,1.0,1.0,1.0,,1.0,1.0,
41,Case4_9,0,9,1,0.5797985656115043,1.0,1.0,1.0,,1.0,1.0,
42,Case55_9,1,9,1,0.8069964590755639,1.0,1.0,1.0,,1.0,1.0,
43,Case61_9,1,9,1,0.7551668169132228,1.0,1.0,1.0,,1.0,1.0,
44,Case72_9,0,9,0,0.8381646925546586,1.0,1.0,1.0,,1.0,1.0,
45,Case78_9,1,9,1,0.8256871011799171,1.0,1.0,1.0,,1.0,1.0,
46,Case89_9,0,9,1,0.6083084283556011,1.0,1.0,1.0,,1.0,1.0,
47,Case90_9,0,9,0,0.6332219270243247,1.0,1.0,1.0,,1.0,1.0,
48,Case91_9,1,9,1,0.8851785073606605,1.0,1.0,1.0,,1.0,1.0,
49,Case99_9,0,9,0,0.6744531201155333,1.0,1.0,1.0,,1.0,1.0,
0,Case101_10,0,10,0,0.9771630210794,1.0,1.0,1.0,0.9148019547325102,0.9439847255117927,0.9439847255117927,1.0
1,Case103_10,1,10,1,0.9996612292494128,1.0,1.0,1.0,0.9171063122036446,0.9406372805687707,0.9406372805687707,
2,Case10_10,1,10,1,0.9996398474071241,1.0,1.0,1.0,0.86426708884336,0.8914760288279034,0.8914760288279034,1.0
3,Case111_10,1,10,1,0.8270479262017233,1.0,1.0,1.0,0.9565858453473133,0.9442528863725569,0.9442528863725569,0.6058376961423196
4,Case115_10,1,10,1,0.9998732662605015,1.0,1.0,1.0,0.911640158714281,0.8984778830216082,0.8984778830216082,1.0
5,Case119_10,0,10,1,0.9999999661615241,1.0,1.0,1.0,0.8932780574474386,0.1807282520908161,0.1807282520908161,1.0
6,Case122_10,0,10,0,0.9999998524014506,1.0,1.0,1.0,0.9488811728395061,0.7178050856336913,0.7178050856336913,1.0
7,Case124_10,0,10,0,0.9012968545452332,1.0,1.0,1.0,0.9020222479423868,0.9052036113354373,0.9052036113354373,1.0
8,Case127_10,1,10,1,0.9999998786236968,1.0,1.0,1.0,0.9100187543184286,0.655885090498947,0.655885090498947,1.0
9,Case12_10,0,10,0,0.9993578259238084,1.0,1.0,1.0,0.8983861825214231,0.9144489229896526,0.9144489229896526,1.0
10,Case155_10,0,10,0,0.9999999999719228,1.0,1.0,1.0,0.9085411602292848,0.9149925353020519,0.9149925353020519,0.8882563778199453
11,Case178_10,0,10,0,0.9992140999342548,1.0,1.0,1.0,0.9275816615226338,0.9279919916785961,0.9279919916785961,0.7845633546331072
12,Case185_10,0,10,0,0.9999752715939086,1.0,1.0,1.0,0.9476853222781562,0.9431446531696078,0.9431446531696078,0.7299363057324841
13,Case192_10,0,10,0,0.9995322667096328,1.0,1.0,1.0,0.9242099242099242,0.9385798950305502,0.9385798950305502,1.0
14,Case194_10,1,10,1,0.9996063406789254,1.0,1.0,1.0,0.9544567338972023,0.9403666155367618,0.9403666155367618,1.0
15,Case195_10,0,10,0,0.9999070645044512,1.0,1.0,1.0,1.0,0.9327043159361366,0.9327043159361366,0.4234952864394488
16,Case19_10,1,10,1,0.9983329094296848,1.0,1.0,1.0,0.9506425777612219,0.9443154150331694,0.9443154150331694,1.0
17,Case201_10,1,10,1,0.9999996957183456,1.0,1.0,1.0,0.8590327477770549,0.9024257543695875,0.9024257543695875,1.0
18,Case209_10,0,10,0,0.9984521446874224,1.0,1.0,1.0,0.9300769851617309,0.9319136399997445,0.9319136399997445,1.0
19,Case210_10,0,10,0,0.9953003344910208,1.0,1.0,1.0,0.8807227366255144,0.9311441957779825,0.9311441957779825,1.0
20,Case215_10,0,10,0,0.9999999999997308,1.0,1.0,1.0,0.8807227366255144,0.9380585708953252,0.9380585708953252,1.0
21,Case225_10,1,10,1,0.9991604725492608,1.0,1.0,1.0,0.9167186909418304,0.9429457816010727,0.9429457816010727,1.0
22,Case230_10,1,10,1,0.9988105009277868,1.0,1.0,1.0,0.9284320104098894,0.9424333260203448,0.9424333260203448,1.0
23,Case235_10,1,10,1,0.9999999999592306,1.0,1.0,1.0,0.859423225308642,0.9351507128751986,0.9351507128751986,1.0
24,Case238_10,1,10,1,0.99999998344122,1.0,1.0,1.0,0.8971720370025454,0.8987779967399229,0.8987779967399229,1.0
25,Case240_10,1,10,1,0.999240110333163,1.0,1.0,1.0,0.9154196486662329,0.7615242557306072,0.7615242557306072,1.0
26,Case245_10,1,10,1,0.9999999996412056,1.0,1.0,1.0,0.9488811728395061,0.9417151726745051,0.9417151726745051,0.567936390945537
27,Case250_10,0,10,0,0.9999999462473874,1.0,1.0,1.0,0.945781826068098,0.9028460368477053,0.9028460368477053,1.0
28,Case252_10,0,10,0,0.9999999551131026,1.0,1.0,1.0,0.9105420524691358,0.9612999322230108,0.9612999322230108,1.0
29,Case256_10,1,10,1,0.9999494648514368,1.0,1.0,1.0,0.9544567338972023,0.9254181729577212,0.9254181729577212,1.0
30,Case257_10,1,10,1,0.999996650319256,1.0,1.0,1.0,0.9136245110821382,0.9590636873058133,0.9590636873058133,1.0
31,Case258_10,1,10,1,0.9978334391542636,1.0,1.0,1.0,0.9332806903102505,0.8597793148255471,0.8597793148255471,1.0
32,Case259_10,1,10,1,0.9999999764779464,1.0,1.0,1.0,0.9384168482207698,0.8943264729611341,0.8943264729611341,1.0
33,Case25_10,1,10,1,0.9999993815384524,1.0,1.0,1.0,0.9309446254071662,0.9153795380946038,0.9153795380946038,1.0
34,Case269_10,0,10,0,0.9997880842898506,1.0,1.0,1.0,0.9177376296020364,0.94188527288053,0.94188527288053,1.0
35,Case32_10,1,10,1,0.9999999996497266,1.0,1.0,1.0,0.9403529305843161,0.9566598881848111,0.9566598881848111,0.7253727906039495
36,Case38_10,1,10,1,0.9972292508734044,1.0,1.0,1.0,0.979742384283148,0.890707797363498,0.890707797363498,1.0
37,Case3_10,0,10,0,0.9985048574577352,1.0,1.0,1.0,0.979742384283148,0.9151412534254502,0.9151412534254502,1.0
38,Case40_10,0,10,0,0.9999942032265172,1.0,1.0,1.0,0.9506425777612219,0.9415330200445393,0.9415330200445393,1.0
39,Case41_10,0,10,0,0.9999976459610465,1.0,1.0,1.0,0.9646560634857124,0.8526708087067318,0.8526708087067318,1.0
40,Case43_10,0,10,0,0.9993076449391396,1.0,1.0,1.0,0.9361014660493827,0.8663760504666369,0.8663760504666369,1.0
41,Case46_10,0,10,0,0.999547683282348,1.0,1.0,1.0,0.9476853222781562,0.9240690624649002,0.9240690624649002,0.5498938428874734
42,Case55_10,1,10,1,0.9994790354946742,1.0,1.0,1.0,0.9105420524691358,0.9482999099396267,0.9482999099396267,1.0
43,Case60_10,0,10,1,0.9983550220379346,1.0,1.0,1.0,0.9437288452309666,0.952028540775815,0.952028540775815,1.0
44,Case6_10,1,10,1,0.9999999901410402,1.0,1.0,1.0,0.9154196486662329,0.9630089476415807,0.9630089476415807,1.0
45,Case78_10,1,10,1,0.9989366532692135,1.0,1.0,1.0,0.9476853222781562,0.699651159473831,0.699651159473831,0.16410581597645646
46,Case83_10,0,10,1,0.9999998361957836,1.0,1.0,1.0,0.8626983823635583,0.7022782611591551,0.7022782611591551,1.0
47,Case84_10,0,10,0,0.9999999999393708,1.0,1.0,1.0,0.9403529305843161,0.9442249111567929,0.9442249111567929,0.9084575968679832
48,Case89_10,0,10,0,0.9995776283911848,1.0,1.0,1.0,0.9254067443562461,0.9314869036165074,0.9314869036165074,1.0
49,Case95_10,1,10,1,0.9998238299324468,1.0,1.0,1.0,0.9646560634857124,0.9562940954371977,0.9562940954371977,0.07118685037466754
0,Case101_11,0,11,1,0.9451869231813452,1.0,1.0,1.0,,1.0,1.0,
1,Case10_11,1,11,1,0.9949052052886757,1.0,1.0,1.0,,1.0,1.0,
2,Case111_11,1,11,1,0.5715062654997435,1.0,1.0,1.0,,1.0,1.0,
3,Case115_11,1,11,1,0.990956154504016,1.0,1.0,1.0,,1.0,1.0,
4,Case119_11,0,11,1,0.9996408652661166,1.0,1.0,1.0,,1.0,1.0,
5,Case11_11,1,11,1,0.9811296547418088,1.0,1.0,1.0,,1.0,1.0,
6,Case122_11,0,11,0,0.9996235676768732,1.0,1.0,1.0,,1.0,1.0,
7,Case12_11,0,11,0,0.9971134151929586,1.0,1.0,1.0,,1.0,1.0,
8,Case135_11,1,11,1,0.9999984479431656,1.0,1.0,1.0,,1.0,1.0,
9,Case17_11,1,11,1,0.999997054490772,1.0,1.0,1.0,,1.0,1.0,
10,Case187_11,1,11,1,0.9998707946071004,1.0,1.0,1.0,,1.0,1.0,
11,Case18_11,1,11,1,0.9999958767264664,1.0,1.0,1.0,,1.0,1.0,
12,Case201_11,1,11,1,0.9999998016473036,1.0,1.0,1.0,,1.0,1.0,
13,Case20_11,1,11,1,0.999924850491305,1.0,1.0,1.0,,1.0,1.0,
14,Case215_11,0,11,0,0.9999953299085182,1.0,1.0,1.0,,1.0,1.0,
15,Case223_11,0,11,0,0.9783491992053716,1.0,1.0,1.0,,1.0,1.0,
16,Case229_11,0,11,0,0.9999991398510892,1.0,1.0,1.0,,1.0,1.0,
17,Case235_11,1,11,1,0.9999998470887362,1.0,1.0,1.0,,1.0,1.0,
18,Case238_11,1,11,1,0.9998170078985434,1.0,1.0,1.0,,1.0,1.0,
19,Case239_11,0,11,0,0.9953503973423878,1.0,1.0,1.0,,1.0,1.0,
20,Case245_11,1,11,1,0.9997244371295694,1.0,1.0,1.0,,1.0,1.0,
21,Case249_11,1,11,1,0.9859930403896144,1.0,1.0,1.0,,1.0,1.0,
22,Case250_11,0,11,0,0.9999873385898038,1.0,1.0,1.0,,1.0,1.0,
23,Case251_11,0,11,0,0.999607211237662,1.0,1.0,1.0,,1.0,1.0,
24,Case252_11,0,11,0,0.9981821889312644,1.0,1.0,1.0,,1.0,1.0,
25,Case256_11,1,11,1,0.9986318536066092,1.0,1.0,1.0,,1.0,1.0,
26,Case257_11,1,11,1,0.994792951025758,1.0,1.0,1.0,,1.0,1.0,
27,Case258_11,1,11,1,0.9936970796497356,1.0,1.0,1.0,,1.0,1.0,
28,Case259_11,1,11,1,0.999965579261773,1.0,1.0,1.0,,1.0,1.0,
29,Case25_11,1,11,1,0.998895982318036,1.0,1.0,1.0,,1.0,1.0,
30,Case263_11,0,11,0,0.9970523690886904,1.0,1.0,1.0,,1.0,1.0,
31,Case264_11,1,11,1,0.9999993394022684,1.0,1.0,1.0,,1.0,1.0,
32,Case265_11,0,11,0,0.9978474877523827,1.0,1.0,1.0,,1.0,1.0,
33,Case266_11,1,11,1,0.9919759124583007,1.0,1.0,1.0,,1.0,1.0,
34,Case274_11,0,11,0,0.9999982808499959,1.0,1.0,1.0,,1.0,1.0,
35,Case28_11,1,11,1,0.9979975893758726,1.0,1.0,1.0,,1.0,1.0,
36,Case34_11,0,11,0,0.995389413723697,1.0,1.0,1.0,,1.0,1.0,
37,Case39_11,0,11,0,0.9869623211138472,1.0,1.0,1.0,,1.0,1.0,
38,Case3_11,0,11,0,0.9947275534599664,1.0,1.0,1.0,,1.0,1.0,
39,Case40_11,0,11,0,0.9999853496313856,1.0,1.0,1.0,,1.0,1.0,
40,Case41_11,0,11,0,0.997127608948859,1.0,1.0,1.0,,1.0,1.0,
41,Case46_11,0,11,0,0.9993329473951198,1.0,1.0,1.0,,1.0,1.0,
42,Case55_11,1,11,1,0.99656253595484,1.0,1.0,1.0,,1.0,1.0,
43,Case60_11,0,11,1,0.8723613741434417,1.0,1.0,1.0,,1.0,1.0,
44,Case78_11,1,11,1,0.9971809387990817,1.0,1.0,1.0,,1.0,1.0,
45,Case83_11,0,11,1,0.9992166809702719,1.0,1.0,1.0,,1.0,1.0,
46,Case84_11,0,11,0,0.999999991093592,1.0,1.0,1.0,,1.0,1.0,
47,Case89_11,0,11,0,0.9925323004824746,1.0,1.0,1.0,,1.0,1.0,
48,Case90_11,0,11,0,0.9989643066716636,1.0,1.0,1.0,,1.0,1.0,
49,Case91_11,1,11,1,0.9984358222625972,1.0,1.0,1.0,,1.0,1.0,
0,Case101_12,0,12,1,0.8713500325906411,1.0,1.0,1.0,0.957511876831133,0.8953256426533935,0.8953256426533935,0.31438383466715714
1,Case102_12,1,12,1,0.9209772872959162,1.0,1.0,1.0,0.957511876831133,0.9758613539984196,0.9758613539984196,0.10767910767910782
2,Case103_12,1,12,1,0.9736183753246592,1.0,1.0,1.0,0.957511876831133,0.9633435080361283,0.9633435080361283,
3,Case111_12,1,12,1,0.6876646223493166,1.0,1.0,1.0,0.957511876831133,0.9635076981907096,0.9635076981907096,0.14485914485914486
4,Case122_12,0,12,0,0.9443125674194424,1.0,1.0,1.0,0.9681650519613695,0.9577481988942393,0.9577481988942393,0.21921921921921905
5,Case127_12,1,12,1,0.9899463234044598,1.0,1.0,1.0,0.957511876831133,0.9728275348818524,0.9728275348818524,0.12304909085334037
6,Case135_12,1,12,1,0.9975429752620658,1.0,1.0,1.0,0.957511876831133,0.9634705140378026,0.9634705140378026,0.04137191854233646
7,Case155_12,0,12,0,0.993525912595836,1.0,1.0,1.0,1.0,0.952871049992668,0.952871049992668,0.16237113402061876
8,Case178_12,0,12,0,0.9445919041814832,1.0,1.0,1.0,0.982384624939306,0.968303132408112,0.968303132408112,0.04137191854233624
9,Case188_12,1,12,1,0.9871048464172224,1.0,1.0,1.0,0.9681650519613695,0.9537995822631122,0.9537995822631122,-0.0006414368184737285
10,Case192_12,0,12,0,0.9103651655192714,1.0,1.0,1.0,1.0,0.9776309413718353,0.9776309413718353,0.6060606060606061
11,Case194_12,1,12,1,0.9937178786983676,1.0,1.0,1.0,1.0,0.9785083420758013,0.9785083420758013,-0.003215434083601476
12,Case201_12,1,12,1,0.9993395272194744,1.0,1.0,1.0,0.9681650519613695,0.9699644181095367,0.9699644181095367,0.07049907049907045
13,Case207_12,1,12,1,0.9986254437661436,1.0,1.0,1.0,1.0,0.9673623522790341,0.9673623522790341,0.05927084291540152
14,Case209_12,0,12,0,0.9202393395901132,1.0,1.0,1.0,0.9494189009894441,0.7283552474285103,0.7283552474285103,0.07860824742268036
15,Case20_12,1,12,1,0.9371170054289168,1.0,1.0,1.0,0.982384624939306,0.04467277504624767,0.04467277504624767,
16,Case210_12,0,12,0,0.8079657341024509,1.0,1.0,1.0,0.9476492499748314,0.9374151870337444,0.9374151870337444,0.13054662379421222
17,Case223_12,0,12,0,0.7337667806196655,1.0,1.0,1.0,0.982384624939306,0.9560615758417833,0.9560615758417833,0.1680397354156219
18,Case225_12,1,12,1,0.9451784477534556,1.0,1.0,1.0,0.9506079027355623,0.9310470066781658,0.9310470066781658,0.03331903331903319
19,Case238_12,1,12,1,0.9973196426150768,1.0,1.0,1.0,0.9681650519613695,0.967803103954335,0.967803103954335,0.05312767780634098
20,Case239_12,0,12,0,0.937118116278564,1.0,1.0,1.0,0.9681650519613695,0.949078768646038,0.949078768646038,0.168039735415622
21,Case248_12,1,12,1,0.9324956778593708,1.0,1.0,1.0,0.9681650519613695,0.9737221305446392,0.9737221305446392,0.07229001641333044
22,Case249_12,1,12,1,0.9080186865673404,1.0,1.0,1.0,0.9275326676831768,0.9684894310486646,0.9684894310486646,0.12304909085334059
23,Case250_12,0,12,0,0.9967813065652698,1.0,1.0,1.0,0.9681650519613695,0.8752877556388874,0.8752877556388874,0.18682733879127933
24,Case251_12,0,12,0,0.9903100355045344,1.0,1.0,1.0,0.9681650519613695,0.9792186119029456,0.9792186119029456,0.4779713570457347
25,Case256_12,1,12,1,0.98662673560827,1.0,1.0,1.0,0.9681650519613695,0.9582077217510581,0.9582077217510581,0.5811855670103092
26,Case257_12,1,12,1,0.9480068669095048,1.0,1.0,1.0,0.9494189009894441,0.9765814976704051,0.9765814976704051,0.04137191854233646
27,Case259_12,1,12,1,0.9984021555546684,1.0,1.0,1.0,0.9506079027355623,0.9718926037453386,0.9718926037453386,0.059270842915401634
28,Case25_12,1,12,1,0.958450819824484,1.0,1.0,1.0,0.957511876831133,0.9677672103268917,0.9677672103268917,0.12304909085334037
29,Case263_12,0,12,0,0.9707324695177738,1.0,1.0,1.0,1.0,0.9787573003929269,0.9787573003929269,0.7987096774193548
30,Case264_12,1,12,1,0.6529331512306021,1.0,1.0,1.0,0.9382598784194529,0.9743174293926848,0.9743174293926848,0.5538395538395537
31,Case265_12,0,12,0,0.9575799240012608,1.0,1.0,1.0,1.0,0.9721497901273188,0.9721497901273188,1.0
32,Case266_12,1,12,1,0.9434945758905136,1.0,1.0,1.0,0.9382598784194529,0.97531830391662,0.97531830391662,0.04137191854233646
33,Case269_12,0,12,0,0.9557059376698236,1.0,1.0,1.0,0.9681650519613695,0.9785891770696131,0.9785891770696131,0.18682733879127933
34,Case273_12,0,12,0,0.9830579664596182,1.0,1.0,1.0,0.957511876831133,0.9699433180157788,0.9699433180157788,0.15493821482230996
35,Case274_12,0,12,0,0.9944276381446684,1.0,1.0,1.0,0.9641856834565408,0.9796045821691403,0.9796045821691403,0.10767910767910771
36,Case27_12,0,12,0,0.9693741636847066,1.0,1.0,1.0,1.0,0.8961135095812707,0.8961135095812707,0.10767910767910749
37,Case34_12,0,12,0,0.9426088242599464,1.0,1.0,1.0,0.9506079027355623,0.8802364475248842,0.8802364475248842,0.12304909085334037
38,Case37_12,1,12,1,0.8886518972351815,1.0,1.0,1.0,0.9681650519613695,0.9773398343814563,0.9773398343814563,0.07049907049907045
39,Case38_12,1,12,1,0.9528009615328497,1.0,1.0,1.0,0.9681650519613695,0.9596456802556583,0.9596456802556583,0.05927084291540152
40,Case3_12,0,12,0,0.9031945477300038,1.0,1.0,1.0,0.9506079027355623,0.9162269225001309,0.9162269225001309,0.1680397354156219
41,Case41_12,0,12,0,0.9439190485109941,1.0,1.0,1.0,0.957511876831133,0.9651591340057398,0.9651591340057398,0.10882604970008547
42,Case67_12,0,12,0,0.6722481514277572,1.0,1.0,1.0,1.0,0.9674139386265653,0.9674139386265653,0.10767910767910771
43,Case6_12,1,12,1,0.9990061475609424,1.0,1.0,1.0,0.9506079027355623,0.9833746511889992,0.9833746511889992,0.8882441435632925
44,Case78_12,1,12,1,0.9657939647952384,1.0,1.0,1.0,0.957511876831133,0.9744902983457943,0.9744902983457943,0.0333190333190333
45,Case83_12,0,12,1,0.7135442239545441,1.0,1.0,1.0,0.9681650519613695,0.9791250921842064,0.9791250921842064,0.10882604970008547
46,Case84_12,0,12,0,0.9995250946339792,1.0,1.0,1.0,1.0,0.9345789018918403,0.9345789018918403,0.5835497835497835
47,Case90_12,0,12,0,0.9510405886327888,1.0,1.0,1.0,1.0,0.9672910747055303,0.9672910747055303,1.0
48,Case95_12,1,12,1,0.9633149359719616,1.0,1.0,1.0,0.982384624939306,0.9715570553550648,0.9715570553550648,0.05312767780634098
49,Case9_12,0,12,0,0.992113446256346,1.0,1.0,1.0,0.982384624939306,0.9810030589230501,0.9810030589230501,0.39220779220779234
0,Case101_13,0,13,1,0.9743023924690128,1.0,1.0,1.0,0.9520405953154492,0.937379841216917,0.937379841216917,0.8509289617486339
1,Case102_13,1,13,1,0.9999908461098648,1.0,1.0,1.0,0.9736971609903443,0.9361629556271804,0.9361629556271804,0.10765687967760507
2,Case10_13,1,13,1,0.9999915745822281,1.0,1.0,1.0,0.9520405953154492,0.8508195940737914,0.8508195940737914,0.47381415301052354
3,Case111_13,1,13,0,0.9946851127764152,1.0,1.0,1.0,0.926936558306512,0.9626075591535825,0.9626075591535825,0.47381415301052354
4,Case11_13,1,13,1,0.9999605419089658,1.0,1.0,1.0,0.9241645873085768,0.9751405011720774,0.9751405011720774,0.39152866905408534
5,Case127_13,1,13,1,0.9999999999820994,1.0,1.0,1.0,0.9520405953154492,0.95576022349476,0.95576022349476,0.47381415301052354
6,Case12_13,0,13,0,0.9999920145285096,1.0,1.0,1.0,1.0,0.9616809205294437,0.9616809205294437,1.0
7,Case178_13,0,13,0,0.9999935498902488,1.0,1.0,1.0,1.0,0.9780215261476414,0.9780215261476414,0.26735084641206197
8,Case18_13,1,13,1,0.9999999565562936,1.0,1.0,1.0,0.9241645873085768,0.9426358752204265,0.9426358752204265,0.16234327712926933
9,Case192_13,0,13,0,0.9999902180067992,1.0,1.0,1.0,0.9376232443961527,0.9739902716949792,0.9739902716949792,0.1305285868392665
10,Case194_13,1,13,1,0.9999997620578625,1.0,1.0,1.0,0.9520405953154492,0.9753469754286758,0.9753469754286758,0.5811716385646346
11,Case195_13,0,13,0,0.9999947699311008,1.0,1.0,1.0,1.0,0.9358911474761455,0.9358911474761455,
12,Case19_13,1,13,1,0.9999792703344582,1.0,1.0,1.0,0.9188014039499188,0.963713545197017,0.963713545197017,0.31436389634704587
13,Case201_13,1,13,1,0.9999996496615442,1.0,1.0,1.0,0.8980862650453294,0.8720021957757282,0.8720021957757282,0.21919976971790434
14,Case207_13,1,13,1,1.0,1.0,1.0,1.0,1.0,0.969392110843229,0.969392110843229,0.44156218475284625
15,Case20_13,1,13,1,0.9999999657822664,1.0,1.0,1.0,0.9736971609903443,0.9422199985314849,0.9422199985314849,
16,Case210_13,0,13,0,0.9999490665536256,1.0,1.0,1.0,0.8928178532138928,0.9373862137538124,0.9373862137538124,0.26190476190476175
17,Case21_13,1,13,1,0.9999835323683414,1.0,1.0,1.0,0.9486754966887417,0.9163697306812366,0.9163697306812366,
18,Case223_13,0,13,0,0.9999443978691386,1.0,1.0,1.0,0.9210914829710329,0.9711586732012901,0.9711586732012901,0.5538284398388025
19,Case225_13,1,13,1,0.9999831055601685,1.0,1.0,1.0,0.9460456697298802,0.9690349531415285,0.9690349531415285,0.2563807330646709
20,Case240_13,1,13,1,0.9999828656416896,1.0,1.0,1.0,0.9353947470272652,0.9337728462393473,0.9337728462393473,0.47381415301052354
21,Case249_13,1,13,1,0.9999949846768492,1.0,1.0,1.0,0.9188014039499188,0.9681045952997621,0.9681045952997621,0.36792362310497007
22,Case250_13,0,13,0,1.0,1.0,1.0,1.0,0.9736971609903443,0.9786144893618647,0.9786144893618647,0.8506959495255983
23,Case251_13,0,13,0,0.9999999983997708,1.0,1.0,1.0,0.9520405953154492,0.9618089471109841,0.9618089471109841,0.10765687967760507
24,Case256_13,1,13,1,0.9999948200338056,1.0,1.0,1.0,0.9520405953154492,0.9554172785624638,0.9554172785624638,0.7766248739011385
25,Case257_13,1,13,1,0.999960784435468,1.0,1.0,1.0,0.9241645873085768,0.9523297923393722,0.9523297923393722,0.3019527309410578
26,Case259_13,1,13,1,0.9999999999774573,1.0,1.0,1.0,0.9736971609903443,0.9424885100184601,0.9424885100184601,0.1305285868392665
27,Case260_13,1,13,1,0.9999886152403492,1.0,1.0,1.0,0.9520405953154492,0.9697806118285148,0.9697806118285148,0.36792362310497007
28,Case263_13,0,13,0,0.9999986275610594,1.0,1.0,1.0,0.9736971609903443,0.9754914247616285,0.9754914247616285,0.36792362310497007
29,Case265_13,0,13,0,0.9999921195858388,1.0,1.0,1.0,1.0,0.9296425881802929,0.9296425881802929,0.7052911777488048
30,Case269_13,0,13,0,0.9999773046746956,1.0,1.0,1.0,0.9460456697298802,0.9704418531275677,0.9704418531275677,0.36792362310497007
31,Case273_13,0,13,0,0.9999991687740266,1.0,1.0,1.0,0.9188014039499188,0.9784796120983512,0.9784796120983512,0.6783689226685969
32,Case274_13,0,13,0,0.9999995521561976,1.0,1.0,1.0,0.9353947470272652,0.9640318105930086,0.9640318105930086,0.3513708513708512
33,Case277_13,1,13,1,0.9999986438684142,1.0,1.0,1.0,0.9230889845562681,0.9753660036740295,0.9753660036740295,0.31436389634704587
34,Case27_13,0,13,0,0.99999355173518,1.0,1.0,1.0,0.9353947470272652,0.9457385428722117,0.9457385428722117,0.6197691197691197
35,Case28_13,1,13,1,0.9999999999982232,1.0,1.0,1.0,0.9736971609903443,0.9491656749929418,0.9491656749929418,0.7766248739011385
36,Case34_13,0,13,0,0.9999926897813204,1.0,1.0,1.0,1.0,0.9667673517414951,0.9667673517414951,0.8986928104575164
37,Case37_13,1,13,1,0.9999577539193631,1.0,1.0,1.0,0.9052057341357209,0.9765422151535623,0.9765422151535623,0.5405420562245133
38,Case38_13,1,13,1,0.9999042823881358,1.0,1.0,1.0,0.9520405953154492,0.9618046837003786,0.9618046837003786,0.47381415301052354
39,Case39_13,0,13,0,0.9999873898479712,1.0,1.0,1.0,0.9749470655740354,0.9531357600562171,0.9531357600562171,0.16234327712926933
40,Case3_13,0,13,0,0.9999537892492202,1.0,1.0,1.0,0.9520405953154492,0.9463100160176968,0.9463100160176968,1.0
41,Case41_13,0,13,0,0.9999781268584852,1.0,1.0,1.0,0.9230889845562681,0.9641513578727482,0.9641513578727482,0.041352031643293596
42,Case55_13,1,13,1,0.9999951312345812,1.0,1.0,1.0,0.9210914829710329,0.9129719666547312,0.9129719666547312,0.4411997981108947
43,Case60_13,0,13,1,0.9941167020392828,1.0,1.0,1.0,0.9087564385577631,0.974373692505137,0.974373692505137,0.24610894941634232
44,Case67_13,0,13,0,0.9998342982396348,1.0,1.0,1.0,0.8800188159077782,0.9746051486873881,0.9746051486873881,0.36792362310497007
45,Case83_13,0,13,1,0.9628112677164016,1.0,1.0,1.0,0.9520405953154492,0.9147468052032637,0.9147468052032637,0.6735657225853304
46,Case84_13,0,13,0,0.9999999997793736,1.0,1.0,1.0,0.9304085154834318,0.9683744699030266,0.9683744699030266,0.7445209125372546
47,Case89_13,0,13,0,0.9999817784705916,1.0,1.0,1.0,1.0,0.6302968044581423,0.6302968044581423,1.0
48,Case90_13,0,13,0,0.9999858194252452,1.0,1.0,1.0,1.0,0.9434617185480667,0.9434617185480667,1.0
49,Case95_13,1,13,1,0.9999817684044704,1.0,1.0,1.0,0.9486754966887417,0.9096633662516519,0.9096633662516519,0.10996267585414843
0,Case101_14,0,14,1,0.8617221506908571,1.0,1.0,1.0,,1.0,1.0,
1,Case127_14,1,14,1,0.999999837451624,1.0,1.0,1.0,,1.0,1.0,
2,Case12_14,0,14,0,0.9985452968551164,1.0,1.0,1.0,,1.0,1.0,
3,Case178_14,0,14,0,0.9987261596946441,1.0,1.0,1.0,,1.0,1.0,
4,Case17_14,1,14,1,0.9999982995723848,1.0,1.0,1.0,,1.0,1.0,
5,Case187_14,1,14,1,0.9994709774598804,1.0,1.0,1.0,,1.0,1.0,
6,Case188_14,1,14,1,0.9995885661051124,1.0,1.0,1.0,,1.0,1.0,
7,Case18_14,1,14,1,0.999199954729026,1.0,1.0,1.0,,1.0,1.0,
8,Case192_14,0,14,0,0.9982518928353276,1.0,1.0,1.0,,1.0,1.0,
9,Case194_14,1,14,1,0.9993056427742298,1.0,1.0,1.0,,1.0,1.0,
10,Case195_14,0,14,0,0.998879133894142,1.0,1.0,1.0,,1.0,1.0,
11,Case201_14,1,14,1,0.9996175887252308,1.0,1.0,1.0,,1.0,1.0,
12,Case210_14,0,14,0,0.9942431291070948,1.0,1.0,1.0,,1.0,1.0,
13,Case21_14,1,14,1,0.9985295459816556,1.0,1.0,1.0,,1.0,1.0,
14,Case223_14,0,14,0,0.996442034033217,1.0,1.0,1.0,,1.0,1.0,
15,Case225_14,1,14,1,0.9968961771154744,1.0,1.0,1.0,,1.0,1.0,
16,Case235_14,1,14,1,0.9999987234056112,1.0,1.0,1.0,,1.0,1.0,
17,Case240_14,1,14,1,0.9977647371911176,1.0,1.0,1.0,,1.0,1.0,
18,Case245_14,1,14,1,0.99885413817778,1.0,1.0,1.0,,1.0,1.0,
19,Case249_14,1,14,1,0.9992480148158092,1.0,1.0,1.0,,1.0,1.0,
20,Case250_14,0,14,0,0.999998994892492,1.0,1.0,1.0,,1.0,1.0,
21,Case251_14,0,14,0,0.9999999999901028,1.0,1.0,1.0,,1.0,1.0,
22,Case256_14,1,14,1,0.9996408504635068,1.0,1.0,1.0,,1.0,1.0,
23,Case259_14,1,14,1,0.9999959603459676,1.0,1.0,1.0,,1.0,1.0,
24,Case25_14,1,14,1,0.999221236847978,1.0,1.0,1.0,,1.0,1.0,
25,Case263_14,0,14,0,0.9995398722247636,1.0,1.0,1.0,,1.0,1.0,
26,Case265_14,0,14,0,0.9995769992105796,1.0,1.0,1.0,,1.0,1.0,
27,Case267_14,1,14,1,0.999982777155896,1.0,1.0,1.0,,1.0,1.0,
28,Case269_14,0,14,0,0.998502585323732,1.0,1.0,1.0,,1.0,1.0,
29,Case273_14,0,14,0,0.9995903784481509,1.0,1.0,1.0,,1.0,1.0,
30,Case27_14,0,14,0,0.99811696546393,1.0,1.0,1.0,,1.0,1.0,
31,Case28_14,1,14,1,0.9999351503768868,1.0,1.0,1.0,,1.0,1.0,
32,Case34_14,0,14,0,0.9995585611255172,1.0,1.0,1.0,,1.0,1.0,
33,Case3_14,0,14,0,0.997408670449072,1.0,1.0,1.0,,1.0,1.0,
34,Case61_14,1,14,1,0.9999138482459028,1.0,1.0,1.0,,1.0,1.0,
35,Case67_14,0,14,0,0.9929460689009596,1.0,1.0,1.0,,1.0,1.0,
36,Case83_14,0,14,1,0.6313737899181535,1.0,1.0,1.0,,1.0,1.0,
37,Case84_14,0,14,0,0.9999794711799718,1.0,1.0,1.0,,1.0,1.0,
38,Case90_14,0,14,0,0.9980671276561278,1.0,1.0,1.0,,1.0,1.0,
39,Case95_14,1,14,1,0.9984762937148705,1.0,1.0,1.0,,1.0,1.0,
0,Case101_15,0,15,0,0.667614126867538,1.0,1.0,1.0,,1.0,1.0,
1,Case111_15,1,15,0,0.6696697557857371,1.0,1.0,1.0,,1.0,1.0,
2,Case115_15,1,15,1,0.947941470269284,1.0,1.0,1.0,,1.0,1.0,
3,Case127_15,1,15,1,0.9895515980984064,1.0,1.0,1.0,,1.0,1.0,
4,Case12_15,0,15,0,0.9255097354960466,1.0,1.0,1.0,,1.0,1.0,
5,Case178_15,0,15,0,0.9445305661576404,1.0,1.0,1.0,,1.0,1.0,
6,Case192_15,0,15,0,0.9111640838486472,1.0,1.0,1.0,,1.0,1.0,
7,Case201_15,1,15,1,0.9830269813474204,1.0,1.0,1.0,,1.0,1.0,
8,Case20_15,1,15,1,0.9570482712241072,1.0,1.0,1.0,,1.0,1.0,
9,Case210_15,0,15,0,0.7374065402514869,1.0,1.0,1.0,,1.0,1.0,
10,Case21_15,1,15,1,0.9646940841893724,1.0,1.0,1.0,,1.0,1.0,
11,Case223_15,0,15,0,0.9002715220186636,1.0,1.0,1.0,,1.0,1.0,
12,Case225_15,1,15,1,0.8781025142377678,1.0,1.0,1.0,,1.0,1.0,
13,Case235_15,1,15,1,0.99130653590436,1.0,1.0,1.0,,1.0,1.0,
14,Case245_15,1,15,1,0.9651019241795886,1.0,1.0,1.0,,1.0,1.0,
15,Case249_15,1,15,1,0.9735573778021216,1.0,1.0,1.0,,1.0,1.0,
16,Case25_15,1,15,1,0.9540640997457492,1.0,1.0,1.0,,1.0,1.0,
17,Case260_15,1,15,1,0.8850140153735744,1.0,1.0,1.0,,1.0,1.0,
18,Case263_15,0,15,0,0.9614166508664758,1.0,1.0,1.0,,1.0,1.0,
19,Case265_15,0,15,0,0.9732288649204932,1.0,1.0,1.0,,1.0,1.0,
20,Case267_15,1,15,1,0.9870425845474672,1.0,1.0,1.0,,1.0,1.0,
21,Case269_15,0,15,0,0.9056943365247622,1.0,1.0,1.0,,1.0,1.0,
22,Case273_15,0,15,0,0.9977772465822392,1.0,1.0,1.0,,1.0,1.0,
23,Case27_15,0,15,0,0.9612539296605968,1.0,1.0,1.0,,1.0,1.0,
24,Case28_15,1,15,1,0.9828978317329748,1.0,1.0,1.0,,1.0,1.0,
25,Case34_15,0,15,0,0.9779679890168936,1.0,1.0,1.0,,1.0,1.0,
26,Case3_15,0,15,0,0.9266780145520046,1.0,1.0,1.0,,1.0,1.0,
27,Case67_15,0,15,0,0.6977657212885671,1.0,1.0,1.0,,1.0,1.0,
28,Case6_15,1,15,1,0.9616017073178952,1.0,1.0,1.0,,1.0,1.0,
29,Case78_15,1,15,1,0.9507158914120688,1.0,1.0,1.0,,1.0,1.0,
30,Case83_15,0,15,1,0.6009332352733383,1.0,1.0,1.0,,1.0,1.0,
31,Case84_15,0,15,0,0.9886647686696376,1.0,1.0,1.0,,1.0,1.0,
32,Case90_15,0,15,0,0.9125862547166694,1.0,1.0,1.0,,1.0,1.0,
33,Case95_15,1,15,1,0.9375672307194096,1.0,1.0,1.0,,1.0,1.0,
0,Case101_16,0,16,0,0.997768341172067,1.0,1.0,1.0,,1.0,1.0,
1,Case10_16,1,16,1,0.99591443664403,1.0,1.0,1.0,,1.0,1.0,
2,Case111_16,1,16,0,0.9968836282537624,1.0,1.0,1.0,,1.0,1.0,
3,Case11_16,1,16,1,0.988093858231666,1.0,1.0,1.0,,1.0,1.0,
4,Case12_16,0,16,0,0.9967855280966595,1.0,1.0,1.0,,1.0,1.0,
5,Case178_16,0,16,0,0.9963269056264368,1.0,1.0,1.0,,1.0,1.0,
6,Case17_16,1,16,1,0.9982128730001938,1.0,1.0,1.0,,1.0,1.0,
7,Case187_16,1,16,1,0.9969759862992249,1.0,1.0,1.0,,1.0,1.0,
8,Case192_16,0,16,0,0.9920903491846444,1.0,1.0,1.0,,1.0,1.0,
9,Case201_16,1,16,1,0.9992268071991628,1.0,1.0,1.0,,1.0,1.0,
10,Case20_16,1,16,1,0.9979854185952192,1.0,1.0,1.0,,1.0,1.0,
11,Case210_16,0,16,0,0.9724560034648291,1.0,1.0,1.0,,1.0,1.0,
12,Case21_16,1,16,1,0.9956745201599756,1.0,1.0,1.0,,1.0,1.0,
13,Case223_16,0,16,0,0.9948458957675804,1.0,1.0,1.0,,1.0,1.0,
14,Case225_16,1,16,1,0.9889569076924052,1.0,1.0,1.0,,1.0,1.0,
15,Case263_16,0,16,0,0.9979600987017956,1.0,1.0,1.0,,1.0,1.0,
16,Case265_16,0,16,0,0.9974475991603362,1.0,1.0,1.0,,1.0,1.0,
17,Case269_16,0,16,0,0.9931601140439894,1.0,1.0,1.0,,1.0,1.0,
18,Case28_16,1,16,1,0.9994816483240471,1.0,1.0,1.0,,1.0,1.0,
19,Case34_16,0,16,0,0.9977203727210217,1.0,1.0,1.0,,1.0,1.0,
20,Case61_16,1,16,1,0.9971609472107936,1.0,1.0,1.0,,1.0,1.0,
21,Case67_16,0,16,0,0.971932093862443,1.0,1.0,1.0,,1.0,1.0,
22,Case6_16,1,16,1,0.9931008553723458,1.0,1.0,1.0,,1.0,1.0,
23,Case84_16,0,16,0,0.9978304293604986,1.0,1.0,1.0,,1.0,1.0,
24,Case90_16,0,16,0,0.9907405793617318,1.0,1.0,1.0,,1.0,1.0,
25,Case95_16,1,16,1,0.991162510774274,1.0,1.0,1.0,,1.0,1.0,
0,Case101_17,0,17,0,0.9999933384918459,1.0,1.0,1.0,,1.0,1.0,
1,Case11_17,1,17,1,0.9998491075761441,1.0,1.0,1.0,,1.0,1.0,
2,Case127_17,1,17,1,0.9999813455900168,1.0,1.0,1.0,,1.0,1.0,
3,Case12_17,0,17,0,0.9999417241005459,1.0,1.0,1.0,,1.0,1.0,
4,Case178_17,0,17,0,0.9999351370424888,1.0,1.0,1.0,,1.0,1.0,
5,Case187_17,1,17,1,0.999955640136722,1.0,1.0,1.0,,1.0,1.0,
6,Case192_17,0,17,0,0.9999525381177402,1.0,1.0,1.0,,1.0,1.0,
7,Case201_17,1,17,1,0.9999881457954456,1.0,1.0,1.0,,1.0,1.0,
8,Case207_17,1,17,1,0.9999855724929952,1.0,1.0,1.0,,1.0,1.0,
9,Case20_17,1,17,1,0.9999957160109448,1.0,1.0,1.0,,1.0,1.0,
10,Case210_17,0,17,0,0.9996585418437656,1.0,1.0,1.0,,1.0,1.0,
11,Case223_17,0,17,0,0.9999451498910836,1.0,1.0,1.0,,1.0,1.0,
12,Case225_17,1,17,1,0.9998627691629144,1.0,1.0,1.0,,1.0,1.0,
13,Case249_17,1,17,1,0.9999195845576674,1.0,1.0,1.0,,1.0,1.0,
14,Case259_17,1,17,1,0.9999999854171372,1.0,1.0,1.0,,1.0,1.0,
15,Case263_17,0,17,0,0.9999975398764296,1.0,1.0,1.0,,1.0,1.0,
16,Case267_17,1,17,1,0.9999977307192608,1.0,1.0,1.0,,1.0,1.0,
17,Case269_17,0,17,0,0.999836905862756,1.0,1.0,1.0,,1.0,1.0,
18,Case34_17,0,17,0,0.9999745318204936,1.0,1.0,1.0,,1.0,1.0,
19,Case67_17,0,17,0,0.9997272454748276,1.0,1.0,1.0,,1.0,1.0,
20,Case6_17,1,17,1,0.9999408870504918,1.0,1.0,1.0,,1.0,1.0,
21,Case84_17,0,17,0,0.9999359972396972,1.0,1.0,1.0,,1.0,1.0,
