,Case ID,Actual,Prefix Length,Prediction,Prediction Probability,SHAP Subset Stability,SHAP Weight Stability,SHAP Adjusted Weight Stability
0,Case10,1,1,1,0.9253938632158892,1.0,1.0,1.0
1,Case100,0,1,0,0.9039834093009664,1.0,1.0,1.0
2,Case101,0,1,1,0.969350601818626,1.0,1.0,1.0
3,Case105,0,1,0,0.8466418350176714,1.0,1.0,1.0
4,Case111,1,1,1,1.0,1.0,1.0,1.0
5,Case112,1,1,1,1.0,1.0,1.0,1.0
6,Case113,0,1,1,1.0,1.0,1.0,1.0
7,Case118,1,1,0,0.9230088341202628,1.0,1.0,1.0
8,Case123,1,1,1,0.9101036542478366,1.0,1.0,1.0
9,Case126,1,1,0,0.5412267882998811,1.0,1.0,1.0
10,Case13,0,1,0,1.0,1.0,1.0,1.0
11,Case141,0,1,0,0.9999999924411254,1.0,1.0,1.0
12,Case144,0,1,1,0.8436280682644264,1.0,1.0,1.0
13,Case155,0,1,0,1.0,1.0,1.0,1.0
14,Case177,1,1,1,0.9999999999946764,1.0,1.0,1.0
15,Case182,1,1,1,0.8975427356686656,1.0,1.0,1.0
16,Case185,0,1,0,0.5597634461980285,1.0,1.0,1.0
17,Case188,1,1,1,1.0,1.0,1.0,1.0
18,Case19,1,1,1,0.8092179197094274,1.0,1.0,1.0
19,Case196,1,1,1,0.5552150542986671,1.0,1.0,1.0
20,Case205,0,1,0,1.0,1.0,1.0,1.0
21,Case212,1,1,1,0.8947874526257296,1.0,1.0,1.0
22,Case225,1,1,1,0.9999994862516279,1.0,1.0,1.0
23,Case229,0,1,0,0.9999999999995182,1.0,1.0,1.0
24,Case230,1,1,1,0.9999970266448444,1.0,1.0,1.0
25,Case242,1,1,1,0.8859558620632727,1.0,1.0,1.0
26,Case249,1,1,1,0.6382368613148044,1.0,1.0,1.0
27,Case252,0,1,1,0.8795055234436915,1.0,1.0,1.0
28,Case257,1,1,1,0.794541984627187,1.0,1.0,1.0
29,Case264,1,1,0,0.9888802785060572,1.0,1.0,1.0
30,Case266,1,1,1,0.7152047455662212,1.0,1.0,1.0
31,Case269,0,1,1,0.6520940677052981,1.0,1.0,1.0
32,Case274,0,1,0,0.7594049957209903,1.0,1.0,1.0
33,Case3,0,1,0,0.8610191233509991,1.0,1.0,1.0
34,Case33,1,1,1,0.9139220013079848,1.0,1.0,1.0
35,Case35,1,1,1,0.8931286412124071,1.0,1.0,1.0
36,Case40,0,1,0,0.9999999999999998,1.0,1.0,1.0
37,Case45,1,1,1,0.9763692459265112,1.0,1.0,1.0
38,Case50,0,1,0,0.999999999999842,1.0,1.0,1.0
39,Case53,1,1,1,0.9999999999999908,1.0,1.0,1.0
40,Case69,0,1,1,0.9441857339505128,1.0,1.0,1.0
41,Case7,0,1,0,0.7028506016386682,1.0,1.0,1.0
42,Case70,1,1,1,0.9999999999996536,1.0,1.0,1.0
43,Case71,0,1,0,0.9356380624106182,1.0,1.0,1.0
44,Case74,0,1,0,1.0,1.0,1.0,1.0
45,Case80,1,1,1,0.5952137689883514,1.0,1.0,1.0
46,Case9,0,1,0,0.5384547843735121,1.0,1.0,1.0
47,Case90,0,1,0,1.0,1.0,1.0,1.0
48,Case97,0,1,0,0.9999999994873678,1.0,1.0,1.0
49,Case98,0,1,1,0.8167715110580532,1.0,1.0,1.0
0,Case108_2,1,2,1,0.9999992598907051,1.0,1.0,1.0
1,Case123_2,1,2,1,1.0,1.0,1.0,1.0
2,Case125_2,0,2,0,1.0,1.0,1.0,1.0
3,Case126_2,1,2,1,1.0,1.0,1.0,1.0
4,Case136_2,0,2,1,1.0,1.0,1.0,1.0
5,Case138_2,1,2,1,1.0,1.0,1.0,1.0
6,Case140_2,1,2,1,0.5402306627419348,1.0,1.0,1.0
7,Case145_2,0,2,0,1.0,1.0,1.0,1.0
8,Case155_2,0,2,0,1.0,1.0,1.0,1.0
9,Case177_2,1,2,1,1.0,1.0,1.0,1.0
10,Case178_2,0,2,0,1.0,1.0,1.0,1.0
11,Case17_2,1,2,1,1.0,1.0,1.0,1.0
12,Case194_2,1,2,1,1.0,1.0,1.0,1.0
13,Case196_2,1,2,1,1.0,1.0,1.0,1.0
14,Case198_2,1,2,1,1.0,1.0,1.0,1.0
15,Case208_2,1,2,1,1.0,1.0,1.0,1.0
16,Case20_2,1,2,1,1.0,1.0,1.0,1.0
17,Case219_2,1,2,1,1.0,1.0,1.0,1.0
18,Case223_2,0,2,0,0.968841187768416,1.0,1.0,1.0
19,Case224_2,0,2,0,1.0,1.0,1.0,1.0
20,Case227_2,0,2,0,1.0,1.0,1.0,1.0
21,Case228_2,1,2,1,0.987810676390066,1.0,1.0,1.0
22,Case236_2,0,2,0,1.0,1.0,1.0,1.0
23,Case237_2,1,2,1,1.0,1.0,1.0,1.0
24,Case23_2,1,2,1,1.0,1.0,1.0,1.0
25,Case24_2,1,2,1,1.0,1.0,1.0,1.0
26,Case254_2,0,2,0,1.0,1.0,1.0,1.0
27,Case266_2,1,2,1,0.9999943141899992,1.0,1.0,1.0
28,Case267_2,1,2,1,1.0,1.0,1.0,1.0
29,Case268_2,1,2,1,1.0,1.0,1.0,1.0
30,Case272_2,1,2,1,1.0,1.0,1.0,1.0
31,Case273_2,0,2,0,1.0,1.0,1.0,1.0
32,Case274_2,0,2,0,1.0,1.0,1.0,1.0
33,Case35_2,1,2,1,0.98078246133684,1.0,1.0,1.0
34,Case40_2,0,2,0,1.0,1.0,1.0,1.0
35,Case44_2,1,2,1,1.0,1.0,1.0,1.0
36,Case46_2,0,2,0,0.9590528335960994,1.0,1.0,1.0
37,Case50_2,0,2,0,1.0,1.0,1.0,1.0
38,Case56_2,0,2,0,1.0,1.0,1.0,1.0
39,Case62_2,0,2,0,1.0,1.0,1.0,1.0
40,Case66_2,0,2,0,1.0,1.0,1.0,1.0
41,Case69_2,0,2,0,1.0,1.0,1.0,1.0
42,Case70_2,1,2,1,1.0,1.0,1.0,1.0
43,Case74_2,0,2,0,1.0,1.0,1.0,1.0
44,Case77_2,1,2,1,1.0,1.0,1.0,1.0
45,Case7_2,0,2,0,1.0,1.0,1.0,1.0
46,Case83_2,0,2,1,1.0,1.0,1.0,1.0
47,Case84_2,0,2,0,1.0,1.0,1.0,1.0
48,Case86_2,0,2,1,1.0,1.0,1.0,1.0
49,Case99_2,0,2,1,1.0,1.0,1.0,1.0
0,Case114_3,1,3,1,0.9999841420705368,1.0,1.0,1.0
1,Case116_3,1,3,1,0.9999568501361308,1.0,1.0,1.0
2,Case117_3,0,3,0,1.0,1.0,1.0,1.0
3,Case118_3,1,3,0,0.9999998537510548,1.0,1.0,1.0
4,Case119_3,0,3,0,0.9999999968943056,1.0,1.0,1.0
5,Case121_3,0,3,0,0.9999753752703748,1.0,1.0,1.0
6,Case126_3,1,3,0,0.9861629609829269,1.0,1.0,1.0
7,Case12_3,0,3,0,0.9999750609846384,1.0,1.0,1.0
8,Case134_3,0,3,1,1.0,1.0,1.0,1.0
9,Case135_3,1,3,1,1.0,1.0,1.0,1.0
10,Case138_3,1,3,1,0.999999999922902,1.0,1.0,1.0
11,Case153_3,0,3,0,0.999970030063805,1.0,1.0,1.0
12,Case177_3,1,3,1,0.99999999582995,1.0,1.0,1.0
13,Case17_3,1,3,1,0.9999948397863336,1.0,1.0,1.0
14,Case190_3,0,3,0,0.9999525748279092,1.0,1.0,1.0
15,Case195_3,0,3,0,0.9999976081770436,1.0,1.0,1.0
16,Case198_3,1,3,1,0.9999999999999112,1.0,1.0,1.0
17,Case201_3,1,3,1,0.9999945558876024,1.0,1.0,1.0
18,Case215_3,0,3,0,0.9999850206787032,1.0,1.0,1.0
19,Case229_3,0,3,0,0.9999887675337152,1.0,1.0,1.0
20,Case231_3,1,3,1,0.999989934201966,1.0,1.0,1.0
21,Case244_3,1,3,1,0.9999902617045868,1.0,1.0,1.0
22,Case245_3,1,3,1,0.9999944695757595,1.0,1.0,1.0
23,Case253_3,1,3,1,1.0,1.0,1.0,1.0
24,Case257_3,1,3,1,0.9999999999988496,1.0,1.0,1.0
25,Case258_3,1,3,1,0.9999595326372648,1.0,1.0,1.0
26,Case264_3,1,3,1,0.9999992579341416,1.0,1.0,1.0
27,Case265_3,0,3,0,0.9999901940610242,1.0,1.0,1.0
28,Case26_3,1,3,1,0.9999999999999964,1.0,1.0,1.0
29,Case277_3,1,3,1,0.9999974901687508,1.0,1.0,1.0
30,Case29_3,1,3,1,0.9999811483808037,1.0,1.0,1.0
31,Case31_3,1,3,1,0.9999999999366872,1.0,1.0,1.0
32,Case34_3,0,3,0,0.9999539149803498,1.0,1.0,1.0
33,Case43_3,0,3,0,0.9999999946017276,1.0,1.0,1.0
34,Case44_3,1,3,1,1.0,1.0,1.0,1.0
35,Case48_3,1,3,1,0.9999265068732904,1.0,1.0,1.0
36,Case60_3,0,3,0,0.9999971983625672,1.0,1.0,1.0
37,Case62_3,0,3,0,0.999995337682706,1.0,1.0,1.0
38,Case64_3,0,3,1,0.9999968844231968,1.0,1.0,1.0
39,Case67_3,0,3,0,0.9999765976272824,1.0,1.0,1.0
40,Case68_3,0,3,0,0.9999999999766686,1.0,1.0,1.0
41,Case6_3,1,3,1,0.9999999923048636,1.0,1.0,1.0
42,Case71_3,0,3,1,1.0,1.0,1.0,1.0
43,Case76_3,0,3,0,0.9999999999999968,1.0,1.0,1.0
44,Case81_3,0,3,0,0.9999999999999994,1.0,1.0,1.0
45,Case83_3,0,3,1,0.9999999999998368,1.0,1.0,1.0
46,Case87_3,1,3,1,1.0,1.0,1.0,1.0
47,Case96_3,0,3,0,1.0,1.0,1.0,1.0
48,Case97_3,0,3,0,1.0,1.0,1.0,1.0
49,Case99_3,0,3,1,0.9999999999999998,1.0,1.0,1.0
0,Case108_4,1,4,1,0.9999999999999508,1.0,1.0,1.0
1,Case113_4,0,4,0,0.9954736448785408,1.0,1.0,1.0
2,Case115_4,1,4,1,0.9999921352550564,1.0,1.0,1.0
3,Case116_4,1,4,1,0.9999750929577448,1.0,1.0,1.0
4,Case119_4,0,4,0,0.9523381445830748,1.0,1.0,1.0
5,Case125_4,0,4,0,0.9979409247622484,1.0,1.0,1.0
6,Case13_4,0,4,0,0.99999614485642,1.0,1.0,1.0
7,Case188_4,1,4,1,0.999999892860008,1.0,1.0,1.0
8,Case18_4,1,4,1,0.9999999894289604,1.0,1.0,1.0
9,Case192_4,0,4,0,0.999990966704438,1.0,1.0,1.0
10,Case203_4,0,4,0,0.9999970183374151,1.0,1.0,1.0
11,Case206_4,1,4,1,0.9999942944274104,1.0,1.0,1.0
12,Case207_4,1,4,1,0.9999873245459712,1.0,1.0,1.0
13,Case223_4,0,4,0,0.99989889501689,1.0,1.0,1.0
14,Case231_4,1,4,1,0.9999998594215784,1.0,1.0,1.0
15,Case233_4,1,4,1,0.9999770573245989,1.0,1.0,1.0
16,Case239_4,0,4,0,0.9999490684456576,1.0,1.0,1.0
17,Case253_4,1,4,1,0.9999999984366994,1.0,1.0,1.0
18,Case255_4,0,4,0,0.9999932860815928,1.0,1.0,1.0
19,Case258_4,1,4,1,0.9999833761075588,1.0,1.0,1.0
20,Case25_4,1,4,1,0.9999420234555046,1.0,1.0,1.0
21,Case260_4,1,4,1,0.9999358396064808,1.0,1.0,1.0
22,Case262_4,1,4,1,0.999999993029298,1.0,1.0,1.0
23,Case267_4,1,4,1,0.9999999999967508,1.0,1.0,1.0
24,Case268_4,1,4,1,0.9999340861062368,1.0,1.0,1.0
25,Case26_4,1,4,1,0.999999972699057,1.0,1.0,1.0
26,Case27_4,0,4,0,0.9999447415336612,1.0,1.0,1.0
27,Case31_4,1,4,1,0.9999999999989648,1.0,1.0,1.0
28,Case39_4,0,4,0,0.9999777520637312,1.0,1.0,1.0
29,Case43_4,0,4,0,0.9999999999450376,1.0,1.0,1.0
30,Case46_4,0,4,0,0.9999653543520419,1.0,1.0,1.0
31,Case47_4,0,4,0,0.9999999997718632,1.0,1.0,1.0
32,Case48_4,1,4,1,0.9999999999304572,1.0,1.0,1.0
33,Case4_4,0,4,0,0.9985863010101672,1.0,1.0,1.0
34,Case50_4,0,4,0,0.9999960276405959,1.0,1.0,1.0
35,Case53_4,1,4,1,0.9999999742796196,1.0,1.0,1.0
36,Case55_4,1,4,1,0.9999997370206898,1.0,1.0,1.0
37,Case56_4,0,4,0,0.999997387571196,1.0,1.0,1.0
38,Case65_4,0,4,1,0.9999999999946444,1.0,1.0,1.0
39,Case67_4,0,4,0,0.9999121990092464,1.0,1.0,1.0
40,Case6_4,1,4,1,0.9999365750947682,1.0,1.0,1.0
41,Case71_4,0,4,1,0.9893642408115451,1.0,1.0,1.0
42,Case72_4,0,4,0,0.9999837202653138,1.0,1.0,1.0
43,Case73_4,1,4,1,0.9999988014217658,1.0,1.0,1.0
44,Case75_4,1,4,1,0.9999309950957296,1.0,1.0,1.0
45,Case86_4,0,4,1,0.999999999787662,1.0,1.0,1.0
46,Case89_4,0,4,0,0.9999566184032396,1.0,1.0,1.0
47,Case90_4,0,4,0,0.9999999932611128,1.0,1.0,1.0
48,Case95_4,1,4,1,0.9999999996069432,1.0,1.0,1.0
49,Case98_4,0,4,1,0.8151055012490427,1.0,1.0,1.0
0,Case103_5,1,5,1,0.9064302772724944,1.0,1.0,1.0
1,Case104_5,0,5,1,0.6962385418571334,1.0,1.0,1.0
2,Case109_5,1,5,1,0.9628849585141844,1.0,1.0,1.0
3,Case110_5,1,5,1,0.9425697555336634,1.0,1.0,1.0
4,Case111_5,1,5,0,0.5755134983009568,1.0,1.0,1.0
5,Case119_5,0,5,1,0.8519559377014193,1.0,1.0,1.0
6,Case122_5,0,5,0,0.9328499677063996,1.0,1.0,1.0
7,Case123_5,1,5,1,0.993726468732581,1.0,1.0,1.0
8,Case129_5,0,5,0,0.9881604861940728,1.0,1.0,1.0
9,Case13_5,0,5,0,0.9586960279470866,1.0,1.0,1.0
10,Case145_5,0,5,0,0.9436269159799348,1.0,1.0,1.0
11,Case153_5,0,5,0,0.9897935229903544,1.0,1.0,1.0
12,Case156_5,1,5,1,0.9984115369720488,1.0,1.0,1.0
13,Case174_5,1,5,1,0.7534143865543478,1.0,1.0,1.0
14,Case178_5,0,5,0,0.9685292235609916,1.0,1.0,1.0
15,Case179_5,1,5,1,0.977635126003752,1.0,1.0,1.0
16,Case185_5,0,5,0,0.9684036076854388,1.0,1.0,1.0
17,Case187_5,1,5,1,0.9942302395043215,1.0,1.0,1.0
18,Case209_5,0,5,0,0.9064776954459921,1.0,1.0,1.0
19,Case20_5,1,5,1,0.9506621000419528,1.0,1.0,1.0
20,Case211_5,0,5,0,0.977531986728688,1.0,1.0,1.0
21,Case218_5,0,5,0,0.9892858683313144,1.0,1.0,1.0
22,Case219_5,1,5,1,0.9983507605381624,1.0,1.0,1.0
23,Case231_5,1,5,1,0.9699363952361686,1.0,1.0,1.0
24,Case238_5,1,5,1,0.9979615117554034,1.0,1.0,1.0
25,Case239_5,0,5,0,0.8857113025035186,1.0,1.0,1.0
26,Case240_5,1,5,1,0.9929017716161052,1.0,1.0,1.0
27,Case245_5,1,5,1,0.9922660504750686,1.0,1.0,1.0
28,Case250_5,0,5,0,0.9834281106122172,1.0,1.0,1.0
29,Case254_5,0,5,0,0.9853529898629254,1.0,1.0,1.0
30,Case257_5,1,5,1,0.95843395812065,1.0,1.0,1.0
31,Case259_5,1,5,1,0.97905122063326,1.0,1.0,1.0
32,Case265_5,0,5,0,0.96636880525483,1.0,1.0,1.0
33,Case33_5,1,5,1,0.9410497241450428,1.0,1.0,1.0
34,Case38_5,1,5,1,0.9358212425799546,1.0,1.0,1.0
35,Case45_5,1,5,1,0.8934425367894703,1.0,1.0,1.0
36,Case46_5,0,5,0,0.8624423630890086,1.0,1.0,1.0
37,Case4_5,0,5,0,0.7131099260298209,1.0,1.0,1.0
38,Case52_5,0,5,0,0.9135085992462512,1.0,1.0,1.0
39,Case54_5,1,5,1,0.704592942303324,1.0,1.0,1.0
40,Case55_5,1,5,1,0.9756672572506052,1.0,1.0,1.0
41,Case56_5,0,5,0,0.9768777029242254,1.0,1.0,1.0
42,Case62_5,0,5,0,0.9736146928374988,1.0,1.0,1.0
43,Case64_5,0,5,1,0.6463666891263568,1.0,1.0,1.0
44,Case70_5,1,5,1,0.9927010515276616,1.0,1.0,1.0
45,Case89_5,0,5,0,0.9085339623647496,1.0,1.0,1.0
46,Case93_5,1,5,1,0.9417212508844264,1.0,1.0,1.0
47,Case95_5,1,5,1,0.9990795269944998,1.0,1.0,1.0
48,Case96_5,0,5,0,0.789096136240848,1.0,1.0,1.0
49,Case99_5,0,5,1,0.913933733029746,1.0,1.0,1.0
0,Case101_6,0,6,0,0.9906468011795581,1.0,1.0,1.0
1,Case104_6,0,6,1,0.999723651839586,1.0,1.0,1.0
2,Case115_6,1,6,1,0.9998122808585348,1.0,1.0,1.0
3,Case116_6,1,6,1,0.9998280087379892,1.0,1.0,1.0
4,Case11_6,1,6,1,0.9999476345221752,1.0,1.0,1.0
5,Case145_6,0,6,0,0.9999082586567788,1.0,1.0,1.0
6,Case155_6,0,6,0,0.9998109117820412,1.0,1.0,1.0
7,Case163_6,1,6,1,0.9999769860252976,1.0,1.0,1.0
8,Case174_6,1,6,1,0.9817710219071192,1.0,1.0,1.0
9,Case178_6,0,6,0,0.9999352316284204,1.0,1.0,1.0
10,Case185_6,0,6,0,0.999964812773442,1.0,1.0,1.0
11,Case188_6,1,6,1,0.9999884872027986,1.0,1.0,1.0
12,Case18_6,1,6,1,0.9999676272827658,1.0,1.0,1.0
13,Case194_6,1,6,1,0.9999924665853028,1.0,1.0,1.0
14,Case195_6,0,6,0,0.9999281466800034,1.0,1.0,1.0
15,Case199_6,1,6,1,0.9999550520731296,1.0,1.0,1.0
16,Case19_6,1,6,1,0.9993261662058629,1.0,1.0,1.0
17,Case201_6,1,6,1,0.9999996753300444,1.0,1.0,1.0
18,Case203_6,0,6,0,0.9999615771699712,1.0,1.0,1.0
19,Case206_6,1,6,1,0.9998982989563322,1.0,1.0,1.0
20,Case207_6,1,6,1,0.999964336558228,1.0,1.0,1.0
21,Case209_6,0,6,0,0.999775544973576,1.0,1.0,1.0
22,Case210_6,0,6,0,0.999715426164826,1.0,1.0,1.0
23,Case21_6,1,6,1,0.9999999124419776,1.0,1.0,1.0
24,Case225_6,1,6,1,0.999961130397382,1.0,1.0,1.0
25,Case229_6,0,6,0,0.9999999933934856,1.0,1.0,1.0
26,Case236_6,0,6,0,0.9998741665405908,1.0,1.0,1.0
27,Case244_6,1,6,1,0.9999705657017566,1.0,1.0,1.0
28,Case249_6,1,6,1,0.9986423906844202,1.0,1.0,1.0
29,Case250_6,0,6,0,0.9999802033825368,1.0,1.0,1.0
30,Case252_6,0,6,0,0.999843809387264,1.0,1.0,1.0
31,Case256_6,1,6,1,0.9999973411359104,1.0,1.0,1.0
32,Case259_6,1,6,1,0.9999367044100248,1.0,1.0,1.0
33,Case25_6,1,6,1,0.9996778039493192,1.0,1.0,1.0
34,Case260_6,1,6,1,0.9997752941165936,1.0,1.0,1.0
35,Case261_6,0,6,0,0.9997780032300151,1.0,1.0,1.0
36,Case269_6,0,6,0,0.9994935159292644,1.0,1.0,1.0
37,Case27_6,0,6,0,0.998950980858496,1.0,1.0,1.0
38,Case33_6,1,6,1,0.999851359295382,1.0,1.0,1.0
39,Case34_6,0,6,0,0.9998158588156228,1.0,1.0,1.0
40,Case43_6,0,6,0,0.9999998839972081,1.0,1.0,1.0
41,Case52_6,0,6,0,0.999777675525258,1.0,1.0,1.0
42,Case60_6,0,6,1,0.9990772528005016,1.0,1.0,1.0
43,Case71_6,0,6,0,0.9978753612867084,1.0,1.0,1.0
44,Case72_6,0,6,0,0.9999998216079774,1.0,1.0,1.0
45,Case78_6,1,6,1,0.9999086268227352,1.0,1.0,1.0
46,Case84_6,0,6,0,0.9999736294541378,1.0,1.0,1.0
47,Case91_6,1,6,1,0.99988555716015,1.0,1.0,1.0
48,Case95_6,1,6,1,0.9999999984322464,1.0,1.0,1.0
49,Case97_6,0,6,0,0.999999991654402,1.0,1.0,1.0
0,Case111_7,1,7,1,0.980885661790038,1.0,1.0,1.0
1,Case115_7,1,7,1,0.9990472431950306,1.0,1.0,1.0
2,Case11_7,1,7,1,0.9988847369700152,1.0,1.0,1.0
3,Case122_7,0,7,0,0.9991282542674351,1.0,1.0,1.0
4,Case123_7,1,7,1,0.9999997633481,1.0,1.0,1.0
5,Case127_7,1,7,1,0.9986778076037384,1.0,1.0,1.0
6,Case129_7,0,7,0,0.9997220386261269,1.0,1.0,1.0
7,Case12_7,0,7,0,0.9996533881394636,1.0,1.0,1.0
8,Case13_7,0,7,0,0.9993454108087751,1.0,1.0,1.0
9,Case178_7,0,7,0,0.9994179617605594,1.0,1.0,1.0
10,Case17_7,1,7,1,0.9994534489703744,1.0,1.0,1.0
11,Case19_7,1,7,1,0.995655844926337,1.0,1.0,1.0
12,Case201_7,1,7,1,0.9999865172340374,1.0,1.0,1.0
13,Case206_7,1,7,1,0.9990022925804404,1.0,1.0,1.0
14,Case207_7,1,7,1,0.9992490162608052,1.0,1.0,1.0
15,Case20_7,1,7,1,0.9998176728875642,1.0,1.0,1.0
16,Case210_7,0,7,0,0.9976453939969472,1.0,1.0,1.0
17,Case215_7,0,7,0,0.9996923915297166,1.0,1.0,1.0
18,Case230_7,1,7,1,0.9986589615965992,1.0,1.0,1.0
19,Case235_7,1,7,1,0.9999588935185868,1.0,1.0,1.0
20,Case236_7,0,7,0,0.9987828490937496,1.0,1.0,1.0
21,Case249_7,1,7,1,0.9923522104745759,1.0,1.0,1.0
22,Case250_7,0,7,0,0.999843740289066,1.0,1.0,1.0
23,Case252_7,0,7,0,0.9997906316815892,1.0,1.0,1.0
24,Case259_7,1,7,1,0.9993076170084628,1.0,1.0,1.0
25,Case25_7,1,7,1,0.9978104607874694,1.0,1.0,1.0
26,Case261_7,0,7,0,0.999002836417972,1.0,1.0,1.0
27,Case263_7,0,7,0,0.9987498962308912,1.0,1.0,1.0
28,Case265_7,0,7,0,0.999968420020871,1.0,1.0,1.0
29,Case267_7,1,7,1,0.9999933497956448,1.0,1.0,1.0
30,Case268_7,1,7,1,0.9978893942482632,1.0,1.0,1.0
31,Case269_7,0,7,0,0.9987206646228098,1.0,1.0,1.0
32,Case273_7,0,7,0,0.9989676906101956,1.0,1.0,1.0
33,Case274_7,0,7,0,0.999871991047848,1.0,1.0,1.0
34,Case32_7,1,7,1,0.9990120119127204,1.0,1.0,1.0
35,Case34_7,0,7,0,0.999076072562666,1.0,1.0,1.0
36,Case37_7,1,7,1,0.99785022544706,1.0,1.0,1.0
37,Case38_7,1,7,1,0.99876675349749,1.0,1.0,1.0
38,Case39_7,0,7,0,0.9975458393227984,1.0,1.0,1.0
39,Case41_7,0,7,0,0.9990820246408068,1.0,1.0,1.0
40,Case43_7,0,7,0,0.999999526265672,1.0,1.0,1.0
41,Case47_7,0,7,0,0.9975005373279822,1.0,1.0,1.0
42,Case52_7,0,7,0,0.9982835355065656,1.0,1.0,1.0
43,Case55_7,1,7,1,0.9996999515401974,1.0,1.0,1.0
44,Case58_7,0,7,0,0.9992155285869271,1.0,1.0,1.0
45,Case63_7,1,7,1,0.999983393658764,1.0,1.0,1.0
46,Case67_7,0,7,0,0.9961302202975044,1.0,1.0,1.0
47,Case6_7,1,7,1,0.9977312303787216,1.0,1.0,1.0
48,Case73_7,1,7,1,0.9999999411151932,1.0,1.0,1.0
49,Case96_7,0,7,0,0.9796976862406674,1.0,1.0,1.0
0,Case101_8,0,8,0,0.9992406435962196,1.0,1.0,1.0
1,Case110_8,1,8,1,0.9999956847267304,1.0,1.0,1.0
2,Case111_8,1,8,1,0.8988432474996942,1.0,1.0,1.0
3,Case115_8,1,8,1,0.9999964780979542,1.0,1.0,1.0
4,Case122_8,0,8,0,0.999998206565785,1.0,1.0,1.0
5,Case12_8,0,8,0,0.9999999733434254,1.0,1.0,1.0
6,Case174_8,1,8,1,0.9997611282230316,1.0,1.0,1.0
7,Case17_8,1,8,1,0.9999973742038468,1.0,1.0,1.0
8,Case187_8,1,8,1,0.9999962375770132,1.0,1.0,1.0
9,Case188_8,1,8,1,0.999996345622188,1.0,1.0,1.0
10,Case192_8,0,8,0,0.9999976226268872,1.0,1.0,1.0
11,Case195_8,0,8,0,0.9999995768503512,1.0,1.0,1.0
12,Case199_8,1,8,1,0.9999977360030076,1.0,1.0,1.0
13,Case210_8,0,8,0,0.9999904252655504,1.0,1.0,1.0
14,Case215_8,0,8,0,0.9999999452746138,1.0,1.0,1.0
15,Case21_8,1,8,1,0.9999999959510402,1.0,1.0,1.0
16,Case223_8,0,8,0,0.9999883414698826,1.0,1.0,1.0
17,Case225_8,1,8,1,0.9999999997065684,1.0,1.0,1.0
18,Case235_8,1,8,1,0.9999998818607574,1.0,1.0,1.0
19,Case236_8,0,8,0,0.9999990269589922,1.0,1.0,1.0
20,Case245_8,1,8,1,0.9999983560504744,1.0,1.0,1.0
21,Case248_8,1,8,1,0.9999999965912438,1.0,1.0,1.0
22,Case250_8,0,8,0,0.9999999999999949,1.0,1.0,1.0
23,Case257_8,1,8,1,0.9999985250943983,1.0,1.0,1.0
24,Case259_8,1,8,1,0.9999975345270956,1.0,1.0,1.0
25,Case25_8,1,8,1,0.9999907933121536,1.0,1.0,1.0
26,Case265_8,0,8,0,0.9999999997710888,1.0,1.0,1.0
27,Case266_8,1,8,1,0.9999971649198692,1.0,1.0,1.0
28,Case268_8,1,8,1,0.999994575061364,1.0,1.0,1.0
29,Case273_8,0,8,0,0.9999972886482544,1.0,1.0,1.0
30,Case274_8,0,8,0,0.999999999959943,1.0,1.0,1.0
31,Case28_8,1,8,1,0.999995863474032,1.0,1.0,1.0
32,Case34_8,0,8,0,0.999998119106843,1.0,1.0,1.0
33,Case38_8,1,8,1,0.9999939929814871,1.0,1.0,1.0
34,Case41_8,0,8,0,0.9999985468907882,1.0,1.0,1.0
35,Case44_8,1,8,1,0.9999998551042024,1.0,1.0,1.0
36,Case52_8,0,8,0,0.9999963978627242,1.0,1.0,1.0
37,Case53_8,1,8,1,0.978259607326758,1.0,1.0,1.0
38,Case56_8,0,8,0,0.999999999599236,1.0,1.0,1.0
39,Case60_8,0,8,1,0.998017045742245,1.0,1.0,1.0
40,Case64_8,0,8,1,0.9999997046368209,1.0,1.0,1.0
41,Case67_8,0,8,0,0.9999890285628756,1.0,1.0,1.0
42,Case6_8,1,8,1,0.999985936123134,1.0,1.0,1.0
43,Case72_8,0,8,0,0.9999994204755662,1.0,1.0,1.0
44,Case75_8,1,8,1,0.9999926315431202,1.0,1.0,1.0
45,Case89_8,0,8,0,0.9999979409435942,1.0,1.0,1.0
46,Case90_8,0,8,0,0.9999997557427678,1.0,1.0,1.0
47,Case95_8,1,8,1,0.9999999999939772,1.0,1.0,1.0
48,Case96_8,0,8,0,0.9641156187932126,1.0,1.0,1.0
49,Case9_8,0,8,0,0.9999999396768636,1.0,1.0,1.0
0,Case102_9,1,9,1,0.9999916323987924,1.0,1.0,1.0
1,Case103_9,1,9,1,0.9999982939529242,1.0,1.0,1.0
2,Case115_9,1,9,1,0.9999920215352828,1.0,1.0,1.0
3,Case11_9,1,9,1,0.9999954933836364,1.0,1.0,1.0
4,Case123_9,1,9,1,0.9999999997217446,1.0,1.0,1.0
5,Case124_9,0,9,0,0.9369716018752764,1.0,1.0,1.0
6,Case127_9,1,9,1,0.9999955231784978,1.0,1.0,1.0
7,Case12_9,0,9,0,0.9999998532857244,1.0,1.0,1.0
8,Case135_9,1,9,1,0.9999999996926932,1.0,1.0,1.0
9,Case155_9,0,9,0,0.9999967073929618,1.0,1.0,1.0
10,Case178_9,0,9,0,0.9999998746324692,1.0,1.0,1.0
11,Case185_9,0,9,0,0.999999961118664,1.0,1.0,1.0
12,Case187_9,1,9,1,0.999998626801228,1.0,1.0,1.0
13,Case188_9,1,9,1,0.9999982568298786,1.0,1.0,1.0
14,Case18_9,1,9,1,0.9999996551525347,1.0,1.0,1.0
15,Case192_9,0,9,0,0.9999968890614996,1.0,1.0,1.0
16,Case195_9,0,9,0,0.9999993123478034,1.0,1.0,1.0
17,Case199_9,1,9,1,0.999997084962098,1.0,1.0,1.0
18,Case207_9,1,9,1,0.9999971805814124,1.0,1.0,1.0
19,Case20_9,1,9,1,0.9999965185081672,1.0,1.0,1.0
20,Case210_9,0,9,0,0.99998757305554,1.0,1.0,1.0
21,Case215_9,0,9,0,0.9999998887575152,1.0,1.0,1.0
22,Case21_9,1,9,1,0.9999989265279248,1.0,1.0,1.0
23,Case225_9,1,9,1,0.9999939620243422,1.0,1.0,1.0
24,Case229_9,0,9,0,0.9999999999309764,1.0,1.0,1.0
25,Case230_9,1,9,1,0.9999930986938709,1.0,1.0,1.0
26,Case235_9,1,9,1,0.9999995732646862,1.0,1.0,1.0
27,Case238_9,1,9,1,0.9999999398659176,1.0,1.0,1.0
28,Case250_9,0,9,0,0.9999999999999992,1.0,1.0,1.0
29,Case257_9,1,9,1,0.9999975255165864,1.0,1.0,1.0
30,Case259_9,1,9,1,0.9999983196547736,1.0,1.0,1.0
31,Case261_9,0,9,0,0.999995935663088,1.0,1.0,1.0
32,Case263_9,0,9,0,0.9999939041735988,1.0,1.0,1.0
33,Case268_9,1,9,1,0.9999868138941032,1.0,1.0,1.0
34,Case269_9,0,9,0,0.9999888932710724,1.0,1.0,1.0
35,Case27_9,0,9,0,0.9999774500267028,1.0,1.0,1.0
36,Case28_9,1,9,1,0.9999962006772658,1.0,1.0,1.0
37,Case34_9,0,9,0,0.9999996343018102,1.0,1.0,1.0
38,Case38_9,1,9,1,0.9999948188756026,1.0,1.0,1.0
39,Case39_9,0,9,0,0.99999035076122,1.0,1.0,1.0
40,Case3_9,0,9,0,0.9999831342372568,1.0,1.0,1.0
41,Case41_9,0,9,0,0.9999974875030144,1.0,1.0,1.0
42,Case43_9,0,9,0,0.999999999778966,1.0,1.0,1.0
43,Case4_9,0,9,0,0.7408172134447354,1.0,1.0,1.0
44,Case53_9,1,9,1,0.9999826975196268,1.0,1.0,1.0
45,Case60_9,0,9,1,0.9968375969652722,1.0,1.0,1.0
46,Case72_9,0,9,0,0.9999999518589048,1.0,1.0,1.0
47,Case75_9,1,9,1,0.9999861078833308,1.0,1.0,1.0
48,Case84_9,0,9,0,0.9999999366334426,1.0,1.0,1.0
49,Case89_9,0,9,0,0.999990687036204,1.0,1.0,1.0
0,Case101_10,0,10,0,0.918864097293602,1.0,1.0,1.0
1,Case102_10,1,10,1,0.9566977838414008,1.0,1.0,1.0
2,Case103_10,1,10,1,0.9833027661874802,1.0,1.0,1.0
3,Case111_10,1,10,1,0.9135990799124916,1.0,1.0,1.0
4,Case115_10,1,10,1,0.9591126227013536,1.0,1.0,1.0
5,Case119_10,0,10,1,0.951782116758932,1.0,1.0,1.0
6,Case122_10,0,10,0,0.9699715647631492,1.0,1.0,1.0
7,Case124_10,0,10,0,0.6142385561353716,1.0,1.0,1.0
8,Case12_10,0,10,0,0.9831444286411829,1.0,1.0,1.0
9,Case155_10,0,10,0,0.972025605081452,1.0,1.0,1.0
10,Case178_10,0,10,0,0.98489728722738,1.0,1.0,1.0
11,Case17_10,1,10,1,0.9839539715053144,1.0,1.0,1.0
12,Case188_10,1,10,1,0.9853695764851028,1.0,1.0,1.0
13,Case195_10,0,10,0,0.9829426332876148,1.0,1.0,1.0
14,Case19_10,1,10,1,0.9087057179996118,1.0,1.0,1.0
15,Case20_10,1,10,1,0.9754396373649216,1.0,1.0,1.0
16,Case210_10,0,10,0,0.9406555724068826,1.0,1.0,1.0
17,Case230_10,1,10,1,0.9648282877841518,1.0,1.0,1.0
18,Case238_10,1,10,1,0.9979952585967408,1.0,1.0,1.0
19,Case245_10,1,10,1,0.97871025973453,1.0,1.0,1.0
20,Case248_10,1,10,1,0.9729188561514982,1.0,1.0,1.0
21,Case249_10,1,10,1,0.8751218658388603,1.0,1.0,1.0
22,Case250_10,0,10,0,0.9937652052985484,1.0,1.0,1.0
23,Case251_10,0,10,0,0.9825463953852671,1.0,1.0,1.0
24,Case252_10,0,10,0,0.9860126708186208,1.0,1.0,1.0
25,Case257_10,1,10,1,0.9899399984906404,1.0,1.0,1.0
26,Case258_10,1,10,1,0.9506237934443038,1.0,1.0,1.0
27,Case259_10,1,10,1,0.9826143119078804,1.0,1.0,1.0
28,Case25_10,1,10,1,0.9457644768512676,1.0,1.0,1.0
29,Case261_10,0,10,0,0.964866252344032,1.0,1.0,1.0
30,Case264_10,1,10,1,0.908696760928728,1.0,1.0,1.0
31,Case265_10,0,10,0,0.9856613664140756,1.0,1.0,1.0
32,Case273_10,0,10,0,0.969711251876878,1.0,1.0,1.0
33,Case274_10,0,10,0,0.9835024062554786,1.0,1.0,1.0
34,Case27_10,0,10,0,0.8879976188513209,1.0,1.0,1.0
35,Case32_10,1,10,1,0.9789875232265288,1.0,1.0,1.0
36,Case34_10,0,10,0,0.9714100512825212,1.0,1.0,1.0
37,Case38_10,1,10,1,0.9828066257769852,1.0,1.0,1.0
38,Case39_10,0,10,0,0.9389766872435332,1.0,1.0,1.0
39,Case43_10,0,10,0,0.9923602994916996,1.0,1.0,1.0
40,Case44_10,1,10,1,0.991444152103646,1.0,1.0,1.0
41,Case55_10,1,10,1,0.981048697094398,1.0,1.0,1.0
42,Case60_10,0,10,1,0.7260600916499541,1.0,1.0,1.0
43,Case67_10,0,10,0,0.9328417779987528,1.0,1.0,1.0
44,Case73_10,1,10,1,0.9984469737157518,1.0,1.0,1.0
45,Case75_10,1,10,1,0.9277882092900064,1.0,1.0,1.0
46,Case78_10,1,10,1,0.9863466575200754,1.0,1.0,1.0
47,Case83_10,0,10,1,0.9641941539612401,1.0,1.0,1.0
48,Case84_10,0,10,0,0.9844680914480319,1.0,1.0,1.0
49,Case89_10,0,10,0,0.9481332339346904,1.0,1.0,1.0
0,Case101_11,0,11,0,0.6194592974291507,1.0,1.0,1.0
1,Case102_11,1,11,1,0.7217642491123962,1.0,1.0,1.0
2,Case103_11,1,11,1,0.8304944590672589,1.0,1.0,1.0
3,Case11_11,1,11,1,0.7579528102146407,1.0,1.0,1.0
4,Case127_11,1,11,1,0.7774439576938118,1.0,1.0,1.0
5,Case12_11,0,11,0,0.8003201354292138,1.0,1.0,1.0
6,Case135_11,1,11,1,0.8547436371009405,1.0,1.0,1.0
7,Case155_11,0,11,0,0.7726950477881583,1.0,1.0,1.0
8,Case178_11,0,11,0,0.8373299662014342,1.0,1.0,1.0
9,Case17_11,1,11,1,0.861489795842462,1.0,1.0,1.0
10,Case192_11,0,11,0,0.7019422668657795,1.0,1.0,1.0
11,Case194_11,1,11,1,0.845648230742053,1.0,1.0,1.0
12,Case195_11,0,11,0,0.7865558483298674,1.0,1.0,1.0
13,Case201_11,1,11,1,0.9230953351494738,1.0,1.0,1.0
14,Case207_11,1,11,1,0.8370129155868222,1.0,1.0,1.0
15,Case209_11,0,11,0,0.7104031473423107,1.0,1.0,1.0
16,Case21_11,1,11,1,0.8930813337145435,1.0,1.0,1.0
17,Case229_11,0,11,0,0.8191903171341186,1.0,1.0,1.0
18,Case235_11,1,11,1,0.8519168064534884,1.0,1.0,1.0
19,Case239_11,0,11,0,0.7575010819444209,1.0,1.0,1.0
20,Case240_11,1,11,1,0.6891402016493208,1.0,1.0,1.0
21,Case249_11,1,11,1,0.5565458985129306,1.0,1.0,1.0
22,Case251_11,0,11,0,0.8204519355220304,1.0,1.0,1.0
23,Case252_11,0,11,0,0.8385821595573306,1.0,1.0,1.0
24,Case256_11,1,11,1,0.8587057341024711,1.0,1.0,1.0
25,Case257_11,1,11,1,0.8776389715177345,1.0,1.0,1.0
26,Case259_11,1,11,1,0.8435277844472044,1.0,1.0,1.0
27,Case25_11,1,11,1,0.7071455321103325,1.0,1.0,1.0
28,Case260_11,1,11,1,0.7073495587507962,1.0,1.0,1.0
29,Case263_11,0,11,0,0.7241191610005329,1.0,1.0,1.0
30,Case264_11,1,11,1,0.7408282673017172,1.0,1.0,1.0
31,Case265_11,0,11,0,0.8142436764946188,1.0,1.0,1.0
32,Case269_11,0,11,0,0.6573109556352346,1.0,1.0,1.0
33,Case274_11,0,11,0,0.8010480101924768,1.0,1.0,1.0
34,Case277_11,1,11,1,0.8272998488507709,1.0,1.0,1.0
35,Case27_11,0,11,0,0.603125117887126,1.0,1.0,1.0
36,Case28_11,1,11,1,0.8182513039297588,1.0,1.0,1.0
37,Case34_11,0,11,0,0.7178100721201675,1.0,1.0,1.0
38,Case38_11,1,11,1,0.8570320029913582,1.0,1.0,1.0
39,Case39_11,0,11,0,0.5451235551373736,1.0,1.0,1.0
40,Case40_11,0,11,0,0.7336571692083413,1.0,1.0,1.0
41,Case41_11,0,11,0,0.7052461974633295,1.0,1.0,1.0
42,Case43_11,0,11,0,0.8465235568156488,1.0,1.0,1.0
43,Case55_11,1,11,1,0.8027872294660026,1.0,1.0,1.0
44,Case67_11,0,11,0,0.5661050592847496,1.0,1.0,1.0
45,Case6_11,1,11,1,0.7838053141180226,1.0,1.0,1.0
46,Case83_11,0,11,1,0.7111831979259856,1.0,1.0,1.0
47,Case84_11,0,11,0,0.7621763739831728,1.0,1.0,1.0
48,Case95_11,1,11,1,0.9158102660020512,1.0,1.0,1.0
49,Case9_11,0,11,0,0.8594708081652584,1.0,1.0,1.0
0,Case101_12,0,12,0,0.8295109318078284,1.0,1.0,1.0
1,Case10_12,1,12,1,0.99982094024689,1.0,1.0,1.0
2,Case115_12,1,12,1,0.9997828583393428,1.0,1.0,1.0
3,Case122_12,0,12,0,0.9997557189356742,1.0,1.0,1.0
4,Case127_12,1,12,1,0.9998999467856328,1.0,1.0,1.0
5,Case135_12,1,12,1,0.9999394481884789,1.0,1.0,1.0
6,Case155_12,0,12,0,0.9998244540926706,1.0,1.0,1.0
7,Case178_12,0,12,0,0.9999020800282298,1.0,1.0,1.0
8,Case17_12,1,12,1,0.9998930766763948,1.0,1.0,1.0
9,Case18_12,1,12,1,0.999975236853348,1.0,1.0,1.0
10,Case192_12,0,12,0,0.9997279983402186,1.0,1.0,1.0
11,Case195_12,0,12,0,0.9998690497817256,1.0,1.0,1.0
12,Case19_12,1,12,1,0.9994121947843164,1.0,1.0,1.0
13,Case207_12,1,12,1,0.999911857688783,1.0,1.0,1.0
14,Case20_12,1,12,1,0.9997130190021528,1.0,1.0,1.0
15,Case210_12,0,12,0,0.9996627696047156,1.0,1.0,1.0
16,Case215_12,0,12,0,0.9999149854517076,1.0,1.0,1.0
17,Case21_12,1,12,1,0.9999892368963602,1.0,1.0,1.0
18,Case223_12,0,12,0,0.9992419998591816,1.0,1.0,1.0
19,Case225_12,1,12,1,0.999907146898294,1.0,1.0,1.0
20,Case238_12,1,12,1,0.9999958655755316,1.0,1.0,1.0
21,Case240_12,1,12,1,0.9998122539928892,1.0,1.0,1.0
22,Case245_12,1,12,1,0.9998842279603242,1.0,1.0,1.0
23,Case248_12,1,12,1,0.9999085667794384,1.0,1.0,1.0
24,Case250_12,0,12,0,0.9999513915894904,1.0,1.0,1.0
25,Case251_12,0,12,0,0.999861893017418,1.0,1.0,1.0
26,Case256_12,1,12,1,0.9999671095159754,1.0,1.0,1.0
27,Case257_12,1,12,1,0.9999792891289514,1.0,1.0,1.0
28,Case259_12,1,12,1,0.999908568249131,1.0,1.0,1.0
29,Case260_12,1,12,1,0.9997952446788501,1.0,1.0,1.0
30,Case265_12,0,12,0,0.9998970246928648,1.0,1.0,1.0
31,Case267_12,1,12,1,0.9998149010831568,1.0,1.0,1.0
32,Case273_12,0,12,0,0.9998326881778262,1.0,1.0,1.0
33,Case274_12,0,12,0,0.9998505561750384,1.0,1.0,1.0
34,Case27_12,0,12,0,0.9994411883982144,1.0,1.0,1.0
35,Case34_12,0,12,0,0.9997398671639892,1.0,1.0,1.0
36,Case37_12,1,12,1,0.9996396185712276,1.0,1.0,1.0
37,Case39_12,0,12,0,0.9996132435141464,1.0,1.0,1.0
38,Case41_12,0,12,0,0.9997187678266976,1.0,1.0,1.0
39,Case60_12,0,12,1,0.7448393134401106,1.0,1.0,1.0
40,Case61_12,1,12,1,0.9997585974402085,1.0,1.0,1.0
41,Case67_12,0,12,0,0.9995962254520144,1.0,1.0,1.0
42,Case6_12,1,12,1,0.9997222337672476,1.0,1.0,1.0
43,Case75_12,1,12,1,0.9995051292444797,1.0,1.0,1.0
44,Case78_12,1,12,1,0.9998367666674314,1.0,1.0,1.0
45,Case83_12,0,12,1,0.9894645819198284,1.0,1.0,1.0
46,Case84_12,0,12,0,0.9997866154060254,1.0,1.0,1.0
47,Case89_12,0,12,0,0.9997312752131114,1.0,1.0,1.0
48,Case90_12,0,12,0,0.9997141590922288,1.0,1.0,1.0
49,Case9_12,0,12,0,0.9999246101265212,1.0,1.0,1.0
0,Case101_13,0,13,0,0.93198945630603,1.0,1.0,1.0
1,Case111_13,1,13,1,0.995475800108388,1.0,1.0,1.0
2,Case127_13,1,13,1,0.9976165733042806,1.0,1.0,1.0
3,Case12_13,0,13,0,0.9958291058280307,1.0,1.0,1.0
4,Case135_13,1,13,1,0.9975924758870074,1.0,1.0,1.0
5,Case178_13,0,13,0,0.9973279729616876,1.0,1.0,1.0
6,Case17_13,1,13,1,0.9975102207389122,1.0,1.0,1.0
7,Case188_13,1,13,1,0.9963415948352968,1.0,1.0,1.0
8,Case18_13,1,13,1,0.9982759173849076,1.0,1.0,1.0
9,Case192_13,0,13,0,0.9931542819541832,1.0,1.0,1.0
10,Case194_13,1,13,1,0.9980542556797024,1.0,1.0,1.0
11,Case195_13,0,13,0,0.9962566794198664,1.0,1.0,1.0
12,Case201_13,1,13,1,0.9997845993531403,1.0,1.0,1.0
13,Case20_13,1,13,1,0.9963478655984036,1.0,1.0,1.0
14,Case210_13,0,13,0,0.9911924186169728,1.0,1.0,1.0
15,Case21_13,1,13,1,0.9981180983514402,1.0,1.0,1.0
16,Case223_13,0,13,0,0.9865360602054604,1.0,1.0,1.0
17,Case225_13,1,13,1,0.9976285197475614,1.0,1.0,1.0
18,Case245_13,1,13,1,0.9972065668666198,1.0,1.0,1.0
19,Case249_13,1,13,1,0.9921365122107612,1.0,1.0,1.0
20,Case250_13,0,13,0,0.9986022896422396,1.0,1.0,1.0
21,Case251_13,0,13,0,0.9960796442808104,1.0,1.0,1.0
22,Case256_13,1,13,1,0.9980301012762652,1.0,1.0,1.0
23,Case263_13,0,13,0,0.9952671904504876,1.0,1.0,1.0
24,Case265_13,0,13,0,0.9970171809844426,1.0,1.0,1.0
25,Case266_13,1,13,1,0.9978837237741488,1.0,1.0,1.0
26,Case267_13,1,13,1,0.9958251196423372,1.0,1.0,1.0
27,Case269_13,0,13,0,0.9911576761423546,1.0,1.0,1.0
28,Case273_13,0,13,0,0.9966776904279699,1.0,1.0,1.0
29,Case274_13,0,13,0,0.9950094275051736,1.0,1.0,1.0
30,Case277_13,1,13,1,0.997561683886136,1.0,1.0,1.0
31,Case27_13,0,13,0,0.9911423437988336,1.0,1.0,1.0
32,Case34_13,0,13,0,0.9943267880105722,1.0,1.0,1.0
33,Case37_13,1,13,1,0.9936005487063276,1.0,1.0,1.0
34,Case38_13,1,13,1,0.9972569157756336,1.0,1.0,1.0
35,Case39_13,0,13,0,0.9918217709863532,1.0,1.0,1.0
36,Case3_13,0,13,0,0.9918937126298542,1.0,1.0,1.0
37,Case41_13,0,13,0,0.992941983422016,1.0,1.0,1.0
38,Case55_13,1,13,1,0.9966266331908468,1.0,1.0,1.0
39,Case60_13,0,13,1,0.964926876543414,1.0,1.0,1.0
40,Case61_13,1,13,1,0.9939484625597836,1.0,1.0,1.0
41,Case67_13,0,13,0,0.9898770628341816,1.0,1.0,1.0
42,Case6_13,1,13,1,0.9944554062624976,1.0,1.0,1.0
43,Case75_13,1,13,1,0.9912108472138728,1.0,1.0,1.0
44,Case78_13,1,13,1,0.9962395798936364,1.0,1.0,1.0
45,Case83_13,0,13,1,0.8550983278811183,1.0,1.0,1.0
46,Case84_13,0,13,0,0.9953002789062704,1.0,1.0,1.0
47,Case89_13,0,13,0,0.9930644274740053,1.0,1.0,1.0
48,Case90_13,0,13,0,0.99276469480472,1.0,1.0,1.0
49,Case95_13,1,13,1,0.9993481191066024,1.0,1.0,1.0
0,Case101_14,0,14,0,0.6029096285018277,1.0,1.0,1.0
1,Case102_14,1,14,1,0.7783186663931524,1.0,1.0,1.0
2,Case10_14,1,14,1,0.8174802855077838,1.0,1.0,1.0
3,Case111_14,1,14,1,0.8195018799491585,1.0,1.0,1.0
4,Case115_14,1,14,1,0.8598879574552402,1.0,1.0,1.0
5,Case11_14,1,14,1,0.8559389502962348,1.0,1.0,1.0
6,Case12_14,0,14,0,0.7093991146173341,1.0,1.0,1.0
7,Case135_14,1,14,1,0.8653631732173003,1.0,1.0,1.0
8,Case178_14,0,14,0,0.7915318840585039,1.0,1.0,1.0
9,Case17_14,1,14,1,0.8553630839599755,1.0,1.0,1.0
10,Case18_14,1,14,1,0.8757702430773425,1.0,1.0,1.0
11,Case192_14,0,14,0,0.6627900966595185,1.0,1.0,1.0
12,Case194_14,1,14,1,0.8593756937323114,1.0,1.0,1.0
13,Case195_14,0,14,0,0.7723588239842206,1.0,1.0,1.0
14,Case201_14,1,14,1,0.9093544842112072,1.0,1.0,1.0
15,Case210_14,0,14,0,0.545130486989236,1.0,1.0,1.0
16,Case223_14,0,14,0,0.5880191588832668,1.0,1.0,1.0
17,Case238_14,1,14,1,0.8859734249625733,1.0,1.0,1.0
18,Case240_14,1,14,1,0.8078307758191529,1.0,1.0,1.0
19,Case249_14,1,14,1,0.7224008718156086,1.0,1.0,1.0
20,Case250_14,0,14,0,0.8246889543116118,1.0,1.0,1.0
21,Case251_14,0,14,0,0.8122047862273034,1.0,1.0,1.0
22,Case259_14,1,14,1,0.8954516962231318,1.0,1.0,1.0
23,Case25_14,1,14,1,0.7841546996670689,1.0,1.0,1.0
24,Case260_14,1,14,1,0.8349130791287427,1.0,1.0,1.0
25,Case263_14,0,14,0,0.6970602940147121,1.0,1.0,1.0
26,Case265_14,0,14,0,0.7610371290759941,1.0,1.0,1.0
27,Case269_14,0,14,0,0.5867934894381307,1.0,1.0,1.0
28,Case273_14,0,14,0,0.8124245648560567,1.0,1.0,1.0
29,Case27_14,0,14,0,0.715945701793427,1.0,1.0,1.0
30,Case28_14,1,14,1,0.8438319964242406,1.0,1.0,1.0
31,Case34_14,0,14,0,0.7090331453289577,1.0,1.0,1.0
32,Case37_14,1,14,1,0.7821688019293049,1.0,1.0,1.0
33,Case3_14,0,14,0,0.693229666066087,1.0,1.0,1.0
34,Case55_14,1,14,1,0.8090987606256944,1.0,1.0,1.0
35,Case67_14,0,14,0,0.5233242236185667,1.0,1.0,1.0
36,Case78_14,1,14,1,0.8467822177588525,1.0,1.0,1.0
37,Case83_14,0,14,1,0.7309209920430196,1.0,1.0,1.0
38,Case84_14,0,14,0,0.7336581560020571,1.0,1.0,1.0
39,Case90_14,0,14,0,0.6109152863901666,1.0,1.0,1.0
0,Case101_15,0,15,0,0.9957043305312666,1.0,1.0,1.0
1,Case102_15,1,15,1,0.9999966679292436,1.0,1.0,1.0
2,Case10_15,1,15,1,0.9999906358228822,1.0,1.0,1.0
3,Case11_15,1,15,1,0.9999904493259104,1.0,1.0,1.0
4,Case127_15,1,15,1,0.9999951751931476,1.0,1.0,1.0
5,Case12_15,0,15,0,0.9999996022839998,1.0,1.0,1.0
6,Case178_15,0,15,0,0.999999999932402,1.0,1.0,1.0
7,Case17_15,1,15,1,0.9999943189114436,1.0,1.0,1.0
8,Case187_15,1,15,1,0.9999984526649448,1.0,1.0,1.0
9,Case18_15,1,15,1,0.9999957171638584,1.0,1.0,1.0
10,Case192_15,0,15,0,0.9999896528215207,1.0,1.0,1.0
11,Case20_15,1,15,1,0.999995505035276,1.0,1.0,1.0
12,Case210_15,0,15,0,0.9999973082752782,1.0,1.0,1.0
13,Case21_15,1,15,1,0.9999975127867574,1.0,1.0,1.0
14,Case223_15,0,15,0,0.9999945339348244,1.0,1.0,1.0
15,Case225_15,1,15,1,0.999997006008976,1.0,1.0,1.0
16,Case235_15,1,15,1,0.9999969089731384,1.0,1.0,1.0
17,Case249_15,1,15,1,0.9999922432581649,1.0,1.0,1.0
18,Case263_15,0,15,0,0.9999997651109624,1.0,1.0,1.0
19,Case265_15,0,15,0,0.9999999947311741,1.0,1.0,1.0
20,Case267_15,1,15,1,0.9999962493992984,1.0,1.0,1.0
21,Case269_15,0,15,0,0.9999935742549559,1.0,1.0,1.0
22,Case273_15,0,15,0,0.9999999997953929,1.0,1.0,1.0
23,Case27_15,0,15,0,0.9999861114513504,1.0,1.0,1.0
24,Case28_15,1,15,1,0.9999936182304128,1.0,1.0,1.0
25,Case34_15,0,15,0,0.9999998998191328,1.0,1.0,1.0
26,Case3_15,0,15,0,0.9999941143741541,1.0,1.0,1.0
27,Case55_15,1,15,1,0.9999958644554748,1.0,1.0,1.0
28,Case67_15,0,15,0,0.999989469079262,1.0,1.0,1.0
29,Case78_15,1,15,1,0.999994962473646,1.0,1.0,1.0
30,Case83_15,0,15,1,0.9958973923907798,1.0,1.0,1.0
31,Case84_15,0,15,0,0.9999995945409654,1.0,1.0,1.0
32,Case90_15,0,15,0,0.9999853342474571,1.0,1.0,1.0
33,Case95_15,1,15,1,0.9999976079118048,1.0,1.0,1.0
0,Case101_16,0,16,0,0.9957012098943596,1.0,1.0,1.0
1,Case10_16,1,16,1,0.9999374646894764,1.0,1.0,1.0
2,Case111_16,1,16,1,0.9642918111503892,1.0,1.0,1.0
3,Case115_16,1,16,1,0.9999323373608618,1.0,1.0,1.0
4,Case127_16,1,16,1,0.9999416333326192,1.0,1.0,1.0
5,Case12_16,0,16,0,0.999898466272317,1.0,1.0,1.0
6,Case178_16,0,16,0,0.9999225490548768,1.0,1.0,1.0
7,Case17_16,1,16,1,0.99995396710146,1.0,1.0,1.0
8,Case188_16,1,16,1,0.9999530604989944,1.0,1.0,1.0
9,Case192_16,0,16,0,0.9998745320790694,1.0,1.0,1.0
10,Case207_16,1,16,1,0.9999328479974426,1.0,1.0,1.0
11,Case210_16,0,16,0,0.9997987521789788,1.0,1.0,1.0
12,Case223_16,0,16,0,0.9998156018810649,1.0,1.0,1.0
13,Case235_16,1,16,1,0.9999669322672344,1.0,1.0,1.0
14,Case249_16,1,16,1,0.9998831702719998,1.0,1.0,1.0
15,Case25_16,1,16,1,0.999882768514802,1.0,1.0,1.0
16,Case263_16,0,16,0,0.9999269267125562,1.0,1.0,1.0
17,Case265_16,0,16,0,0.9999140156626922,1.0,1.0,1.0
18,Case269_16,0,16,0,0.999847100059471,1.0,1.0,1.0
19,Case34_16,0,16,0,0.99989406283337,1.0,1.0,1.0
20,Case61_16,1,16,1,0.9999246923300202,1.0,1.0,1.0
21,Case67_16,0,16,0,0.9997682443858884,1.0,1.0,1.0
22,Case6_16,1,16,1,0.9998501307097628,1.0,1.0,1.0
23,Case78_16,1,16,1,0.999942377057751,1.0,1.0,1.0
24,Case84_16,0,16,0,0.9999062171394968,1.0,1.0,1.0
25,Case90_16,0,16,0,0.9998301456933001,1.0,1.0,1.0
0,Case101_17,0,17,0,0.8010363629995325,1.0,1.0,1.0
1,Case127_17,1,17,1,0.9789535709479842,1.0,1.0,1.0
2,Case12_17,0,17,0,0.9530374356954536,1.0,1.0,1.0
3,Case178_17,0,17,0,0.9554739205407388,1.0,1.0,1.0
4,Case187_17,1,17,1,0.9751976908939902,1.0,1.0,1.0
5,Case188_17,1,17,1,0.9715067132305528,1.0,1.0,1.0
6,Case192_17,0,17,0,0.9467145347388156,1.0,1.0,1.0
7,Case207_17,1,17,1,0.9736577440984044,1.0,1.0,1.0
8,Case210_17,0,17,0,0.9169653023972044,1.0,1.0,1.0
9,Case21_17,1,17,1,0.9822281899727456,1.0,1.0,1.0
10,Case223_17,0,17,0,0.922794997623036,1.0,1.0,1.0
11,Case225_17,1,17,1,0.9725255919532598,1.0,1.0,1.0
12,Case249_17,1,17,1,0.9508881287042804,1.0,1.0,1.0
13,Case259_17,1,17,1,0.9790936405711099,1.0,1.0,1.0
14,Case263_17,0,17,0,0.960696240487846,1.0,1.0,1.0
15,Case267_17,1,17,1,0.9531190579473942,1.0,1.0,1.0
16,Case269_17,0,17,0,0.9310890232059827,1.0,1.0,1.0
17,Case34_17,0,17,0,0.9533198207906904,1.0,1.0,1.0
18,Case67_17,0,17,0,0.8926965429119992,1.0,1.0,1.0
19,Case6_17,1,17,1,0.9465633921284436,1.0,1.0,1.0
20,Case84_17,0,17,0,0.9509938555419188,1.0,1.0,1.0
21,Case95_17,1,17,1,0.9768042500680729,1.0,1.0,1.0
