static__Work_Order_Qty,static__Part_Desc__Adjusting Nut,static__Part_Desc__Ballnut,static__Part_Desc__Barrel,static__Part_Desc__Bearing,static__Part_Desc__Cable Head,static__Part_Desc__Cast,static__Part_Desc__Clamp,static__Part_Desc__Compound Dies,static__Part_Desc__Cutting Wheel,static__Part_Desc__Drill,static__Part_Desc__Drum,static__Part_Desc__Electrical Contact,static__Part_Desc__Flange,static__Part_Desc__Flange Bolt,static__Part_Desc__Hinge,static__Part_Desc__Housing,static__Part_Desc__O-Ring,static__Part_Desc__Piston,static__Part_Desc__Plug,static__Part_Desc__Punch Holder,static__Part_Desc__Punch Plate,static__Part_Desc__Slip Ring Adapter,static__Part_Desc__Socket,static__Part_Desc__Spinner,static__Part_Desc__Spur Gear,static__Part_Desc__Wheel Shaft,static__Rework_missing,agg__Activity_Final Inspection Q.C.,agg__Activity_Flat Grinding - Machine 11,agg__Activity_Grinding Rework - Machine 27,agg__Activity_Lapping - Machine 1,agg__Activity_Laser Marking - Machine 7,agg__Activity_Milling - Machine 16,agg__Activity_Packing,agg__Activity_Round Grinding - Machine 12,agg__Activity_Round Grinding - Machine 2,agg__Activity_Round Grinding - Machine 3,agg__Activity_Round Grinding - Manual,agg__Activity_Round Grinding - Q.C.,agg__Activity_Turn & Mill. & Screw Assem - Machine 10,agg__Activity_Turning & Milling - Machine 10,agg__Activity_Turning & Milling - Machine 4,agg__Activity_Turning & Milling - Machine 5,agg__Activity_Turning & Milling - Machine 6,agg__Activity_Turning & Milling - Machine 8,agg__Activity_Turning & Milling - Machine 9,agg__Activity_Turning & Milling Q.C.,agg__Activity_Turning - Machine 8,agg__Activity_Turning - Machine 9,agg__Activity_Turning Q.C.,agg__Activity_Wire Cut - Machine 13,agg__Activity_other,agg__Resource_ID0420,agg__Resource_ID0997,agg__Resource_ID0998,agg__Resource_ID3767,agg__Resource_ID3846,agg__Resource_ID4132,agg__Resource_ID4163,agg__Resource_ID4167,agg__Resource_ID4219,agg__Resource_ID4287,agg__Resource_ID4326,agg__Resource_ID4355,agg__Resource_ID4385,agg__Resource_ID4429,agg__Resource_ID4445,agg__Resource_ID4491,agg__Resource_ID4493,agg__Resource_ID4528,agg__Resource_ID4529,agg__Resource_ID4618,agg__Resource_ID4641,agg__Resource_ID4718,agg__Resource_ID4794,agg__Resource_ID4820,agg__Resource_ID4872,agg__Resource_ID4882,agg__Resource_ID4932,agg__Resource_other,agg__Report_Type_B,agg__Report_Type_D,agg__Report_Type_S,agg__Resource.1_Machine 1 - Lapping,agg__Resource.1_Machine 10 - Grinding,agg__Resource.1_Machine 11 - Grinding,agg__Resource.1_Machine 12 - Grinding,agg__Resource.1_Machine 15 - Turning,agg__Resource.1_Machine 16 - Milling,agg__Resource.1_Machine 2 - Round Grinding,agg__Resource.1_Machine 27 - Grinding,agg__Resource.1_Machine 3 - Round Grinding,agg__Resource.1_Machine 4 - Turning & Milling,agg__Resource.1_Machine 5 - Turning & Milling,agg__Resource.1_Machine 6 - Turning & Milling,agg__Resource.1_Machine 7- Laser Marking,agg__Resource.1_Machine 8 - Turning & Milling,agg__Resource.1_Machine 9 - Turning & Milling,agg__Resource.1_Packing,agg__Resource.1_Quality Check 1,agg__Resource.1_Wire Cut - Machine 13,agg__Resource.1_other,agg__Qty_Completed_mean,agg__Qty_Completed_max,agg__Qty_Completed_min,agg__Qty_Completed_sum,agg__Qty_Completed_std,agg__Qty_for_MRB_mean,agg__Qty_for_MRB_max,agg__Qty_for_MRB_min,agg__Qty_for_MRB_sum,agg__Qty_for_MRB_std,agg__activity_duration_mean,agg__activity_duration_max,agg__activity_duration_min,agg__activity_duration_sum,agg__activity_duration_std,agg__hour_mean,agg__hour_max,agg__hour_min,agg__hour_sum,agg__hour_std,agg__weekday_mean,agg__weekday_max,agg__weekday_min,agg__weekday_sum,agg__weekday_std,agg__month_mean,agg__month_max,agg__month_min,agg__month_sum,agg__month_std,agg__timesincemidnight_mean,agg__timesincemidnight_max,agg__timesincemidnight_min,agg__timesincemidnight_sum,agg__timesincemidnight_std,agg__timesincelastevent_mean,agg__timesincelastevent_max,agg__timesincelastevent_min,agg__timesincelastevent_sum,agg__timesincelastevent_std,agg__timesincecasestart_mean,agg__timesincecasestart_max,agg__timesincecasestart_min,agg__timesincecasestart_sum,agg__timesincecasestart_std,agg__event_nr_mean,agg__event_nr_max,agg__event_nr_min,agg__event_nr_sum,agg__event_nr_std,agg__open_cases_mean,agg__open_cases_max,agg__open_cases_min,agg__open_cases_sum,agg__open_cases_std
24.0,0.0,0.0,0.0,0.0,0.0,0.0,0.0,0.0,0.0,0.0,0.0,0.0,0.0,0.0,0.0,0.0,0.0,0.0,0.0,0.0,0.0,0.0,0.0,0.0,1.0,0.0,1.0,0.0,0.0,0.0,0.0,0.0,0.0,0.0,0.0,0.0,0.0,0.0,0.0,0.0,0.0,0.0,0.0,0.0,9.0,0.0,2.0,0.0,0.0,0.0,0.0,0.0,0.0,5.0,0.0,0.0,0.0,0.0,0.0,0.0,3.0,2.0,0.0,0.0,0.0,0.0,0.0,0.0,0.0,0.0,0.0,0.0,0.0,0.0,1.0,0.0,0.0,0.0,0.0,0.0,0.0,6.0,5.0,0.0,0.0,0.0,0.0,0.0,0.0,0.0,0.0,0.0,0.0,0.0,0.0,0.0,9.0,0.0,0.0,2.0,0.0,0.0,4.454545454545454,24.0,0.0,49.0,7.229988054812212,0.0,0.0,0.0,0.0,0.0,171.63636363636363,295.0,50.0,1888.0,83.3141917409906,11.909090909090908,21.0,1.0,131.0,6.862281624278407,1.3636363636363635,2.0,0.0,15.0,0.674199862463242,2.0,2.0,2.0,22.0,0.0,734.1818181818181,1269.0,83.0,8076.0,407.75061451377803,233.72727272727272,723.0,0.0,2571.0,222.28634276945172,1428.8181818181818,2571.0,0.0,15717.0,863.548819486405,6.0,11.0,1.0,66.0,3.3166247903554,20.09090909090909,24.0,16.0,221.0,2.9480347845486987
52.0,1.0,0.0,0.0,0.0,0.0,0.0,0.0,0.0,0.0,0.0,0.0,0.0,0.0,0.0,0.0,0.0,0.0,0.0,0.0,0.0,0.0,0.0,0.0,0.0,0.0,0.0,1.0,0.0,0.0,0.0,0.0,0.0,0.0,0.0,0.0,0.0,0.0,0.0,0.0,0.0,0.0,0.0,0.0,0.0,9.0,0.0,2.0,0.0,0.0,0.0,0.0,0.0,0.0,6.0,0.0,0.0,0.0,0.0,0.0,0.0,3.0,0.0,0.0,0.0,0.0,0.0,0.0,0.0,0.0,0.0,0.0,2.0,0.0,0.0,0.0,0.0,0.0,0.0,0.0,0.0,1.0,6.0,4.0,0.0,0.0,0.0,0.0,0.0,0.0,0.0,0.0,0.0,0.0,0.0,0.0,0.0,9.0,0.0,0.0,2.0,0.0,0.0,4.2727272727272725,25.0,0.0,47.0,8.27152838465672,0.0,0.0,0.0,0.0,0.0,190.63636363636363,491.0,34.0,2097.0,142.02765415740186,9.818181818181818,16.0,4.0,108.0,3.7099375147886744,4.2727272727272725,6.0,1.0,47.0,1.6180796699117812,3.0,3.0,3.0,33.0,0.0,620.3636363636364,998.0,275.0,6824.0,219.34095501172266,686.4545454545455,2738.0,0.0,7551.0,1023.3259855624075,4715.090909090909,7551.0,0.0,51866.0,2370.652671925833,6.0,11.0,1.0,66.0,3.3166247903554,18.272727272727273,21.0,16.0,201.0,1.7372915179041826
251.0,0.0,0.0,0.0,0.0,0.0,0.0,0.0,0.0,0.0,0.0,0.0,0.0,0.0,0.0,0.0,0.0,0.0,0.0,0.0,0.0,0.0,0.0,0.0,0.0,1.0,0.0,1.0,0.0,0.0,0.0,0.0,0.0,0.0,0.0,0.0,0.0,0.0,0.0,0.0,0.0,0.0,0.0,0.0,0.0,0.0,10.0,0.0,0.0,0.0,1.0,0.0,0.0,0.0,0.0,0.0,0.0,2.0,6.0,0.0,0.0,0.0,0.0,0.0,0.0,0.0,0.0,0.0,0.0,0.0,0.0,0.0,1.0,0.0,0.0,2.0,0.0,0.0,0.0,0.0,0.0,0.0,7.0,4.0,0.0,0.0,0.0,0.0,0.0,0.0,0.0,0.0,0.0,0.0,0.0,0.0,0.0,0.0,10.0,0.0,1.0,0.0,0.0,10.181818181818182,40.0,0.0,112.0,14.864845655560515,0.0,0.0,0.0,0.0,0.0,182.63636363636363,619.0,15.0,2009.0,184.433875807712,14.454545454545455,23.0,6.0,159.0,6.3775173282969035,1.9090909090909092,3.0,1.0,21.0,0.8312094145936334,1.0,1.0,1.0,11.0,0.0,887.7272727272727,1423.0,389.0,9765.0,380.66654460540417,311.1818181818182,700.0,0.0,3423.0,272.1135124104712,1531.8181818181818,3423.0,0.0,16850.0,1210.4451923306415,6.0,11.0,1.0,66.0,3.3166247903554,35.18181818181818,37.0,32.0,387.0,1.7215215257545764
90.0,0.0,1.0,0.0,0.0,0.0,0.0,0.0,0.0,0.0,0.0,0.0,0.0,0.0,0.0,0.0,0.0,0.0,0.0,0.0,0.0,0.0,0.0,0.0,0.0,0.0,0.0,1.0,0.0,3.0,0.0,0.0,0.0,0.0,0.0,0.0,0.0,0.0,0.0,0.0,0.0,0.0,5.0,0.0,0.0,0.0,0.0,3.0,0.0,0.0,0.0,0.0,0.0,0.0,0.0,0.0,0.0,0.0,0.0,0.0,0.0,0.0,3.0,0.0,0.0,0.0,0.0,0.0,0.0,0.0,0.0,1.0,0.0,0.0,0.0,0.0,0.0,0.0,3.0,4.0,0.0,0.0,9.0,2.0,0.0,0.0,3.0,0.0,0.0,0.0,0.0,0.0,0.0,5.0,0.0,0.0,0.0,0.0,0.0,0.0,3.0,0.0,0.0,24.545454545454547,90.0,0.0,270.0,29.947833432031892,0.0,0.0,0.0,0.0,0.0,144.0909090909091,384.0,50.0,1585.0,128.2586874605027,10.0,16.0,1.0,110.0,4.2895221179054435,2.090909090909091,6.0,0.0,23.0,1.868397465987655,3.0,3.0,3.0,33.0,0.0,626.8181818181819,961.0,75.0,6895.0,261.4960107465574,741.7272727272727,3004.0,0.0,8159.0,1091.0986289890654,2676.7272727272725,8159.0,0.0,29444.0,2588.7289580374804,6.0,11.0,1.0,66.0,3.3166247903554,19.636363636363637,21.0,18.0,216.0,1.0269106361049412
100.0,0.0,0.0,0.0,0.0,0.0,0.0,0.0,0.0,0.0,0.0,0.0,0.0,0.0,0.0,0.0,0.0,0.0,0.0,0.0,0.0,0.0,0.0,0.0,0.0,1.0,0.0,1.0,0.0,0.0,0.0,0.0,0.0,0.0,0.0,0.0,0.0,0.0,0.0,0.0,0.0,8.0,0.0,0.0,0.0,0.0,0.0,3.0,0.0,0.0,0.0,0.0,0.0,0.0,0.0,0.0,0.0,0.0,2.0,0.0,0.0,0.0,2.0,0.0,0.0,0.0,0.0,0.0,0.0,0.0,0.0,0.0,1.0,5.0,0.0,0.0,0.0,0.0,0.0,1.0,0.0,0.0,9.0,2.0,0.0,8.0,0.0,0.0,0.0,0.0,0.0,0.0,0.0,0.0,0.0,0.0,0.0,0.0,0.0,0.0,3.0,0.0,0.0,11.090909090909092,60.0,0.0,122.0,18.085654787452654,0.0,0.0,0.0,0.0,0.0,191.1818181818182,418.0,54.0,2103.0,145.8847614946936,12.272727272727273,23.0,6.0,135.0,5.883721765870802,1.4545454545454546,6.0,0.0,16.0,1.7529196424044295,1.0,1.0,1.0,11.0,0.0,774.0,1420.0,397.0,8514.0,350.02571334117727,326.27272727272725,1237.0,0.0,3589.0,369.47641085977085,1972.1818181818182,3589.0,0.0,21694.0,1349.3029176713299,6.0,11.0,1.0,66.0,3.3166247903554,32.63636363636363,36.0,29.0,359.0,2.802596198981483
12.0,0.0,0.0,0.0,0.0,0.0,0.0,0.0,0.0,0.0,0.0,0.0,0.0,0.0,0.0,0.0,0.0,0.0,0.0,1.0,0.0,0.0,0.0,0.0,0.0,0.0,0.0,1.0,0.0,1.0,0.0,1.0,1.0,0.0,0.0,0.0,1.0,0.0,0.0,0.0,0.0,0.0,0.0,4.0,0.0,0.0,0.0,2.0,0.0,0.0,0.0,0.0,1.0,0.0,0.0,3.0,0.0,0.0,0.0,1.0,0.0,0.0,0.0,0.0,0.0,0.0,4.0,1.0,0.0,1.0,0.0,0.0,0.0,0.0,0.0,0.0,0.0,0.0,1.0,0.0,0.0,0.0,8.0,3.0,1.0,0.0,1.0,0.0,0.0,0.0,1.0,0.0,0.0,0.0,4.0,0.0,1.0,0.0,0.0,0.0,2.0,0.0,1.0,7.636363636363637,12.0,0.0,84.0,5.679308536657033,0.0,0.0,0.0,0.0,0.0,144.72727272727272,321.0,60.0,1592.0,96.2300274437152,13.636363636363637,22.0,8.0,150.0,3.8019133938775425,2.1818181818181817,6.0,0.0,24.0,2.088931871468374,3.0,3.0,3.0,33.0,0.0,852.0909090909091,1356.0,519.0,9373.0,233.05984405103104,445.3636363636364,2443.0,0.0,4899.0,730.2294533538445,2824.181818181818,4899.0,0.0,31066.0,1848.1742784803503,6.0,11.0,1.0,66.0,3.3166247903554,19.09090909090909,21.0,17.0,210.0,1.513574937328538
290.0,0.0,1.0,0.0,0.0,0.0,0.0,0.0,0.0,0.0,0.0,0.0,0.0,0.0,0.0,0.0,0.0,0.0,0.0,0.0,0.0,0.0,0.0,0.0,0.0,0.0,0.0,1.0,0.0,0.0,0.0,1.0,0.0,0.0,0.0,0.0,0.0,0.0,0.0,0.0,0.0,0.0,0.0,0.0,8.0,0.0,0.0,2.0,0.0,0.0,0.0,0.0,0.0,0.0,1.0,0.0,0.0,0.0,0.0,0.0,1.0,0.0,0.0,0.0,0.0,0.0,0.0,0.0,0.0,0.0,0.0,3.0,2.0,0.0,0.0,3.0,0.0,0.0,1.0,0.0,0.0,0.0,9.0,2.0,1.0,0.0,0.0,0.0,0.0,0.0,0.0,0.0,0.0,0.0,0.0,8.0,0.0,0.0,0.0,0.0,2.0,0.0,0.0,16.454545454545453,61.0,0.0,181.0,22.209743971345713,0.0,0.0,0.0,0.0,0.0,230.8181818181818,634.0,34.0,2539.0,198.36875670418374,10.545454545454545,22.0,0.0,116.0,7.434563018276681,2.0,6.0,0.0,22.0,2.6076809620810595,3.0,3.0,3.0,33.0,0.0,656.9090909090909,1374.0,12.0,7226.0,450.8592806065889,220.0909090909091,635.0,0.0,2421.0,212.91381098719478,1313.8181818181818,2421.0,0.0,14452.0,909.0662042097723,6.0,11.0,1.0,66.0,3.3166247903554,19.0,20.0,18.0,209.0,0.8944271909999156
69.0,0.0,0.0,0.0,0.0,0.0,0.0,0.0,0.0,0.0,0.0,0.0,0.0,0.0,0.0,0.0,0.0,0.0,0.0,0.0,0.0,0.0,0.0,0.0,0.0,1.0,0.0,1.0,0.0,0.0,0.0,0.0,0.0,0.0,0.0,0.0,0.0,0.0,0.0,0.0,0.0,0.0,0.0,0.0,0.0,0.0,0.0,0.0,0.0,9.0,2.0,0.0,0.0,0.0,0.0,0.0,0.0,3.0,2.0,0.0,0.0,0.0,0.0,0.0,0.0,0.0,0.0,0.0,0.0,0.0,0.0,0.0,2.0,4.0,0.0,0.0,0.0,0.0,0.0,0.0,0.0,1.0,8.0,2.0,0.0,0.0,0.0,0.0,0.0,0.0,0.0,0.0,0.0,0.0,0.0,0.0,0.0,0.0,9.0,0.0,2.0,0.0,0.0,12.545454545454545,69.0,0.0,138.0,19.72492654670043,0.0,0.0,0.0,0.0,0.0,269.72727272727275,587.0,46.0,2967.0,184.79074160200284,13.181818181818182,23.0,6.0,145.0,5.793413187718995,3.4545454545454546,6.0,0.0,38.0,2.114882330704778,1.0,1.0,1.0,11.0,0.0,828.2727272727273,1425.0,378.0,9111.0,358.3392501273314,549.4545454545455,3067.0,0.0,6044.0,860.7198572864883,2895.5454545454545,6044.0,0.0,31851.0,2539.614236990979,6.0,11.0,1.0,66.0,3.3166247903554,31.818181818181817,34.0,28.0,350.0,1.778661396566631
48.0,0.0,1.0,0.0,0.0,0.0,0.0,0.0,0.0,0.0,0.0,0.0,0.0,0.0,0.0,0.0,0.0,0.0,0.0,0.0,0.0,0.0,0.0,0.0,0.0,0.0,0.0,1.0,2.0,0.0,0.0,1.0,2.0,0.0,0.0,0.0,0.0,0.0,0.0,0.0,0.0,0.0,0.0,0.0,0.0,3.0,0.0,2.0,1.0,0.0,0.0,0.0,0.0,0.0,4.0,1.0,0.0,0.0,0.0,0.0,0.0,0.0,0.0,0.0,0.0,0.0,0.0,0.0,0.0,0.0,0.0,0.0,4.0,0.0,0.0,0.0,0.0,0.0,2.0,0.0,0.0,0.0,10.0,1.0,1.0,0.0,0.0,0.0,1.0,0.0,0.0,0.0,0.0,0.0,0.0,0.0,2.0,3.0,0.0,0.0,4.0,0.0,0.0,21.818181818181817,48.0,0.0,240.0,20.56607975195167,0.0,0.0,0.0,0.0,0.0,109.81818181818181,391.0,21.0,1208.0,117.79967587546086,12.181818181818182,17.0,8.0,134.0,2.750206603809314,3.272727272727273,6.0,1.0,36.0,2.1489955370316194,1.0,1.0,1.0,11.0,0.0,761.1818181818181,1020.0,492.0,8373.0,163.0538672842924,662.0909090909091,2766.0,0.0,7283.0,1013.3035531907954,3579.7272727272725,7283.0,0.0,39377.0,2642.7826278719594,6.0,11.0,1.0,66.0,3.3166247903554,25.363636363636363,31.0,21.0,279.0,3.905706780410616
250.0,0.0,0.0,0.0,0.0,1.0,0.0,0.0,0.0,0.0,0.0,0.0,0.0,0.0,0.0,0.0,0.0,0.0,0.0,0.0,0.0,0.0,0.0,0.0,0.0,0.0,0.0,1.0,0.0,0.0,3.0,2.0,0.0,0.0,0.0,0.0,1.0,1.0,0.0,0.0,0.0,0.0,0.0,0.0,0.0,0.0,0.0,0.0,0.0,0.0,0.0,0.0,4.0,0.0,0.0,1.0,0.0,0.0,0.0,0.0,0.0,0.0,0.0,0.0,3.0,1.0,0.0,1.0,0.0,0.0,1.0,0.0,0.0,0.0,0.0,0.0,0.0,3.0,1.0,0.0,0.0,0.0,10.0,1.0,2.0,0.0,0.0,0.0,0.0,0.0,4.0,3.0,1.0,0.0,0.0,0.0,0.0,0.0,0.0,0.0,0.0,0.0,1.0,4.818181818181818,31.0,0.0,53.0,10.907045262748127,0.0,0.0,0.0,0.0,0.0,308.6363636363636,550.0,56.0,3395.0,151.1372043722344,13.909090909090908,23.0,4.0,153.0,6.057302129736398,2.0,6.0,0.0,22.0,2.6457513110645903,1.0,1.0,1.0,11.0,0.0,865.0909090909091,1427.0,290.0,9516.0,362.92050218896554,2024.8181818181818,13727.0,0.0,22273.0,4145.343431325849,16284.181818181818,22273.0,0.0,179126.0,8247.780220376655,6.0,11.0,1.0,66.0,3.3166247903554,25.545454545454547,34.0,1.0,281.0,11.50967972068412
100.0,0.0,0.0,0.0,0.0,0.0,0.0,1.0,0.0,0.0,0.0,0.0,0.0,0.0,0.0,0.0,0.0,0.0,0.0,0.0,0.0,0.0,0.0,0.0,0.0,0.0,0.0,1.0,0.0,0.0,0.0,0.0,0.0,0.0,0.0,0.0,0.0,0.0,0.0,0.0,0.0,0.0,0.0,0.0,0.0,0.0,0.0,0.0,11.0,0.0,0.0,0.0,0.0,0.0,0.0,0.0,0.0,0.0,0.0,0.0,0.0,7.0,0.0,0.0,0.0,0.0,0.0,0.0,0.0,0.0,0.0,0.0,0.0,0.0,0.0,0.0,0.0,0.0,0.0,0.0,4.0,1.0,7.0,3.0,0.0,0.0,0.0,0.0,11.0,0.0,0.0,0.0,0.0,0.0,0.0,0.0,0.0,0.0,0.0,0.0,0.0,0.0,0.0,9.181818181818182,25.0,0.0,101.0,11.513628288408322,0.0,0.0,0.0,0.0,0.0,246.54545454545453,651.0,14.0,2712.0,233.99331769790504,12.909090909090908,23.0,0.0,142.0,8.47885069398613,1.9090909090909092,6.0,0.0,21.0,2.6628760937957834,2.0,2.0,2.0,22.0,0.0,810.7272727272727,1387.0,29.0,8918.0,499.83499095383286,254.45454545454547,862.0,0.0,2799.0,281.7180731285672,1007.7272727272727,2799.0,0.0,11085.0,1038.327028532831,6.0,11.0,1.0,66.0,3.3166247903554,22.818181818181817,24.0,22.0,251.0,0.6030226891555259
200.0,0.0,0.0,0.0,0.0,1.0,0.0,0.0,0.0,0.0,0.0,0.0,0.0,0.0,0.0,0.0,0.0,0.0,0.0,0.0,0.0,0.0,0.0,0.0,0.0,0.0,0.0,1.0,0.0,0.0,0.0,2.0,0.0,0.0,0.0,0.0,0.0,9.0,0.0,0.0,0.0,0.0,0.0,0.0,0.0,0.0,0.0,0.0,0.0,0.0,0.0,0.0,0.0,0.0,0.0,0.0,0.0,0.0,0.0,0.0,0.0,0.0,0.0,0.0,2.0,3.0,0.0,3.0,0.0,0.0,0.0,0.0,0.0,0.0,0.0,0.0,0.0,1.0,2.0,0.0,0.0,0.0,9.0,2.0,2.0,0.0,0.0,0.0,0.0,0.0,0.0,0.0,9.0,0.0,0.0,0.0,0.0,0.0,0.0,0.0,0.0,0.0,0.0,14.363636363636363,37.0,0.0,158.0,13.915981656158701,0.0,0.0,0.0,0.0,0.0,337.90909090909093,647.0,43.0,3717.0,226.83317858966512,13.272727272727273,23.0,3.0,146.0,6.435695907839479,2.4545454545454546,6.0,0.0,27.0,1.6348477827391983,1.0,1.0,1.0,11.0,0.0,838.1818181818181,1422.0,198.0,9220.0,388.49654263115866,1737.0,11899.0,0.0,19107.0,3513.717575446268,12966.363636363636,19107.0,0.0,142630.0,4738.909437259322,6.0,11.0,1.0,66.0,3.3166247903554,27.272727272727273,31.0,3.0,300.0,8.075777474533448
350.0,0.0,0.0,0.0,0.0,0.0,0.0,0.0,0.0,0.0,0.0,0.0,0.0,0.0,0.0,0.0,0.0,0.0,0.0,0.0,1.0,0.0,0.0,0.0,0.0,0.0,0.0,1.0,1.0,0.0,0.0,3.0,1.0,0.0,0.0,0.0,0.0,4.0,0.0,0.0,0.0,0.0,0.0,0.0,0.0,0.0,0.0,1.0,0.0,0.0,0.0,1.0,0.0,1.0,0.0,2.0,1.0,0.0,0.0,0.0,0.0,0.0,0.0,0.0,0.0,0.0,0.0,3.0,0.0,0.0,0.0,0.0,2.0,0.0,0.0,0.0,0.0,0.0,2.0,0.0,0.0,0.0,10.0,1.0,3.0,0.0,0.0,0.0,0.0,0.0,0.0,0.0,4.0,0.0,0.0,0.0,1.0,0.0,0.0,0.0,2.0,1.0,0.0,38.09090909090909,144.0,0.0,419.0,54.386495650031634,0.0,0.0,0.0,0.0,0.0,168.72727272727272,623.0,4.0,1856.0,183.1060298892917,12.545454545454545,17.0,6.0,138.0,3.559877423834601,1.8181818181818181,6.0,0.0,20.0,1.8877596148970779,1.4545454545454546,2.0,1.0,16.0,0.5222329678670935,779.2727272727273,1079.0,407.0,8572.0,205.24185289998283,4042.4545454545455,21262.0,0.0,44467.0,7710.222686325426,25536.545454545456,44467.0,0.0,280902.0,21171.59147708852,6.0,11.0,1.0,66.0,3.3166247903554,23.181818181818183,33.0,6.0,255.0,12.671370737360517
557.0,0.0,0.0,0.0,0.0,1.0,0.0,0.0,0.0,0.0,0.0,0.0,0.0,0.0,0.0,0.0,0.0,0.0,0.0,0.0,0.0,0.0,0.0,0.0,0.0,0.0,0.0,1.0,0.0,0.0,0.0,0.0,0.0,0.0,0.0,0.0,0.0,0.0,0.0,0.0,0.0,0.0,3.0,8.0,0.0,0.0,0.0,0.0,0.0,0.0,0.0,0.0,0.0,0.0,0.0,0.0,0.0,0.0,0.0,0.0,1.0,0.0,0.0,0.0,0.0,0.0,3.0,0.0,0.0,0.0,0.0,0.0,0.0,0.0,0.0,0.0,0.0,0.0,0.0,7.0,0.0,1.0,6.0,4.0,0.0,0.0,0.0,0.0,0.0,0.0,0.0,0.0,0.0,3.0,8.0,0.0,0.0,0.0,0.0,0.0,0.0,0.0,0.0,15.272727272727273,80.0,0.0,168.0,26.325238494991492,0.0,0.0,0.0,0.0,0.0,230.0,656.0,1.0,2530.0,256.3907174606756,10.636363636363637,20.0,5.0,117.0,6.168836637044739,2.727272727272727,4.0,2.0,30.0,0.6466697906828632,1.0,1.0,1.0,11.0,0.0,677.3636363636364,1212.0,331.0,7451.0,369.7764926891034,209.8181818181818,688.0,0.0,2308.0,254.757852943464,1393.6363636363637,2963.0,0.0,15330.0,999.0708956552857,6.0,11.0,1.0,66.0,3.3166247903554,35.72727272727273,37.0,35.0,393.0,0.6466697906828629
200.0,0.0,0.0,0.0,0.0,0.0,0.0,0.0,0.0,0.0,0.0,0.0,0.0,0.0,0.0,0.0,0.0,0.0,1.0,0.0,0.0,0.0,0.0,0.0,0.0,0.0,0.0,1.0,0.0,0.0,0.0,0.0,0.0,0.0,0.0,0.0,0.0,0.0,0.0,0.0,0.0,0.0,0.0,0.0,0.0,0.0,7.0,3.0,0.0,0.0,0.0,0.0,1.0,0.0,0.0,0.0,0.0,1.0,4.0,0.0,0.0,0.0,3.0,0.0,0.0,0.0,0.0,0.0,0.0,0.0,0.0,0.0,0.0,2.0,0.0,0.0,0.0,0.0,0.0,0.0,1.0,0.0,9.0,2.0,0.0,0.0,0.0,0.0,0.0,0.0,0.0,0.0,0.0,0.0,0.0,0.0,0.0,0.0,7.0,0.0,3.0,0.0,1.0,2.5454545454545454,11.0,0.0,28.0,3.804303782918403,0.0,0.0,0.0,0.0,0.0,220.0909090909091,631.0,3.0,2421.0,195.8343455808784,11.545454545454545,20.0,6.0,127.0,4.34427522985449,2.3636363636363638,4.0,1.0,26.0,0.8090398349558905,1.8181818181818181,2.0,1.0,20.0,0.40451991747794525,722.1818181818181,1217.0,405.0,7944.0,258.2738152356209,3909.5454545454545,39188.0,0.0,43005.0,11705.823878425954,33634.90909090909,43005.0,0.0,369984.0,16644.18583442606,6.0,11.0,1.0,66.0,3.3166247903554,34.27272727272727,36.0,31.0,377.0,1.7939291563999484
40.0,0.0,0.0,0.0,0.0,0.0,0.0,0.0,0.0,0.0,0.0,0.0,0.0,0.0,0.0,0.0,0.0,0.0,0.0,0.0,0.0,0.0,0.0,1.0,0.0,0.0,0.0,1.0,0.0,0.0,0.0,0.0,0.0,0.0,0.0,0.0,0.0,0.0,0.0,0.0,0.0,7.0,0.0,0.0,0.0,0.0,0.0,3.0,0.0,0.0,0.0,0.0,1.0,0.0,0.0,0.0,0.0,1.0,5.0,0.0,0.0,0.0,3.0,0.0,0.0,0.0,0.0,0.0,0.0,0.0,0.0,0.0,0.0,1.0,0.0,0.0,0.0,0.0,0.0,1.0,0.0,0.0,7.0,4.0,0.0,7.0,0.0,0.0,0.0,0.0,0.0,0.0,0.0,0.0,0.0,0.0,0.0,0.0,0.0,0.0,3.0,0.0,1.0,10.545454545454545,39.0,0.0,116.0,14.80786032054352,0.0,0.0,0.0,0.0,0.0,380.8181818181818,1212.0,40.0,4189.0,346.1842914350153,11.818181818181818,17.0,3.0,130.0,4.5347145845837264,3.5454545454545454,6.0,1.0,39.0,1.5075567228888183,1.0,1.0,1.0,11.0,0.0,740.9090909090909,1072.0,197.0,8150.0,280.8125547568892,613.0,1774.0,0.0,6743.0,612.5252647850535,3752.3636363636365,6743.0,0.0,41276.0,2005.1842944092332,6.0,11.0,1.0,66.0,3.3166247903554,29.363636363636363,30.0,28.0,323.0,0.6741998624632424
80.0,0.0,0.0,0.0,0.0,0.0,0.0,0.0,0.0,0.0,0.0,0.0,0.0,0.0,0.0,0.0,0.0,0.0,0.0,0.0,0.0,0.0,1.0,0.0,0.0,0.0,0.0,1.0,0.0,3.0,0.0,2.0,0.0,0.0,0.0,0.0,5.0,0.0,0.0,0.0,0.0,0.0,0.0,0.0,0.0,0.0,0.0,1.0,0.0,0.0,0.0,0.0,0.0,0.0,0.0,2.0,0.0,0.0,0.0,0.0,0.0,0.0,1.0,0.0,1.0,2.0,0.0,1.0,0.0,0.0,1.0,0.0,0.0,0.0,0.0,0.0,0.0,0.0,3.0,0.0,0.0,0.0,9.0,2.0,2.0,0.0,3.0,0.0,0.0,0.0,5.0,0.0,0.0,0.0,0.0,0.0,0.0,0.0,0.0,0.0,1.0,0.0,0.0,29.09090909090909,80.0,0.0,320.0,27.883523971889012,0.0,0.0,0.0,0.0,0.0,209.0,529.0,43.0,2299.0,160.22733849128244,12.090909090909092,23.0,1.0,133.0,6.024193646531384,4.363636363636363,6.0,0.0,48.0,2.2033033051637387,1.9090909090909092,2.0,1.0,21.0,0.30151134457776363,762.3636363636364,1430.0,75.0,8386.0,365.8475837633133,1575.090909090909,6370.0,0.0,17326.0,2213.9988010179886,10199.181818181818,17326.0,0.0,112191.0,5347.913926348887,6.0,11.0,1.0,66.0,3.3166247903554,33.54545454545455,35.0,31.0,369.0,1.439696937805757
33.0,0.0,0.0,0.0,0.0,1.0,0.0,0.0,0.0,0.0,0.0,0.0,0.0,0.0,0.0,0.0,0.0,0.0,0.0,0.0,0.0,0.0,0.0,0.0,0.0,0.0,0.0,1.0,0.0,0.0,0.0,2.0,1.0,0.0,0.0,0.0,0.0,3.0,0.0,0.0,0.0,0.0,1.0,1.0,0.0,0.0,0.0,2.0,0.0,0.0,0.0,0.0,1.0,0.0,0.0,1.0,0.0,0.0,0.0,2.0,1.0,0.0,0.0,0.0,0.0,1.0,0.0,1.0,0.0,1.0,0.0,0.0,0.0,0.0,0.0,0.0,0.0,1.0,2.0,1.0,0.0,0.0,8.0,3.0,2.0,0.0,0.0,0.0,0.0,0.0,0.0,0.0,3.0,1.0,1.0,0.0,1.0,0.0,0.0,0.0,2.0,0.0,1.0,14.636363636363637,33.0,0.0,161.0,15.32496477824812,0.0,0.0,0.0,0.0,0.0,192.63636363636363,650.0,38.0,2119.0,201.03645078804627,12.363636363636363,20.0,1.0,136.0,6.6071586521397725,0.9090909090909091,2.0,0.0,10.0,0.8312094145936334,1.6363636363636365,2.0,1.0,18.0,0.504524979109513,761.5454545454545,1210.0,75.0,8377.0,388.4850997493633,3026.7272727272725,26876.0,0.0,33294.0,7919.107097279453,17595.18181818182,33294.0,0.0,193547.0,15954.635870606271,6.0,11.0,1.0,66.0,3.3166247903554,29.545454545454547,33.0,25.0,325.0,2.9787123514578027
20.0,0.0,0.0,0.0,0.0,0.0,0.0,0.0,0.0,0.0,0.0,0.0,0.0,0.0,0.0,0.0,0.0,0.0,0.0,0.0,0.0,0.0,0.0,0.0,0.0,0.0,1.0,1.0,0.0,0.0,0.0,0.0,0.0,0.0,0.0,0.0,0.0,0.0,0.0,1.0,0.0,0.0,0.0,0.0,0.0,0.0,0.0,1.0,8.0,0.0,1.0,0.0,0.0,0.0,0.0,0.0,0.0,0.0,0.0,0.0,0.0,8.0,0.0,0.0,0.0,0.0,0.0,0.0,0.0,3.0,0.0,0.0,0.0,0.0,0.0,0.0,0.0,0.0,0.0,0.0,0.0,1.0,8.0,2.0,0.0,0.0,0.0,0.0,8.0,0.0,0.0,0.0,0.0,0.0,0.0,0.0,0.0,0.0,0.0,0.0,3.0,0.0,0.0,3.1818181818181817,13.0,0.0,35.0,4.935953440181175,0.0,0.0,0.0,0.0,0.0,100.54545454545455,279.0,1.0,1106.0,95.27892068696374,10.0,17.0,1.0,110.0,5.440588203494177,3.6363636363636362,6.0,2.0,40.0,1.3618169680781096,1.0,1.0,1.0,11.0,0.0,626.0909090909091,1062.0,75.0,6887.0,334.1480074893323,578.0,2566.0,0.0,6358.0,881.3879962876736,2907.4545454545455,6358.0,0.0,31982.0,2055.9457854542934,6.0,11.0,1.0,66.0,3.3166247903554,20.09090909090909,22.0,17.0,221.0,1.7002673586554227
21.0,0.0,0.0,0.0,0.0,0.0,0.0,0.0,0.0,1.0,0.0,0.0,0.0,0.0,0.0,0.0,0.0,0.0,0.0,0.0,0.0,0.0,0.0,0.0,0.0,0.0,0.0,1.0,2.0,0.0,0.0,1.0,1.0,0.0,1.0,3.0,0.0,0.0,2.0,0.0,0.0,0.0,0.0,0.0,0.0,0.0,0.0,1.0,0.0,0.0,0.0,0.0,0.0,0.0,0.0,2.0,0.0,0.0,0.0,0.0,0.0,0.0,0.0,0.0,0.0,0.0,0.0,0.0,0.0,0.0,3.0,0.0,3.0,0.0,0.0,0.0,0.0,2.0,0.0,0.0,1.0,0.0,9.0,2.0,1.0,0.0,0.0,3.0,0.0,0.0,0.0,2.0,0.0,0.0,0.0,0.0,1.0,0.0,0.0,1.0,3.0,0.0,0.0,7.545454545454546,21.0,0.0,83.0,7.853198537712342,0.0,0.0,0.0,0.0,0.0,117.36363636363636,436.0,5.0,1291.0,130.93072422260005,10.818181818181818,17.0,1.0,119.0,4.750119615718784,2.6363636363636362,6.0,0.0,29.0,2.157439559882375,1.0,1.0,1.0,11.0,0.0,678.3636363636364,1065.0,60.0,7462.0,290.53787110367307,2320.2727272727275,14267.0,0.0,25523.0,4126.103999923151,15087.727272727272,25523.0,0.0,165965.0,9818.644337085532,6.0,11.0,1.0,66.0,3.3166247903554,31.818181818181817,36.0,23.0,350.0,3.682884245212761
125.0,0.0,0.0,0.0,0.0,0.0,0.0,0.0,0.0,0.0,0.0,0.0,0.0,1.0,0.0,0.0,0.0,0.0,0.0,0.0,0.0,0.0,0.0,0.0,0.0,0.0,0.0,1.0,0.0,0.0,0.0,0.0,0.0,0.0,0.0,0.0,0.0,0.0,0.0,0.0,0.0,0.0,0.0,0.0,11.0,0.0,0.0,0.0,0.0,0.0,0.0,0.0,0.0,0.0,0.0,0.0,0.0,0.0,0.0,0.0,0.0,0.0,0.0,0.0,0.0,0.0,5.0,0.0,0.0,0.0,0.0,4.0,0.0,0.0,0.0,2.0,0.0,0.0,0.0,0.0,0.0,0.0,3.0,8.0,0.0,0.0,0.0,0.0,0.0,0.0,0.0,0.0,0.0,0.0,0.0,11.0,0.0,0.0,0.0,0.0,0.0,0.0,0.0,2.6363636363636362,12.0,0.0,29.0,4.5447272145361435,0.0,0.0,0.0,0.0,0.0,212.8181818181818,539.0,75.0,2341.0,162.58648048458284,5.454545454545454,15.0,1.0,60.0,5.502065727772368,1.2727272727272727,2.0,0.0,14.0,0.7862453931068966,1.0,1.0,1.0,11.0,0.0,346.09090909090907,959.0,60.0,3807.0,345.47545630491743,341.54545454545456,1095.0,0.0,3757.0,330.6558221584382,2103.818181818182,3757.0,0.0,23142.0,1204.7973122630892,6.0,11.0,1.0,66.0,3.3166247903554,29.545454545454547,31.0,28.0,325.0,0.9341987329938266
168.0,0.0,1.0,0.0,0.0,0.0,0.0,0.0,0.0,0.0,0.0,0.0,0.0,0.0,0.0,0.0,0.0,0.0,0.0,0.0,0.0,0.0,0.0,0.0,0.0,0.0,0.0,1.0,1.0,0.0,0.0,1.0,1.0,0.0,1.0,0.0,0.0,0.0,0.0,0.0,0.0,0.0,0.0,0.0,6.0,0.0,0.0,1.0,0.0,0.0,0.0,0.0,0.0,0.0,2.0,2.0,0.0,0.0,0.0,0.0,0.0,0.0,0.0,0.0,0.0,0.0,1.0,0.0,0.0,0.0,0.0,1.0,2.0,0.0,0.0,2.0,1.0,0.0,0.0,0.0,0.0,1.0,8.0,2.0,1.0,0.0,0.0,0.0,0.0,0.0,0.0,0.0,0.0,0.0,0.0,6.0,1.0,0.0,0.0,1.0,2.0,0.0,0.0,85.0909090909091,168.0,0.0,936.0,72.73301113724709,0.0,0.0,0.0,0.0,0.0,238.36363636363637,640.0,9.0,2622.0,188.72852075257342,11.181818181818182,19.0,1.0,123.0,5.582440000898923,1.4545454545454546,4.0,0.0,16.0,1.2135597524338357,2.0,2.0,2.0,22.0,0.0,707.0,1193.0,60.0,7777.0,346.4511509578226,966.0909090909091,4590.0,0.0,10627.0,1432.2000875956862,4627.0,12620.0,0.0,50897.0,4793.98919481469,6.0,11.0,1.0,66.0,3.3166247903554,28.181818181818183,33.0,25.0,310.0,2.136266922375658
170.0,0.0,0.0,0.0,0.0,0.0,0.0,0.0,0.0,0.0,0.0,0.0,0.0,0.0,0.0,0.0,0.0,0.0,0.0,0.0,0.0,1.0,0.0,0.0,0.0,0.0,0.0,1.0,0.0,0.0,0.0,0.0,0.0,0.0,0.0,0.0,0.0,0.0,0.0,0.0,0.0,0.0,9.0,0.0,0.0,0.0,0.0,2.0,0.0,0.0,0.0,0.0,0.0,0.0,0.0,0.0,0.0,0.0,0.0,0.0,3.0,0.0,0.0,0.0,0.0,0.0,1.0,0.0,0.0,0.0,0.0,1.0,2.0,0.0,0.0,4.0,0.0,0.0,0.0,0.0,0.0,0.0,9.0,2.0,0.0,0.0,0.0,0.0,0.0,0.0,0.0,0.0,0.0,9.0,0.0,0.0,0.0,0.0,0.0,0.0,2.0,0.0,0.0,30.90909090909091,170.0,0.0,340.0,49.18832086065664,0.0,0.0,0.0,0.0,0.0,220.63636363636363,635.0,27.0,2427.0,204.52250376292224,13.181818181818182,22.0,2.0,145.0,6.321679868803574,2.4545454545454546,6.0,0.0,27.0,2.841254524453463,1.0,1.0,1.0,11.0,0.0,825.0909090909091,1344.0,154.0,9076.0,377.01683106870826,287.6363636363636,777.0,0.0,3164.0,275.3086532338832,1288.1818181818182,3164.0,0.0,14170.0,1162.3514802487084,6.0,11.0,1.0,66.0,3.3166247903554,30.363636363636363,35.0,28.0,334.0,2.292279532375022
85.0,0.0,0.0,0.0,0.0,0.0,0.0,0.0,0.0,0.0,0.0,0.0,0.0,0.0,0.0,0.0,0.0,0.0,0.0,0.0,0.0,0.0,0.0,0.0,0.0,1.0,0.0,1.0,0.0,0.0,0.0,0.0,1.0,0.0,0.0,0.0,0.0,0.0,0.0,0.0,0.0,0.0,0.0,0.0,7.0,0.0,0.0,3.0,0.0,0.0,0.0,0.0,0.0,0.0,0.0,0.0,0.0,0.0,0.0,0.0,0.0,0.0,0.0,0.0,0.0,0.0,0.0,0.0,0.0,0.0,0.0,3.0,3.0,0.0,0.0,4.0,0.0,0.0,1.0,0.0,0.0,0.0,10.0,1.0,0.0,0.0,0.0,0.0,0.0,0.0,0.0,0.0,0.0,0.0,0.0,7.0,1.0,0.0,0.0,0.0,3.0,0.0,0.0,18.90909090909091,85.0,0.0,208.0,24.969799940946846,0.0,0.0,0.0,0.0,0.0,270.0,619.0,5.0,2970.0,242.5114430289837,10.727272727272727,21.0,0.0,118.0,6.117040282537121,2.8181818181818183,4.0,1.0,31.0,1.1677484162422844,1.0,1.0,1.0,11.0,0.0,663.1818181818181,1265.0,0.0,7295.0,363.283310429152,375.3636363636364,897.0,0.0,4129.0,274.23576452653754,2321.3636363636365,4129.0,0.0,25535.0,1490.5904382309227,6.0,11.0,1.0,66.0,3.3166247903554,19.818181818181817,22.0,16.0,218.0,1.990888335300694
108.0,0.0,1.0,0.0,0.0,0.0,0.0,0.0,0.0,0.0,0.0,0.0,0.0,0.0,0.0,0.0,0.0,0.0,0.0,0.0,0.0,0.0,0.0,0.0,0.0,0.0,0.0,1.0,1.0,0.0,0.0,2.0,2.0,0.0,1.0,0.0,0.0,0.0,0.0,0.0,0.0,0.0,0.0,0.0,0.0,3.0,0.0,2.0,0.0,0.0,0.0,0.0,0.0,0.0,2.0,4.0,0.0,0.0,0.0,0.0,0.0,0.0,0.0,0.0,0.0,0.0,0.0,1.0,0.0,0.0,0.0,0.0,3.0,0.0,0.0,0.0,1.0,0.0,0.0,0.0,0.0,0.0,10.0,1.0,2.0,0.0,0.0,0.0,0.0,0.0,0.0,0.0,0.0,0.0,0.0,0.0,2.0,3.0,0.0,1.0,3.0,0.0,0.0,49.09090909090909,108.0,0.0,540.0,48.919228418801836,0.0,0.0,0.0,0.0,0.0,104.36363636363636,241.0,1.0,1148.0,74.01793394478493,13.727272727272727,22.0,1.0,151.0,5.728715546977509,4.363636363636363,6.0,1.0,48.0,1.7477257950106062,1.0,1.0,1.0,11.0,0.0,846.3636363636364,1323.0,60.0,9310.0,343.14057548686156,1492.6363636363637,9651.0,0.0,16419.0,2897.3096235206644,4638.090909090909,16419.0,0.0,51019.0,5597.113281943568,6.0,11.0,1.0,66.0,3.3166247903554,23.727272727272727,32.0,20.0,261.0,3.926599268856171
151.0,0.0,0.0,0.0,0.0,0.0,0.0,0.0,0.0,0.0,0.0,0.0,0.0,0.0,0.0,0.0,0.0,0.0,0.0,0.0,0.0,1.0,0.0,0.0,0.0,0.0,0.0,1.0,0.0,0.0,0.0,0.0,0.0,0.0,0.0,0.0,0.0,0.0,0.0,0.0,0.0,0.0,7.0,0.0,0.0,0.0,0.0,4.0,0.0,0.0,0.0,0.0,0.0,0.0,0.0,0.0,0.0,0.0,0.0,0.0,1.0,0.0,0.0,0.0,0.0,0.0,0.0,0.0,0.0,0.0,0.0,2.0,3.0,0.0,0.0,2.0,0.0,0.0,0.0,3.0,0.0,0.0,10.0,1.0,0.0,0.0,0.0,0.0,0.0,0.0,0.0,0.0,0.0,7.0,0.0,0.0,0.0,0.0,0.0,0.0,4.0,0.0,0.0,27.454545454545453,151.0,0.0,302.0,44.509243166703335,0.0,0.0,0.0,0.0,0.0,353.6363636363636,701.0,28.0,3890.0,264.06259588486694,10.727272727272727,22.0,1.0,118.0,6.0181543531370005,4.909090909090909,6.0,3.0,54.0,1.1361818036340356,1.0,1.0,1.0,11.0,0.0,679.6363636363636,1320.0,75.0,7476.0,360.12588708041324,379.72727272727275,1990.0,0.0,4177.0,570.4331846779412,2353.7272727272725,4177.0,0.0,25891.0,1561.6142347525583,6.0,11.0,1.0,66.0,3.3166247903554,29.09090909090909,31.0,28.0,320.0,0.8312094145936334
30.0,0.0,1.0,0.0,0.0,0.0,0.0,0.0,0.0,0.0,0.0,0.0,0.0,0.0,0.0,0.0,0.0,0.0,0.0,0.0,0.0,0.0,0.0,0.0,0.0,0.0,0.0,1.0,0.0,3.0,0.0,0.0,1.0,0.0,0.0,0.0,0.0,0.0,0.0,0.0,0.0,0.0,0.0,0.0,0.0,5.0,0.0,2.0,0.0,0.0,0.0,0.0,0.0,0.0,4.0,1.0,0.0,0.0,0.0,0.0,0.0,0.0,2.0,0.0,0.0,0.0,0.0,0.0,0.0,0.0,0.0,1.0,0.0,0.0,0.0,0.0,0.0,0.0,3.0,0.0,0.0,0.0,8.0,3.0,0.0,0.0,3.0,0.0,0.0,0.0,0.0,0.0,0.0,0.0,0.0,0.0,1.0,5.0,0.0,0.0,2.0,0.0,0.0,9.272727272727273,30.0,0.0,102.0,11.507309929700417,0.0,0.0,0.0,0.0,0.0,135.0909090909091,481.0,40.0,1486.0,122.98817385867191,10.909090909090908,17.0,1.0,120.0,6.1879648585709575,0.8181818181818182,2.0,0.0,9.0,0.873862897505303,1.1818181818181819,2.0,1.0,13.0,0.40451991747794525,681.2727272727273,1068.0,75.0,7494.0,373.92194129499563,1153.3636363636363,7698.0,0.0,12687.0,2216.563839492437,4664.909090909091,12687.0,0.0,51314.0,5474.581343893712,6.0,11.0,1.0,66.0,3.3166247903554,33.54545454545455,35.0,32.0,369.0,1.2933395813657258
185.0,0.0,0.0,0.0,0.0,1.0,0.0,0.0,0.0,0.0,0.0,0.0,0.0,0.0,0.0,0.0,0.0,0.0,0.0,0.0,0.0,0.0,0.0,0.0,0.0,0.0,0.0,1.0,0.0,0.0,2.0,5.0,2.0,0.0,0.0,0.0,1.0,0.0,0.0,0.0,0.0,0.0,0.0,0.0,0.0,0.0,0.0,0.0,0.0,0.0,0.0,0.0,1.0,0.0,0.0,1.0,0.0,0.0,0.0,0.0,0.0,0.0,0.0,0.0,0.0,0.0,0.0,1.0,0.0,0.0,0.0,0.0,0.0,0.0,0.0,0.0,0.0,5.0,4.0,0.0,0.0,0.0,10.0,1.0,5.0,0.0,0.0,0.0,0.0,0.0,2.0,2.0,0.0,0.0,0.0,0.0,2.0,0.0,0.0,0.0,0.0,0.0,0.0,21.0,94.0,0.0,231.0,35.07135583350037,0.0,0.0,0.0,0.0,0.0,148.9090909090909,535.0,29.0,1638.0,155.35987547977408,10.636363636363637,23.0,1.0,117.0,9.13534594060594,4.090909090909091,6.0,0.0,45.0,2.0714509627092528,1.0,1.0,1.0,11.0,0.0,663.5454545454545,1414.0,75.0,7299.0,552.2395066701338,2195.3636363636365,14400.0,0.0,24149.0,4179.538210681349,14111.545454545454,24149.0,0.0,155227.0,9735.645457427425,6.0,11.0,1.0,66.0,3.3166247903554,30.454545454545453,35.0,21.0,335.0,5.520210799664018
24.0,0.0,1.0,0.0,0.0,0.0,0.0,0.0,0.0,0.0,0.0,0.0,0.0,0.0,0.0,0.0,0.0,0.0,0.0,0.0,0.0,0.0,0.0,0.0,0.0,0.0,0.0,1.0,2.0,1.0,0.0,0.0,2.0,0.0,1.0,0.0,0.0,0.0,0.0,0.0,0.0,0.0,0.0,0.0,0.0,3.0,0.0,0.0,0.0,0.0,2.0,0.0,0.0,0.0,2.0,2.0,0.0,0.0,0.0,0.0,0.0,0.0,4.0,0.0,0.0,0.0,0.0,0.0,0.0,0.0,0.0,1.0,0.0,0.0,0.0,0.0,1.0,0.0,1.0,0.0,0.0,0.0,9.0,2.0,0.0,0.0,1.0,0.0,0.0,0.0,0.0,0.0,0.0,0.0,0.0,0.0,2.0,3.0,0.0,1.0,4.0,0.0,0.0,13.090909090909092,24.0,0.0,144.0,11.878169433498964,0.0,0.0,0.0,0.0,0.0,145.45454545454547,417.0,25.0,1600.0,140.16230851149936,10.818181818181818,18.0,1.0,119.0,4.578606377887966,2.5454545454545454,6.0,0.0,28.0,2.5441555126853532,1.0,1.0,1.0,11.0,0.0,680.3636363636364,1080.0,60.0,7484.0,278.5850939039176,982.7272727272727,2941.0,0.0,10810.0,1193.2839637663023,4099.454545454545,10810.0,0.0,45094.0,3798.919777084964,6.0,11.0,1.0,66.0,3.3166247903554,32.45454545454545,34.0,29.0,357.0,1.4396969378057556
13.0,0.0,0.0,0.0,0.0,0.0,0.0,0.0,0.0,0.0,0.0,0.0,0.0,0.0,1.0,0.0,0.0,0.0,0.0,0.0,0.0,0.0,0.0,0.0,0.0,0.0,0.0,1.0,0.0,0.0,0.0,0.0,0.0,0.0,0.0,0.0,0.0,0.0,0.0,0.0,0.0,6.0,0.0,0.0,0.0,0.0,1.0,4.0,0.0,0.0,0.0,0.0,0.0,0.0,0.0,0.0,0.0,0.0,5.0,4.0,0.0,0.0,0.0,0.0,0.0,0.0,0.0,0.0,0.0,0.0,0.0,0.0,0.0,2.0,0.0,0.0,0.0,0.0,0.0,0.0,0.0,0.0,2.0,9.0,0.0,6.0,0.0,0.0,0.0,0.0,0.0,0.0,0.0,0.0,0.0,0.0,0.0,0.0,1.0,0.0,4.0,0.0,0.0,0.45454545454545453,3.0,0.0,5.0,0.9341987329938275,0.0,0.0,0.0,0.0,0.0,236.63636363636363,633.0,1.0,2603.0,204.17456880193123,13.818181818181818,23.0,0.0,152.0,6.600275476344632,1.3636363636363635,3.0,0.0,15.0,1.2862913567871996,1.0,1.0,1.0,11.0,0.0,849.5454545454545,1410.0,3.0,9345.0,396.39787174917166,1278.909090909091,6853.0,0.0,14068.0,2075.388467470389,8375.727272727272,14068.0,0.0,92133.0,6037.416154132645,6.0,11.0,1.0,66.0,3.3166247903554,33.0,37.0,31.0,363.0,1.8439088914585775
320.0,0.0,0.0,0.0,0.0,0.0,0.0,0.0,0.0,0.0,0.0,0.0,1.0,0.0,0.0,0.0,0.0,0.0,0.0,0.0,0.0,0.0,0.0,0.0,0.0,0.0,0.0,1.0,0.0,0.0,0.0,0.0,0.0,0.0,0.0,0.0,0.0,0.0,0.0,0.0,0.0,0.0,9.0,0.0,0.0,0.0,0.0,2.0,0.0,0.0,0.0,0.0,0.0,0.0,0.0,0.0,0.0,0.0,0.0,0.0,4.0,0.0,0.0,0.0,0.0,0.0,0.0,0.0,0.0,0.0,0.0,2.0,2.0,0.0,0.0,3.0,0.0,0.0,0.0,0.0,0.0,0.0,8.0,3.0,0.0,0.0,0.0,0.0,0.0,0.0,0.0,0.0,0.0,9.0,0.0,0.0,0.0,0.0,0.0,0.0,2.0,0.0,0.0,26.636363636363637,94.0,0.0,293.0,32.592246707684104,0.0,0.0,0.0,0.0,0.0,307.90909090909093,660.0,9.0,3387.0,255.86772150681864,10.454545454545455,18.0,6.0,115.0,4.546727094595329,1.0,2.0,0.0,11.0,0.7745966692414834,1.0,1.0,1.0,11.0,0.0,643.0909090909091,1083.0,392.0,7074.0,263.02640724666963,322.09090909090907,900.0,0.0,3543.0,345.3703677345393,1663.090909090909,3543.0,0.0,18294.0,1108.19442829726,6.0,11.0,1.0,66.0,3.3166247903554,13.636363636363637,21.0,2.0,150.0,5.696889103233927
16.0,0.0,1.0,0.0,0.0,0.0,0.0,0.0,0.0,0.0,0.0,0.0,0.0,0.0,0.0,0.0,0.0,0.0,0.0,0.0,0.0,0.0,0.0,0.0,0.0,0.0,0.0,1.0,2.0,0.0,0.0,1.0,1.0,0.0,0.0,0.0,0.0,0.0,0.0,0.0,0.0,0.0,0.0,0.0,4.0,0.0,0.0,2.0,0.0,0.0,0.0,0.0,1.0,0.0,0.0,2.0,0.0,0.0,0.0,0.0,0.0,0.0,0.0,0.0,0.0,0.0,1.0,0.0,0.0,0.0,0.0,1.0,5.0,0.0,0.0,2.0,0.0,0.0,0.0,0.0,0.0,0.0,8.0,3.0,1.0,0.0,0.0,0.0,0.0,0.0,0.0,0.0,0.0,0.0,0.0,4.0,1.0,0.0,0.0,0.0,5.0,0.0,0.0,8.727272727272727,16.0,0.0,96.0,7.695335068610192,0.0,0.0,0.0,0.0,0.0,140.45454545454547,462.0,3.0,1545.0,145.78639417748397,11.727272727272727,18.0,2.0,129.0,4.562694578665311,3.090909090909091,6.0,0.0,34.0,2.5477262590217755,1.0,1.0,1.0,11.0,0.0,731.0909090909091,1082.0,157.0,8042.0,266.47268323242986,1607.0,8716.0,0.0,17677.0,2515.735598189921,7140.363636363636,17677.0,0.0,78544.0,7334.773347182955,6.0,11.0,1.0,66.0,3.3166247903554,31.09090909090909,35.0,28.0,342.0,2.427119504867671
163.0,0.0,0.0,0.0,1.0,0.0,0.0,0.0,0.0,0.0,0.0,0.0,0.0,0.0,0.0,0.0,0.0,0.0,0.0,0.0,0.0,0.0,0.0,0.0,0.0,0.0,0.0,1.0,0.0,2.0,0.0,0.0,1.0,0.0,1.0,0.0,0.0,0.0,0.0,0.0,0.0,0.0,0.0,0.0,6.0,0.0,0.0,1.0,0.0,0.0,0.0,0.0,0.0,0.0,0.0,1.0,0.0,0.0,0.0,0.0,0.0,0.0,0.0,0.0,0.0,0.0,2.0,0.0,1.0,0.0,0.0,2.0,1.0,0.0,0.0,2.0,0.0,0.0,2.0,0.0,0.0,0.0,9.0,2.0,0.0,0.0,2.0,0.0,0.0,0.0,0.0,0.0,0.0,0.0,0.0,6.0,1.0,0.0,0.0,1.0,1.0,0.0,0.0,29.545454545454547,52.0,0.0,325.0,22.83577735205717,0.0,0.0,0.0,0.0,0.0,227.0,651.0,1.0,2497.0,224.84172210690795,11.909090909090908,19.0,1.0,131.0,6.847693705979341,1.4545454545454546,3.0,0.0,16.0,1.2933395813657265,2.0,2.0,2.0,22.0,0.0,736.2727272727273,1194.0,60.0,8099.0,418.9162424421118,752.7272727272727,4650.0,0.0,8280.0,1320.1861301278007,4112.636363636364,8280.0,0.0,45239.0,3482.8193255673564,6.0,11.0,1.0,66.0,3.3166247903554,32.72727272727273,34.0,32.0,360.0,0.9045340337332916
5.0,0.0,0.0,0.0,0.0,1.0,0.0,0.0,0.0,0.0,0.0,0.0,0.0,0.0,0.0,0.0,0.0,0.0,0.0,0.0,0.0,0.0,0.0,0.0,0.0,0.0,0.0,1.0,0.0,0.0,0.0,2.0,1.0,0.0,0.0,0.0,0.0,0.0,0.0,0.0,0.0,0.0,0.0,0.0,0.0,0.0,6.0,2.0,0.0,0.0,0.0,0.0,0.0,0.0,0.0,1.0,0.0,4.0,0.0,1.0,0.0,0.0,0.0,0.0,0.0,0.0,0.0,0.0,0.0,1.0,1.0,0.0,0.0,2.0,0.0,0.0,0.0,0.0,1.0,0.0,0.0,1.0,6.0,4.0,2.0,0.0,0.0,0.0,0.0,0.0,0.0,0.0,0.0,0.0,0.0,0.0,1.0,0.0,6.0,0.0,2.0,0.0,0.0,2.272727272727273,5.0,0.0,25.0,2.2843339988236875,0.0,0.0,0.0,0.0,0.0,231.63636363636363,935.0,8.0,2548.0,291.00765375751644,9.363636363636363,18.0,1.0,103.0,5.835627254592728,2.3636363636363638,6.0,0.0,26.0,2.062654952856986,1.1818181818181819,2.0,1.0,13.0,0.40451991747794525,589.0,1084.0,75.0,6479.0,346.2845650617422,3349.181818181818,26392.0,0.0,36841.0,7760.67820255655,8755.636363636364,36841.0,0.0,96312.0,13341.313670495325,6.0,11.0,1.0,66.0,3.3166247903554,34.0,36.0,32.0,374.0,1.4832396974191349
24.0,0.0,0.0,0.0,0.0,0.0,0.0,0.0,0.0,0.0,0.0,0.0,0.0,0.0,0.0,0.0,1.0,0.0,0.0,0.0,0.0,0.0,0.0,0.0,0.0,0.0,0.0,1.0,0.0,2.0,0.0,2.0,1.0,0.0,0.0,0.0,2.0,0.0,0.0,0.0,0.0,0.0,0.0,0.0,0.0,0.0,3.0,1.0,0.0,0.0,0.0,0.0,0.0,0.0,0.0,3.0,0.0,2.0,0.0,0.0,0.0,0.0,0.0,0.0,0.0,0.0,0.0,2.0,0.0,1.0,0.0,0.0,0.0,1.0,0.0,0.0,0.0,0.0,2.0,0.0,0.0,0.0,9.0,2.0,2.0,0.0,2.0,0.0,0.0,0.0,2.0,0.0,0.0,0.0,0.0,0.0,1.0,0.0,3.0,0.0,1.0,0.0,0.0,11.090909090909092,24.0,0.0,122.0,9.90408547473764,0.0,0.0,0.0,0.0,0.0,136.8181818181818,344.0,23.0,1505.0,104.99315995036837,10.636363636363637,17.0,1.0,117.0,6.376091706880121,2.0,6.0,0.0,22.0,2.04939015319192,1.0,1.0,1.0,11.0,0.0,675.6363636363636,1066.0,75.0,7432.0,385.32383075207605,343.54545454545456,1396.0,0.0,3779.0,429.31279124581494,2209.909090909091,3779.0,0.0,24309.0,1370.0357991341289,6.0,11.0,1.0,66.0,3.3166247903554,28.272727272727273,31.0,24.0,311.0,2.0045403009622484
64.0,0.0,1.0,0.0,0.0,0.0,0.0,0.0,0.0,0.0,0.0,0.0,0.0,0.0,0.0,0.0,0.0,0.0,0.0,0.0,0.0,0.0,0.0,0.0,0.0,0.0,0.0,1.0,0.0,1.0,0.0,1.0,0.0,0.0,0.0,0.0,1.0,0.0,1.0,0.0,0.0,0.0,0.0,0.0,0.0,5.0,0.0,2.0,0.0,0.0,0.0,0.0,0.0,0.0,4.0,2.0,0.0,0.0,0.0,0.0,0.0,0.0,2.0,0.0,0.0,1.0,0.0,0.0,0.0,0.0,0.0,0.0,0.0,0.0,0.0,0.0,0.0,1.0,0.0,1.0,0.0,0.0,7.0,4.0,1.0,0.0,1.0,0.0,0.0,0.0,1.0,1.0,0.0,0.0,0.0,0.0,0.0,5.0,0.0,0.0,2.0,0.0,0.0,22.90909090909091,63.0,0.0,252.0,28.17606979496802,0.0,0.0,0.0,0.0,0.0,186.54545454545453,506.0,44.0,2052.0,159.0040022366504,13.0,22.0,0.0,143.0,6.04979338490167,2.6363636363636362,6.0,0.0,29.0,2.248231628312673,1.0,1.0,1.0,11.0,0.0,808.5454545454545,1335.0,53.0,8894.0,352.021693546396,708.0,3198.0,0.0,7788.0,910.0506579306451,3961.7272727272725,7788.0,0.0,43579.0,2854.968619474095,6.0,11.0,1.0,66.0,3.3166247903554,30.181818181818183,36.0,28.0,332.0,2.1825756260978375
32.0,0.0,0.0,1.0,0.0,0.0,0.0,0.0,0.0,0.0,0.0,0.0,0.0,0.0,0.0,0.0,0.0,0.0,0.0,0.0,0.0,0.0,0.0,0.0,0.0,0.0,0.0,1.0,5.0,0.0,0.0,0.0,1.0,5.0,0.0,0.0,0.0,0.0,0.0,0.0,0.0,0.0,0.0,0.0,0.0,0.0,0.0,0.0,0.0,0.0,0.0,0.0,0.0,0.0,0.0,1.0,0.0,0.0,0.0,5.0,0.0,0.0,0.0,5.0,0.0,0.0,0.0,0.0,0.0,0.0,0.0,0.0,0.0,0.0,0.0,0.0,0.0,0.0,0.0,0.0,0.0,0.0,9.0,2.0,0.0,0.0,0.0,0.0,0.0,5.0,0.0,0.0,0.0,0.0,0.0,0.0,1.0,0.0,0.0,0.0,5.0,0.0,0.0,8.727272727272727,32.0,0.0,96.0,12.697172197705354,0.0,0.0,0.0,0.0,0.0,290.3636363636364,670.0,19.0,3194.0,214.887073937579,13.0,18.0,8.0,143.0,3.7416573867739413,2.090909090909091,6.0,0.0,23.0,1.7580981459830651,1.0,1.0,1.0,11.0,0.0,809.6363636363636,1080.0,520.0,8906.0,215.73793024281693,899.0909090909091,3179.0,0.0,9890.0,966.838399583452,6002.363636363636,9890.0,0.0,66026.0,3786.6268438473644,6.0,11.0,1.0,66.0,3.3166247903554,24.363636363636363,29.0,17.0,268.0,4.653444472059966
5.0,0.0,0.0,0.0,0.0,1.0,0.0,0.0,0.0,0.0,0.0,0.0,0.0,0.0,0.0,0.0,0.0,0.0,0.0,0.0,0.0,0.0,0.0,0.0,0.0,0.0,0.0,1.0,2.0,0.0,0.0,1.0,1.0,0.0,0.0,0.0,0.0,0.0,0.0,0.0,0.0,0.0,0.0,3.0,0.0,0.0,0.0,2.0,0.0,0.0,0.0,0.0,2.0,0.0,0.0,1.0,0.0,0.0,0.0,4.0,0.0,0.0,0.0,0.0,0.0,0.0,1.0,0.0,0.0,0.0,0.0,0.0,0.0,0.0,0.0,0.0,0.0,0.0,1.0,2.0,2.0,0.0,9.0,2.0,1.0,0.0,0.0,0.0,0.0,0.0,0.0,0.0,0.0,0.0,3.0,0.0,1.0,0.0,0.0,0.0,4.0,0.0,2.0,2.272727272727273,5.0,0.0,25.0,2.4531982835029496,0.0,0.0,0.0,0.0,0.0,107.36363636363636,278.0,12.0,1181.0,80.07655428060417,13.090909090909092,23.0,8.0,144.0,4.414850970407619,1.6363636363636365,6.0,0.0,18.0,2.2033033051637387,1.4545454545454546,2.0,1.0,16.0,0.5222329678670935,814.2727272727273,1409.0,501.0,8957.0,261.96186398370696,5749.454545454545,50357.0,0.0,63244.0,14954.127372492429,28377.454545454544,63244.0,0.0,312152.0,30780.96141241737,6.0,11.0,1.0,66.0,3.3166247903554,27.818181818181817,30.0,25.0,306.0,1.7215215257545757
12.0,0.0,1.0,0.0,0.0,0.0,0.0,0.0,0.0,0.0,0.0,0.0,0.0,0.0,0.0,0.0,0.0,0.0,0.0,0.0,0.0,0.0,0.0,0.0,0.0,0.0,0.0,1.0,2.0,0.0,0.0,1.0,1.0,0.0,1.0,0.0,0.0,0.0,0.0,0.0,0.0,0.0,0.0,0.0,4.0,0.0,0.0,2.0,0.0,0.0,0.0,0.0,0.0,0.0,0.0,2.0,0.0,0.0,0.0,0.0,0.0,0.0,0.0,0.0,0.0,0.0,0.0,0.0,0.0,1.0,0.0,0.0,4.0,0.0,0.0,3.0,1.0,0.0,0.0,0.0,0.0,0.0,9.0,2.0,1.0,0.0,0.0,0.0,0.0,0.0,0.0,0.0,0.0,0.0,0.0,4.0,1.0,0.0,0.0,1.0,4.0,0.0,0.0,6.545454545454546,12.0,0.0,72.0,5.939084716749482,0.0,0.0,0.0,0.0,0.0,87.0909090909091,413.0,1.0,958.0,120.03370738709567,8.909090909090908,15.0,1.0,98.0,3.727050991187146,2.6363636363636362,6.0,0.0,29.0,1.8040358795061298,1.0,1.0,1.0,11.0,0.0,561.0,920.0,60.0,6171.0,235.09444910503524,751.1818181818181,2545.0,0.0,8263.0,868.1765739965366,3396.7272727272725,8263.0,0.0,37364.0,2801.213169000499,6.0,11.0,1.0,66.0,3.3166247903554,32.54545454545455,34.0,29.0,358.0,1.2933395813657267
100.0,0.0,0.0,0.0,0.0,0.0,0.0,0.0,0.0,0.0,0.0,0.0,0.0,0.0,0.0,0.0,0.0,0.0,0.0,0.0,0.0,0.0,0.0,0.0,1.0,0.0,0.0,1.0,0.0,0.0,0.0,0.0,0.0,0.0,0.0,0.0,0.0,0.0,0.0,0.0,0.0,0.0,0.0,0.0,0.0,0.0,0.0,0.0,9.0,0.0,2.0,0.0,0.0,0.0,3.0,0.0,0.0,0.0,0.0,0.0,0.0,3.0,2.0,0.0,0.0,0.0,0.0,0.0,0.0,0.0,0.0,0.0,0.0,0.0,0.0,2.0,0.0,0.0,0.0,1.0,0.0,0.0,9.0,2.0,0.0,0.0,0.0,0.0,3.0,0.0,0.0,0.0,0.0,0.0,0.0,0.0,0.0,6.0,0.0,0.0,2.0,0.0,0.0,36.36363636363637,100.0,0.0,400.0,37.51072573884096,0.0,0.0,0.0,0.0,0.0,206.8181818181818,621.0,4.0,2275.0,196.80590345912807,12.818181818181818,18.0,2.0,141.0,5.653639214137772,1.1818181818181819,2.0,0.0,13.0,0.6030226891555273,1.0,1.0,1.0,11.0,0.0,801.7272727272727,1125.0,124.0,8819.0,347.47606850230443,250.8181818181818,706.0,0.0,2759.0,240.99909467955194,1432.5454545454545,2759.0,0.0,15758.0,865.8250820617712,6.0,11.0,1.0,66.0,3.3166247903554,33.72727272727273,36.0,31.0,371.0,2.1019471492361075
150.0,0.0,0.0,0.0,0.0,1.0,0.0,0.0,0.0,0.0,0.0,0.0,0.0,0.0,0.0,0.0,0.0,0.0,0.0,0.0,0.0,0.0,0.0,0.0,0.0,0.0,0.0,1.0,0.0,0.0,0.0,0.0,0.0,0.0,0.0,0.0,0.0,0.0,0.0,0.0,0.0,0.0,0.0,11.0,0.0,0.0,0.0,0.0,0.0,0.0,0.0,0.0,0.0,0.0,0.0,0.0,0.0,0.0,0.0,0.0,0.0,0.0,0.0,0.0,0.0,0.0,3.0,0.0,0.0,0.0,0.0,3.0,0.0,0.0,1.0,3.0,0.0,0.0,0.0,1.0,0.0,0.0,9.0,2.0,0.0,0.0,0.0,0.0,0.0,0.0,0.0,0.0,0.0,0.0,11.0,0.0,0.0,0.0,0.0,0.0,0.0,0.0,0.0,21.545454545454547,75.0,0.0,237.0,21.514477155458067,0.0,0.0,0.0,0.0,0.0,350.1818181818182,735.0,95.0,3852.0,209.7206800398178,11.454545454545455,22.0,1.0,126.0,6.728501116350303,3.5454545454545454,6.0,2.0,39.0,1.5724907862137931,1.0,1.0,1.0,11.0,0.0,711.2727272727273,1320.0,75.0,7824.0,397.81782034219907,503.3636363636364,2002.0,0.0,5537.0,585.7131162484366,2354.7272727272725,5537.0,0.0,25902.0,2101.5087480621673,6.0,11.0,1.0,66.0,3.3166247903554,29.272727272727273,30.0,28.0,322.0,0.9045340337332916
50.0,0.0,1.0,0.0,0.0,0.0,0.0,0.0,0.0,0.0,0.0,0.0,0.0,0.0,0.0,0.0,0.0,0.0,0.0,0.0,0.0,0.0,0.0,0.0,0.0,0.0,0.0,1.0,0.0,0.0,0.0,0.0,1.0,0.0,0.0,0.0,0.0,0.0,0.0,0.0,0.0,0.0,0.0,0.0,7.0,0.0,0.0,3.0,0.0,0.0,0.0,0.0,0.0,0.0,0.0,1.0,0.0,0.0,0.0,0.0,0.0,0.0,0.0,0.0,0.0,0.0,0.0,0.0,0.0,0.0,0.0,4.0,3.0,0.0,0.0,3.0,0.0,0.0,0.0,0.0,0.0,0.0,8.0,3.0,0.0,0.0,0.0,0.0,0.0,0.0,0.0,0.0,0.0,0.0,0.0,7.0,1.0,0.0,0.0,0.0,3.0,0.0,0.0,13.636363636363637,50.0,0.0,150.0,21.067855739361455,0.0,0.0,0.0,0.0,0.0,150.36363636363637,619.0,15.0,1654.0,176.93404009815225,8.545454545454545,15.0,0.0,94.0,5.027198750072178,1.7272727272727273,4.0,0.0,19.0,1.2720777563426766,1.0,1.0,1.0,11.0,0.0,539.8181818181819,959.0,0.0,5938.0,302.36065160064004,1761.8181818181818,14578.0,0.0,19380.0,4275.621798479885,5252.545454545455,19380.0,0.0,57778.0,7123.268973773718,6.0,11.0,1.0,66.0,3.3166247903554,33.36363636363637,36.0,28.0,367.0,2.8730724763822906
325.0,0.0,0.0,0.0,0.0,0.0,0.0,0.0,0.0,0.0,1.0,0.0,0.0,0.0,0.0,0.0,0.0,0.0,0.0,0.0,0.0,0.0,0.0,0.0,0.0,0.0,0.0,1.0,0.0,0.0,0.0,0.0,0.0,0.0,0.0,0.0,0.0,0.0,0.0,0.0,0.0,11.0,0.0,0.0,0.0,0.0,0.0,0.0,0.0,0.0,0.0,0.0,0.0,0.0,0.0,0.0,0.0,1.0,4.0,0.0,0.0,0.0,0.0,0.0,0.0,0.0,0.0,0.0,0.0,0.0,0.0,0.0,0.0,3.0,0.0,3.0,0.0,0.0,0.0,0.0,0.0,0.0,8.0,3.0,0.0,11.0,0.0,0.0,0.0,0.0,0.0,0.0,0.0,0.0,0.0,0.0,0.0,0.0,0.0,0.0,0.0,0.0,0.0,9.090909090909092,26.0,0.0,100.0,9.751456767627547,0.0,0.0,0.0,0.0,0.0,252.54545454545453,621.0,16.0,2778.0,215.2860253877913,13.454545454545455,23.0,6.0,148.0,6.653775414960086,2.272727272727273,4.0,1.0,25.0,1.1037127426019047,1.0,1.0,1.0,11.0,0.0,838.2727272727273,1422.0,390.0,9221.0,397.4901485342979,361.90909090909093,895.0,0.0,3981.0,309.41055397172687,1771.0,3981.0,0.0,19481.0,1434.0573907623084,6.0,11.0,1.0,66.0,3.3166247903554,35.27272727272727,37.0,32.0,388.0,1.5550504230351565
13.0,0.0,0.0,0.0,0.0,0.0,0.0,0.0,0.0,0.0,0.0,0.0,0.0,0.0,0.0,0.0,0.0,0.0,0.0,1.0,0.0,0.0,0.0,0.0,0.0,0.0,0.0,1.0,0.0,0.0,0.0,3.0,1.0,0.0,0.0,0.0,0.0,0.0,0.0,0.0,0.0,0.0,0.0,6.0,0.0,0.0,0.0,1.0,0.0,0.0,0.0,0.0,0.0,0.0,0.0,1.0,0.0,0.0,0.0,1.0,0.0,0.0,0.0,0.0,0.0,0.0,4.0,0.0,0.0,0.0,0.0,2.0,0.0,0.0,0.0,0.0,0.0,0.0,3.0,0.0,0.0,0.0,8.0,3.0,3.0,0.0,0.0,0.0,0.0,0.0,0.0,0.0,0.0,0.0,6.0,0.0,1.0,0.0,0.0,0.0,1.0,0.0,0.0,5.909090909090909,13.0,0.0,65.0,5.2048928030180495,0.0,0.0,0.0,0.0,0.0,157.8181818181818,517.0,5.0,1736.0,147.6779050378344,9.090909090909092,17.0,1.0,100.0,4.570657402486987,2.090909090909091,6.0,0.0,23.0,1.868397465987655,1.0,1.0,1.0,11.0,0.0,569.0909090909091,1029.0,75.0,6260.0,272.6405892545916,1427.090909090909,7288.0,0.0,15698.0,2214.248290257687,9510.363636363636,15698.0,0.0,104614.0,5647.891044854305,6.0,11.0,1.0,66.0,3.3166247903554,32.63636363636363,35.0,29.0,359.0,2.110579412044345
315.0,0.0,1.0,0.0,0.0,0.0,0.0,0.0,0.0,0.0,0.0,0.0,0.0,0.0,0.0,0.0,0.0,0.0,0.0,0.0,0.0,0.0,0.0,0.0,0.0,0.0,0.0,1.0,0.0,0.0,0.0,0.0,0.0,0.0,0.0,0.0,0.0,0.0,0.0,0.0,0.0,0.0,0.0,0.0,8.0,0.0,0.0,3.0,0.0,0.0,0.0,0.0,0.0,0.0,0.0,0.0,0.0,0.0,0.0,0.0,1.0,0.0,0.0,0.0,0.0,0.0,0.0,0.0,0.0,0.0,0.0,4.0,3.0,1.0,0.0,2.0,0.0,0.0,0.0,0.0,0.0,0.0,9.0,2.0,0.0,0.0,0.0,0.0,0.0,0.0,0.0,0.0,0.0,0.0,0.0,8.0,0.0,0.0,0.0,0.0,3.0,0.0,0.0,15.818181818181818,83.0,0.0,174.0,25.852729766189807,0.0,0.0,0.0,0.0,0.0,219.8181818181818,487.0,30.0,2418.0,182.51729681420235,13.727272727272727,21.0,6.0,151.0,5.423853041720601,3.5454545454545454,6.0,0.0,39.0,2.423371055519,1.0,1.0,1.0,11.0,0.0,847.5454545454545,1275.0,390.0,9323.0,321.3880407346744,1968.1818181818182,14924.0,0.0,21650.0,4377.342842825583,16559.363636363636,21650.0,0.0,182153.0,5943.156438673431,6.0,11.0,1.0,66.0,3.3166247903554,33.81818181818182,35.0,30.0,372.0,1.537412229571615
18.0,0.0,0.0,0.0,0.0,0.0,0.0,0.0,1.0,0.0,0.0,0.0,0.0,0.0,0.0,0.0,0.0,0.0,0.0,0.0,0.0,0.0,0.0,0.0,0.0,0.0,0.0,1.0,0.0,1.0,0.0,0.0,0.0,0.0,0.0,0.0,0.0,0.0,0.0,0.0,0.0,0.0,0.0,0.0,0.0,7.0,0.0,2.0,0.0,0.0,0.0,0.0,1.0,0.0,1.0,1.0,0.0,0.0,0.0,0.0,0.0,6.0,3.0,0.0,0.0,0.0,0.0,0.0,0.0,0.0,0.0,0.0,0.0,0.0,0.0,0.0,0.0,0.0,0.0,0.0,0.0,1.0,7.0,3.0,0.0,0.0,1.0,0.0,0.0,0.0,0.0,0.0,0.0,0.0,0.0,0.0,0.0,7.0,0.0,0.0,3.0,0.0,0.0,6.545454545454546,18.0,0.0,72.0,8.054360761272571,0.0,0.0,0.0,0.0,0.0,132.63636363636363,366.0,18.0,1459.0,111.54933682211897,11.727272727272727,17.0,7.0,129.0,3.068905638526838,1.9090909090909092,3.0,0.0,21.0,1.1361818036340359,1.0,1.0,1.0,11.0,0.0,722.2727272727273,1078.0,426.0,7945.0,192.3959931542707,1854.5454545454545,15993.0,0.0,20400.0,4724.264500716198,4644.090909090909,20400.0,0.0,51085.0,5386.574374396876,6.0,11.0,1.0,66.0,3.3166247903554,18.818181818181817,31.0,4.0,207.0,6.226045001735561
9.0,0.0,0.0,0.0,0.0,0.0,0.0,0.0,0.0,0.0,0.0,0.0,0.0,0.0,0.0,0.0,0.0,1.0,0.0,0.0,0.0,0.0,0.0,0.0,0.0,0.0,0.0,1.0,0.0,0.0,0.0,1.0,1.0,0.0,0.0,0.0,0.0,0.0,3.0,0.0,0.0,0.0,0.0,0.0,0.0,3.0,0.0,1.0,2.0,0.0,0.0,0.0,0.0,0.0,5.0,2.0,0.0,0.0,0.0,0.0,0.0,0.0,0.0,0.0,0.0,0.0,0.0,0.0,0.0,0.0,0.0,0.0,1.0,0.0,0.0,0.0,0.0,3.0,0.0,0.0,0.0,0.0,7.0,4.0,1.0,0.0,0.0,0.0,2.0,0.0,0.0,3.0,0.0,0.0,0.0,0.0,1.0,3.0,0.0,0.0,1.0,0.0,0.0,4.181818181818182,9.0,0.0,46.0,4.622081388685877,0.0,0.0,0.0,0.0,0.0,91.0909090909091,307.0,16.0,1002.0,86.63539062698862,10.818181818181818,15.0,7.0,119.0,2.8572077914699108,0.5454545454545454,3.0,0.0,6.0,1.0357254813546264,1.0,1.0,1.0,11.0,0.0,687.6363636363636,959.0,438.0,7564.0,183.9077337836953,1654.4545454545455,9818.0,0.0,18199.0,3206.887349553656,10463.181818181818,18199.0,0.0,115095.0,6950.971224486285,6.0,11.0,1.0,66.0,3.3166247903554,28.181818181818183,32.0,20.0,310.0,3.970344615223768
153.0,0.0,0.0,0.0,0.0,1.0,0.0,0.0,0.0,0.0,0.0,0.0,0.0,0.0,0.0,0.0,0.0,0.0,0.0,0.0,0.0,0.0,0.0,0.0,0.0,0.0,0.0,1.0,0.0,0.0,0.0,0.0,0.0,0.0,0.0,0.0,0.0,0.0,0.0,0.0,0.0,0.0,0.0,8.0,0.0,0.0,0.0,3.0,0.0,0.0,0.0,0.0,0.0,0.0,0.0,0.0,0.0,0.0,0.0,2.0,0.0,0.0,1.0,0.0,0.0,0.0,4.0,0.0,0.0,0.0,0.0,1.0,0.0,0.0,0.0,0.0,0.0,0.0,0.0,3.0,0.0,0.0,7.0,4.0,0.0,0.0,0.0,0.0,0.0,0.0,0.0,0.0,0.0,0.0,8.0,0.0,0.0,0.0,0.0,0.0,3.0,0.0,0.0,32.72727272727273,153.0,0.0,360.0,53.01149103560644,0.0,0.0,0.0,0.0,0.0,336.6363636363636,1080.0,35.0,3703.0,325.768099336713,12.636363636363637,20.0,6.0,139.0,5.084736517711164,3.1818181818181817,5.0,2.0,35.0,0.873862897505303,1.0,1.0,1.0,11.0,0.0,787.5454545454545,1250.0,401.0,8663.0,305.33337964800495,383.6363636363636,1101.0,0.0,4220.0,360.7254559155128,1969.3636363636363,4220.0,0.0,21663.0,1170.5753519297484,6.0,11.0,1.0,66.0,3.3166247903554,20.545454545454547,22.0,17.0,226.0,1.3684762594679063
350.0,0.0,0.0,0.0,0.0,0.0,0.0,0.0,0.0,0.0,0.0,0.0,0.0,0.0,0.0,0.0,0.0,0.0,0.0,0.0,1.0,0.0,0.0,0.0,0.0,0.0,0.0,1.0,0.0,0.0,0.0,0.0,0.0,0.0,0.0,0.0,0.0,0.0,0.0,0.0,0.0,0.0,9.0,0.0,0.0,0.0,0.0,2.0,0.0,0.0,0.0,0.0,0.0,0.0,0.0,0.0,0.0,0.0,0.0,0.0,2.0,0.0,0.0,0.0,0.0,0.0,0.0,0.0,0.0,0.0,0.0,2.0,2.0,1.0,0.0,3.0,0.0,0.0,0.0,1.0,0.0,0.0,9.0,2.0,0.0,0.0,0.0,0.0,0.0,0.0,0.0,0.0,0.0,9.0,0.0,0.0,0.0,0.0,0.0,0.0,2.0,0.0,0.0,14.818181818181818,33.0,0.0,163.0,13.826193849488599,0.0,0.0,0.0,0.0,0.0,425.90909090909093,1080.0,110.0,4685.0,329.3215615611752,11.272727272727273,23.0,1.0,124.0,6.420138769386673,4.818181818181818,6.0,3.0,53.0,1.0787197799411874,1.0,1.0,1.0,11.0,0.0,706.8181818181819,1410.0,74.0,7775.0,391.3213048587613,392.0,1088.0,0.0,4312.0,347.7611249119143,2247.0,4312.0,0.0,24717.0,1643.3015547975363,6.0,11.0,1.0,66.0,3.3166247903554,21.727272727272727,25.0,21.0,239.0,1.4206272622267317
12.0,0.0,1.0,0.0,0.0,0.0,0.0,0.0,0.0,0.0,0.0,0.0,0.0,0.0,0.0,0.0,0.0,0.0,0.0,0.0,0.0,0.0,0.0,0.0,0.0,0.0,0.0,1.0,0.0,0.0,0.0,1.0,0.0,0.0,0.0,0.0,0.0,0.0,0.0,0.0,0.0,0.0,0.0,0.0,0.0,6.0,0.0,4.0,0.0,0.0,0.0,0.0,0.0,0.0,6.0,1.0,0.0,0.0,0.0,0.0,0.0,0.0,4.0,0.0,0.0,0.0,0.0,0.0,0.0,0.0,0.0,0.0,0.0,0.0,0.0,0.0,0.0,0.0,0.0,0.0,0.0,0.0,7.0,4.0,1.0,0.0,0.0,0.0,0.0,0.0,0.0,0.0,0.0,0.0,0.0,0.0,0.0,6.0,0.0,0.0,4.0,0.0,0.0,5.454545454545454,12.0,0.0,60.0,5.3733348372055945,0.0,0.0,0.0,0.0,0.0,171.1818181818182,388.0,0.0,1883.0,117.90828485040241,13.909090909090908,17.0,8.0,153.0,2.8793938756115134,1.5454545454545454,3.0,0.0,17.0,0.8201995322647243,1.0,1.0,1.0,11.0,0.0,868.6363636363636,1074.0,520.0,9555.0,170.33101463167108,1930.3636363636363,17444.0,0.0,21234.0,5168.664610375242,3876.818181818182,21234.0,0.0,42645.0,5852.413481943699,6.0,11.0,1.0,66.0,3.3166247903554,29.90909090909091,32.0,28.0,329.0,1.1361818036340354
12.0,0.0,0.0,0.0,0.0,0.0,0.0,0.0,0.0,0.0,0.0,0.0,0.0,0.0,0.0,0.0,0.0,0.0,0.0,0.0,0.0,0.0,0.0,0.0,0.0,1.0,0.0,1.0,0.0,1.0,0.0,1.0,1.0,0.0,0.0,3.0,0.0,0.0,1.0,0.0,0.0,0.0,0.0,0.0,0.0,0.0,3.0,1.0,0.0,0.0,0.0,0.0,0.0,0.0,0.0,3.0,0.0,2.0,1.0,0.0,0.0,0.0,0.0,0.0,0.0,0.0,0.0,0.0,0.0,0.0,2.0,0.0,1.0,0.0,0.0,0.0,0.0,2.0,0.0,0.0,0.0,0.0,8.0,3.0,1.0,0.0,1.0,3.0,0.0,0.0,0.0,1.0,0.0,0.0,0.0,0.0,1.0,0.0,3.0,0.0,1.0,0.0,0.0,6.545454545454546,12.0,0.0,72.0,5.317210478505367,0.0,0.0,0.0,0.0,0.0,198.9090909090909,903.0,8.0,2188.0,260.4874102698457,14.181818181818182,23.0,7.0,156.0,5.344495894248247,1.4545454545454546,3.0,0.0,16.0,1.0357254813546264,1.5454545454545454,2.0,1.0,17.0,0.5222329678670934,874.5454545454545,1426.0,427.0,9620.0,323.77781382805205,2734.090909090909,19978.0,0.0,30075.0,5986.0729774125775,16645.0,30075.0,0.0,183095.0,14286.062886603853,6.0,11.0,1.0,66.0,3.3166247903554,34.63636363636363,36.0,33.0,381.0,1.120064933182654
3.0,0.0,0.0,0.0,0.0,0.0,0.0,0.0,0.0,0.0,0.0,0.0,0.0,0.0,0.0,0.0,0.0,0.0,0.0,0.0,0.0,0.0,0.0,0.0,0.0,1.0,0.0,1.0,1.0,1.0,0.0,1.0,1.0,0.0,0.0,0.0,0.0,0.0,1.0,1.0,0.0,0.0,0.0,0.0,0.0,3.0,0.0,2.0,0.0,0.0,0.0,0.0,0.0,0.0,0.0,1.0,0.0,0.0,0.0,0.0,0.0,3.0,4.0,0.0,0.0,0.0,0.0,0.0,0.0,0.0,0.0,0.0,0.0,0.0,0.0,0.0,0.0,3.0,0.0,0.0,0.0,1.0,9.0,1.0,1.0,0.0,1.0,0.0,0.0,0.0,0.0,1.0,0.0,0.0,0.0,0.0,1.0,3.0,0.0,0.0,4.0,0.0,0.0,1.9090909090909092,3.0,0.0,21.0,1.3751033019046572,0.0,0.0,0.0,0.0,0.0,114.18181818181819,342.0,40.0,1256.0,88.28569327112766,12.090909090909092,16.0,8.0,133.0,2.3432688900143517,1.1818181818181819,2.0,0.0,13.0,0.6030226891555273,1.0,1.0,1.0,11.0,0.0,751.9090909090909,1003.0,520.0,8271.0,139.13838761855376,240.54545454545453,1142.0,0.0,2646.0,404.4261029252102,1450.7272727272727,2646.0,0.0,15958.0,822.6057489355507,6.0,11.0,1.0,66.0,3.3166247903554,16.272727272727273,19.0,9.0,179.0,2.760105399832011
3.0,0.0,0.0,0.0,0.0,1.0,0.0,0.0,0.0,0.0,0.0,0.0,0.0,0.0,0.0,0.0,0.0,0.0,0.0,0.0,0.0,0.0,0.0,0.0,0.0,0.0,0.0,1.0,0.0,0.0,0.0,2.0,0.0,1.0,1.0,0.0,0.0,0.0,6.0,0.0,0.0,0.0,0.0,0.0,0.0,0.0,0.0,1.0,0.0,0.0,0.0,0.0,0.0,0.0,0.0,0.0,0.0,0.0,0.0,0.0,0.0,0.0,0.0,1.0,0.0,0.0,0.0,0.0,1.0,1.0,8.0,0.0,0.0,0.0,0.0,0.0,0.0,0.0,0.0,0.0,0.0,0.0,9.0,2.0,2.0,0.0,0.0,0.0,0.0,1.0,0.0,6.0,0.0,0.0,0.0,0.0,0.0,0.0,0.0,1.0,1.0,0.0,0.0,1.7272727272727273,3.0,0.0,19.0,1.4206272622267315,0.0,0.0,0.0,0.0,0.0,169.63636363636363,510.0,10.0,1866.0,175.54673037528937,11.545454545454545,23.0,1.0,127.0,7.062062536732968,3.090909090909091,6.0,0.0,34.0,2.586679162731453,1.0,1.0,1.0,11.0,0.0,716.6363636363636,1425.0,60.0,7883.0,434.86624903003747,878.7272727272727,3819.0,0.0,9666.0,1369.2884349843237,6040.272727272727,9666.0,0.0,66443.0,3435.137408922941,6.0,11.0,1.0,66.0,3.3166247903554,21.181818181818183,30.0,8.0,233.0,5.635923736499311
12.0,0.0,1.0,0.0,0.0,0.0,0.0,0.0,0.0,0.0,0.0,0.0,0.0,0.0,0.0,0.0,0.0,0.0,0.0,0.0,0.0,0.0,0.0,0.0,0.0,0.0,0.0,1.0,0.0,0.0,0.0,1.0,0.0,0.0,0.0,0.0,0.0,0.0,2.0,0.0,0.0,0.0,0.0,0.0,0.0,7.0,0.0,1.0,0.0,0.0,0.0,0.0,0.0,0.0,7.0,0.0,0.0,0.0,0.0,0.0,0.0,0.0,0.0,0.0,0.0,0.0,0.0,0.0,0.0,0.0,0.0,0.0,1.0,0.0,0.0,0.0,0.0,3.0,0.0,0.0,0.0,0.0,6.0,5.0,1.0,0.0,0.0,0.0,0.0,0.0,0.0,2.0,0.0,0.0,0.0,0.0,0.0,7.0,0.0,0.0,1.0,0.0,0.0,5.454545454545454,12.0,0.0,60.0,6.088737740511352,0.0,0.0,0.0,0.0,0.0,115.0,270.0,1.0,1265.0,89.76524940086782,14.090909090909092,22.0,7.0,155.0,4.182213420057504,4.636363636363637,6.0,2.0,51.0,1.6292775867068985,1.0,1.0,1.0,11.0,0.0,867.4545454545455,1331.0,422.0,9542.0,257.81829401202845,547.2727272727273,2543.0,0.0,6020.0,780.1155159217243,3592.818181818182,6020.0,0.0,39521.0,2376.7480648222613,6.0,11.0,1.0,66.0,3.3166247903554,34.36363636363637,37.0,33.0,378.0,1.1200649331826524
250.0,0.0,1.0,0.0,0.0,0.0,0.0,0.0,0.0,0.0,0.0,0.0,0.0,0.0,0.0,0.0,0.0,0.0,0.0,0.0,0.0,0.0,0.0,0.0,0.0,0.0,0.0,1.0,0.0,0.0,0.0,0.0,0.0,0.0,0.0,0.0,0.0,0.0,0.0,0.0,0.0,0.0,0.0,0.0,8.0,0.0,0.0,3.0,0.0,0.0,0.0,0.0,0.0,0.0,1.0,0.0,0.0,0.0,0.0,0.0,2.0,0.0,0.0,0.0,0.0,0.0,1.0,0.0,0.0,0.0,0.0,0.0,3.0,0.0,0.0,3.0,0.0,0.0,0.0,1.0,0.0,2.0,5.0,4.0,0.0,0.0,0.0,0.0,0.0,0.0,0.0,0.0,0.0,0.0,0.0,8.0,0.0,0.0,0.0,0.0,3.0,0.0,0.0,2.272727272727273,16.0,0.0,25.0,4.713616638864664,0.0,0.0,0.0,0.0,0.0,273.8181818181818,629.0,13.0,3012.0,217.53428151986446,10.363636363636363,23.0,0.0,114.0,6.697353615760889,4.181818181818182,6.0,2.0,46.0,0.9816498172140428,2.0,2.0,2.0,22.0,0.0,655.3636363636364,1419.0,13.0,7209.0,410.5993844922987,1300.0,6777.0,0.0,14300.0,1997.653123042136,7876.363636363636,14300.0,0.0,86640.0,5616.830409986174,6.0,11.0,1.0,66.0,3.3166247903554,34.36363636363637,35.0,33.0,378.0,0.8090398349558907
20.0,0.0,0.0,0.0,0.0,0.0,0.0,0.0,0.0,0.0,0.0,0.0,0.0,0.0,0.0,0.0,1.0,0.0,0.0,0.0,0.0,0.0,0.0,0.0,0.0,0.0,0.0,1.0,0.0,0.0,0.0,2.0,1.0,0.0,0.0,2.0,0.0,0.0,0.0,0.0,0.0,5.0,0.0,0.0,0.0,0.0,0.0,1.0,0.0,0.0,0.0,0.0,0.0,0.0,0.0,3.0,0.0,2.0,2.0,0.0,0.0,0.0,1.0,0.0,0.0,0.0,0.0,0.0,0.0,0.0,0.0,0.0,0.0,0.0,0.0,0.0,0.0,2.0,0.0,1.0,0.0,0.0,7.0,4.0,2.0,5.0,0.0,2.0,0.0,0.0,0.0,0.0,0.0,0.0,0.0,0.0,1.0,0.0,0.0,0.0,1.0,0.0,0.0,7.2727272727272725,20.0,0.0,80.0,8.498128136135735,0.0,0.0,0.0,0.0,0.0,159.72727272727272,521.0,2.0,1757.0,171.00297711390343,12.818181818181818,23.0,6.0,141.0,5.095452518043551,2.5454545454545454,6.0,0.0,28.0,2.3817487845545915,1.4545454545454546,2.0,1.0,16.0,0.5222329678670935,805.9090909090909,1425.0,404.0,8865.0,313.86540253600896,376.6363636363636,2874.0,0.0,4143.0,836.2528651941676,2099.2727272727275,4143.0,0.0,23092.0,1840.1457056933882,6.0,11.0,1.0,66.0,3.3166247903554,31.545454545454547,33.0,30.0,347.0,1.1281521496355327
36.0,0.0,1.0,0.0,0.0,0.0,0.0,0.0,0.0,0.0,0.0,0.0,0.0,0.0,0.0,0.0,0.0,0.0,0.0,0.0,0.0,0.0,0.0,0.0,0.0,0.0,0.0,1.0,0.0,1.0,0.0,0.0,0.0,0.0,0.0,0.0,0.0,1.0,0.0,0.0,0.0,0.0,0.0,0.0,0.0,7.0,0.0,1.0,0.0,1.0,0.0,0.0,0.0,1.0,4.0,1.0,0.0,0.0,0.0,0.0,0.0,0.0,0.0,0.0,0.0,0.0,0.0,0.0,0.0,0.0,0.0,0.0,1.0,1.0,0.0,1.0,0.0,0.0,0.0,1.0,1.0,0.0,8.0,3.0,0.0,0.0,1.0,0.0,0.0,0.0,0.0,0.0,1.0,0.0,0.0,0.0,0.0,7.0,1.0,0.0,1.0,0.0,0.0,14.818181818181818,36.0,0.0,163.0,13.739127933156325,0.0,0.0,0.0,0.0,0.0,318.27272727272725,660.0,1.0,3501.0,226.67204984695,11.636363636363637,18.0,3.0,128.0,5.608435205522611,1.7272727272727273,6.0,0.0,19.0,1.9540168418367887,1.5454545454545454,2.0,1.0,17.0,0.5222329678670934,725.2727272727273,1082.0,228.0,7978.0,333.34039386461734,1651.0,8478.0,0.0,18161.0,2567.9627333744543,4186.272727272727,18161.0,0.0,46049.0,5451.403839212595,6.0,11.0,1.0,66.0,3.3166247903554,32.09090909090909,35.0,29.0,353.0,1.8683974659876545
53.0,0.0,0.0,0.0,0.0,1.0,0.0,0.0,0.0,0.0,0.0,0.0,0.0,0.0,0.0,0.0,0.0,0.0,0.0,0.0,0.0,0.0,0.0,0.0,0.0,0.0,0.0,1.0,0.0,0.0,0.0,0.0,0.0,0.0,0.0,0.0,0.0,0.0,0.0,0.0,0.0,0.0,8.0,3.0,0.0,0.0,0.0,0.0,0.0,0.0,0.0,0.0,0.0,0.0,2.0,0.0,0.0,0.0,0.0,0.0,2.0,0.0,0.0,0.0,0.0,0.0,2.0,0.0,0.0,0.0,0.0,0.0,0.0,0.0,0.0,0.0,0.0,0.0,0.0,5.0,0.0,0.0,7.0,4.0,0.0,0.0,0.0,0.0,0.0,0.0,0.0,0.0,0.0,8.0,3.0,0.0,0.0,0.0,0.0,0.0,0.0,0.0,0.0,4.818181818181818,16.0,0.0,53.0,6.0797727230247975,0.0,0.0,0.0,0.0,0.0,180.27272727272728,425.0,41.0,1983.0,142.83913392980995,14.272727272727273,23.0,0.0,157.0,7.3497062402644255,2.6363636363636362,4.0,2.0,29.0,0.6741998624632421,2.0,2.0,2.0,22.0,0.0,883.1818181818181,1418.0,6.0,9715.0,448.73551635274384,174.9090909090909,426.0,0.0,1924.0,153.37891285666,837.5454545454545,1924.0,0.0,9213.0,651.4648668403175,6.0,11.0,1.0,66.0,3.3166247903554,33.0,35.0,32.0,363.0,1.0000000000000004
10.0,0.0,0.0,0.0,0.0,0.0,0.0,0.0,0.0,0.0,0.0,0.0,0.0,0.0,0.0,0.0,0.0,0.0,0.0,0.0,0.0,0.0,0.0,0.0,0.0,1.0,0.0,1.0,0.0,0.0,0.0,0.0,0.0,0.0,0.0,0.0,0.0,0.0,0.0,0.0,0.0,7.0,0.0,0.0,0.0,0.0,0.0,4.0,0.0,0.0,0.0,0.0,0.0,0.0,0.0,0.0,0.0,0.0,1.0,0.0,0.0,0.0,4.0,0.0,0.0,0.0,0.0,0.0,0.0,0.0,0.0,0.0,0.0,6.0,0.0,0.0,0.0,0.0,0.0,0.0,0.0,0.0,7.0,4.0,0.0,7.0,0.0,0.0,0.0,0.0,0.0,0.0,0.0,0.0,0.0,0.0,0.0,0.0,0.0,0.0,4.0,0.0,0.0,3.6363636363636362,10.0,0.0,40.0,4.342182107482994,0.0,0.0,0.0,0.0,0.0,173.36363636363637,463.0,23.0,1907.0,138.95054712182514,13.181818181818182,21.0,8.0,145.0,3.5445220218862183,1.3636363636363635,3.0,0.0,15.0,0.8090398349558905,2.0,2.0,2.0,22.0,0.0,813.2727272727273,1283.0,492.0,8946.0,216.57981942419795,366.09090909090907,1146.0,0.0,4027.0,423.98784287888606,1854.909090909091,4027.0,0.0,20404.0,1092.3964897916374,6.0,11.0,1.0,66.0,3.3166247903554,29.636363636363637,34.0,28.0,326.0,1.85864075456917
10.0,0.0,0.0,0.0,0.0,1.0,0.0,0.0,0.0,0.0,0.0,0.0,0.0,0.0,0.0,0.0,0.0,0.0,0.0,0.0,0.0,0.0,0.0,0.0,0.0,0.0,0.0,1.0,0.0,0.0,0.0,1.0,1.0,0.0,0.0,0.0,0.0,5.0,0.0,0.0,0.0,0.0,1.0,1.0,0.0,0.0,0.0,2.0,0.0,0.0,0.0,0.0,0.0,0.0,0.0,2.0,0.0,0.0,0.0,2.0,1.0,0.0,0.0,0.0,0.0,4.0,0.0,1.0,0.0,0.0,0.0,0.0,0.0,0.0,0.0,0.0,0.0,0.0,0.0,1.0,0.0,0.0,6.0,5.0,1.0,0.0,0.0,0.0,0.0,0.0,0.0,0.0,5.0,1.0,1.0,0.0,1.0,0.0,0.0,0.0,2.0,0.0,0.0,3.8181818181818183,10.0,0.0,42.0,4.600395239937147,0.0,0.0,0.0,0.0,0.0,137.0909090909091,635.0,20.0,1508.0,177.7174468337054,16.818181818181817,23.0,7.0,185.0,5.582440000898923,2.1818181818181817,6.0,0.0,24.0,2.482667187449088,1.5454545454545454,2.0,1.0,17.0,0.5222329678670934,1042.4545454545455,1426.0,460.0,11467.0,337.01168040184115,2126.090909090909,21912.0,0.0,23387.0,6564.018440780699,12792.545454545454,23387.0,0.0,140718.0,11866.202462149688,6.0,11.0,1.0,66.0,3.3166247903554,29.545454545454547,32.0,28.0,325.0,1.752919642404429
36.0,0.0,0.0,0.0,0.0,0.0,0.0,0.0,0.0,0.0,0.0,0.0,0.0,0.0,0.0,0.0,0.0,0.0,0.0,0.0,0.0,0.0,0.0,0.0,0.0,1.0,0.0,1.0,1.0,1.0,0.0,0.0,1.0,0.0,1.0,0.0,0.0,0.0,0.0,0.0,0.0,0.0,0.0,0.0,0.0,0.0,0.0,0.0,0.0,6.0,1.0,0.0,0.0,0.0,0.0,1.0,0.0,4.0,0.0,0.0,0.0,0.0,0.0,0.0,0.0,0.0,0.0,0.0,0.0,0.0,0.0,0.0,2.0,1.0,0.0,0.0,1.0,0.0,1.0,1.0,0.0,1.0,7.0,3.0,0.0,0.0,1.0,0.0,0.0,0.0,0.0,0.0,0.0,0.0,0.0,0.0,1.0,0.0,6.0,1.0,2.0,0.0,0.0,19.636363636363637,36.0,0.0,216.0,17.76666950935221,0.0,0.0,0.0,0.0,0.0,119.9090909090909,416.0,1.0,1319.0,142.9653486306766,12.727272727272727,23.0,1.0,140.0,7.058199615920608,1.1818181818181819,2.0,0.0,13.0,0.6030226891555273,1.5454545454545454,2.0,1.0,17.0,0.5222329678670934,796.7272727272727,1421.0,60.0,8764.0,431.3799000670038,1899.2727272727273,9262.0,0.0,20892.0,3371.1662104058023,6575.727272727273,20892.0,0.0,72333.0,8090.886269017865,6.0,11.0,1.0,66.0,3.3166247903554,32.09090909090909,34.0,29.0,353.0,1.3751033019046566
20.0,0.0,0.0,0.0,0.0,0.0,0.0,0.0,0.0,0.0,0.0,0.0,0.0,0.0,0.0,0.0,0.0,0.0,0.0,0.0,0.0,0.0,0.0,0.0,0.0,1.0,0.0,1.0,0.0,0.0,0.0,1.0,1.0,0.0,0.0,0.0,0.0,2.0,0.0,0.0,0.0,0.0,0.0,0.0,0.0,0.0,4.0,2.0,0.0,0.0,0.0,0.0,1.0,0.0,0.0,3.0,0.0,3.0,0.0,0.0,0.0,0.0,0.0,0.0,0.0,2.0,0.0,0.0,0.0,1.0,0.0,0.0,1.0,1.0,0.0,0.0,0.0,0.0,0.0,0.0,0.0,0.0,8.0,3.0,1.0,0.0,1.0,0.0,0.0,0.0,0.0,0.0,2.0,0.0,0.0,0.0,1.0,0.0,4.0,0.0,2.0,0.0,0.0,10.909090909090908,20.0,0.0,120.0,9.342960402940232,0.0,0.0,0.0,0.0,0.0,133.8181818181818,254.0,20.0,1472.0,89.68591659989676,10.545454545454545,15.0,0.0,116.0,4.058660773300384,2.3636363636363638,6.0,0.0,26.0,1.5666989036012804,1.3636363636363635,2.0,1.0,15.0,0.504524979109513,654.9090909090909,955.0,4.0,7204.0,249.39224308123718,1843.8181818181818,11646.0,0.0,20282.0,3384.4937233855762,7834.454545454545,20282.0,0.0,86179.0,9120.269221504772,6.0,11.0,1.0,66.0,3.3166247903554,33.09090909090909,35.0,32.0,364.0,0.9438798074485371
26.0,0.0,1.0,0.0,0.0,0.0,0.0,0.0,0.0,0.0,0.0,0.0,0.0,0.0,0.0,0.0,0.0,0.0,0.0,0.0,0.0,0.0,0.0,0.0,0.0,0.0,0.0,1.0,1.0,0.0,0.0,1.0,1.0,0.0,2.0,0.0,0.0,0.0,0.0,0.0,0.0,0.0,0.0,0.0,0.0,4.0,0.0,2.0,0.0,0.0,0.0,0.0,0.0,0.0,2.0,2.0,0.0,0.0,0.0,0.0,0.0,2.0,0.0,0.0,0.0,0.0,0.0,0.0,0.0,0.0,0.0,0.0,3.0,0.0,0.0,0.0,2.0,0.0,0.0,0.0,0.0,0.0,9.0,2.0,1.0,0.0,0.0,0.0,0.0,0.0,0.0,0.0,0.0,0.0,0.0,0.0,1.0,4.0,0.0,2.0,3.0,0.0,0.0,14.181818181818182,26.0,0.0,156.0,12.41626499248612,0.0,0.0,0.0,0.0,0.0,90.27272727272727,276.0,11.0,993.0,94.76506836286345,9.818181818181818,21.0,0.0,108.0,6.70549299929814,2.4545454545454546,6.0,0.0,27.0,1.8090680674665818,2.0,2.0,2.0,22.0,0.0,615.4545454545455,1263.0,29.0,6770.0,410.77520948478957,657.3636363636364,3261.0,0.0,7231.0,953.0554309931057,3466.4545454545455,7231.0,0.0,38131.0,2977.2041033035125,6.0,11.0,1.0,66.0,3.3166247903554,28.454545454545453,30.0,26.0,313.0,1.6348477827391978
198.0,0.0,0.0,0.0,0.0,0.0,1.0,0.0,0.0,0.0,0.0,0.0,0.0,0.0,0.0,0.0,0.0,0.0,0.0,0.0,0.0,0.0,0.0,0.0,0.0,0.0,0.0,1.0,0.0,0.0,0.0,0.0,0.0,0.0,0.0,0.0,0.0,0.0,0.0,0.0,10.0,0.0,0.0,0.0,0.0,0.0,0.0,1.0,0.0,0.0,0.0,0.0,0.0,0.0,0.0,0.0,0.0,0.0,3.0,0.0,0.0,0.0,0.0,0.0,0.0,0.0,0.0,0.0,0.0,0.0,0.0,0.0,1.0,5.0,0.0,0.0,0.0,0.0,0.0,2.0,0.0,0.0,9.0,2.0,0.0,10.0,0.0,0.0,0.0,0.0,0.0,0.0,0.0,0.0,0.0,0.0,0.0,0.0,0.0,0.0,1.0,0.0,0.0,10.545454545454545,21.0,0.0,116.0,7.567874686642695,0.0,0.0,0.0,0.0,0.0,385.27272727272725,666.0,9.0,4238.0,227.6778825046873,10.181818181818182,18.0,3.0,112.0,5.56449785368243,1.5454545454545454,6.0,0.0,17.0,1.8090680674665818,2.0,2.0,2.0,22.0,0.0,647.0,1080.0,195.0,7117.0,337.1421065366947,462.6363636363636,884.0,0.0,5089.0,298.6996058675916,2324.090909090909,5089.0,0.0,25565.0,1684.2986347168635,6.0,11.0,1.0,66.0,3.3166247903554,27.0,29.0,25.0,297.0,1.4142135623730945
10.0,0.0,1.0,0.0,0.0,0.0,0.0,0.0,0.0,0.0,0.0,0.0,0.0,0.0,0.0,0.0,0.0,0.0,0.0,0.0,0.0,0.0,0.0,0.0,0.0,0.0,0.0,1.0,2.0,0.0,0.0,1.0,1.0,0.0,1.0,0.0,0.0,0.0,0.0,0.0,0.0,0.0,0.0,0.0,5.0,0.0,0.0,1.0,0.0,0.0,0.0,0.0,0.0,0.0,0.0,2.0,0.0,0.0,0.0,0.0,0.0,0.0,3.0,0.0,0.0,0.0,2.0,0.0,0.0,0.0,0.0,1.0,0.0,0.0,0.0,2.0,1.0,0.0,0.0,0.0,0.0,0.0,7.0,4.0,1.0,0.0,0.0,0.0,0.0,0.0,0.0,0.0,0.0,0.0,0.0,5.0,1.0,0.0,0.0,1.0,3.0,0.0,0.0,5.454545454545454,10.0,0.0,60.0,5.047051344372006,0.0,0.0,0.0,0.0,0.0,127.0909090909091,387.0,0.0,1398.0,118.35747086302118,11.363636363636363,22.0,1.0,125.0,7.3928712591621295,2.3636363636363638,6.0,1.0,26.0,1.5015143870590963,1.6363636363636365,2.0,1.0,18.0,0.504524979109513,705.6363636363636,1360.0,60.0,7762.0,453.55314412475917,653.1818181818181,3762.0,0.0,7185.0,1089.2458692308012,4557.909090909091,7185.0,0.0,50137.0,1802.006129542597,6.0,11.0,1.0,66.0,3.3166247903554,32.45454545454545,34.0,31.0,357.0,0.8201995322647251
70.0,0.0,0.0,0.0,1.0,0.0,0.0,0.0,0.0,0.0,0.0,0.0,0.0,0.0,0.0,0.0,0.0,0.0,0.0,0.0,0.0,0.0,0.0,0.0,0.0,0.0,0.0,1.0,0.0,0.0,0.0,0.0,1.0,0.0,0.0,0.0,0.0,0.0,0.0,0.0,8.0,0.0,0.0,0.0,0.0,0.0,0.0,2.0,0.0,0.0,0.0,0.0,0.0,0.0,0.0,0.0,0.0,2.0,3.0,0.0,0.0,0.0,2.0,0.0,0.0,0.0,0.0,0.0,0.0,0.0,0.0,0.0,0.0,3.0,0.0,0.0,0.0,0.0,1.0,0.0,0.0,0.0,9.0,2.0,0.0,8.0,0.0,0.0,0.0,0.0,0.0,0.0,0.0,0.0,0.0,0.0,1.0,0.0,0.0,0.0,2.0,0.0,0.0,16.363636363636363,60.0,0.0,180.0,22.254315209741808,0.0,0.0,0.0,0.0,0.0,245.1818181818182,562.0,29.0,2697.0,205.20907298743796,12.090909090909092,22.0,6.0,133.0,5.87289614167568,4.363636363636363,6.0,0.0,48.0,1.9116865471476894,2.0,2.0,2.0,22.0,0.0,764.7272727272727,1364.0,397.0,8412.0,354.40741835043207,1400.909090909091,9346.0,0.0,15410.0,2739.035978388946,4409.454545454545,15410.0,0.0,48504.0,5359.121389997364,6.0,11.0,1.0,66.0,3.3166247903554,33.81818181818182,37.0,27.0,372.0,3.2192602199319587
40.0,0.0,0.0,0.0,0.0,0.0,0.0,0.0,0.0,0.0,0.0,0.0,0.0,0.0,0.0,0.0,0.0,0.0,0.0,0.0,0.0,0.0,0.0,1.0,0.0,0.0,0.0,1.0,0.0,0.0,0.0,0.0,0.0,0.0,0.0,0.0,0.0,0.0,0.0,0.0,0.0,0.0,0.0,0.0,0.0,0.0,9.0,2.0,0.0,0.0,0.0,0.0,0.0,0.0,0.0,0.0,0.0,7.0,0.0,0.0,0.0,0.0,2.0,0.0,0.0,0.0,0.0,0.0,0.0,0.0,0.0,0.0,0.0,1.0,0.0,0.0,0.0,0.0,0.0,1.0,0.0,1.0,5.0,5.0,0.0,0.0,0.0,0.0,0.0,0.0,0.0,0.0,0.0,0.0,0.0,0.0,0.0,0.0,9.0,0.0,2.0,0.0,0.0,4.454545454545454,27.0,0.0,49.0,8.079153871088684,0.0,0.0,0.0,0.0,0.0,174.45454545454547,571.0,60.0,1919.0,150.10553862956797,11.818181818181818,17.0,6.0,130.0,3.8423477671387793,4.636363636363637,6.0,3.0,51.0,1.3618169680781096,2.0,2.0,2.0,22.0,0.0,741.7272727272727,1050.0,406.0,8159.0,219.3992210146111,388.09090909090907,2581.0,0.0,4269.0,761.0396119185195,2133.090909090909,4269.0,0.0,23464.0,1870.4436080537394,6.0,11.0,1.0,66.0,3.3166247903554,28.272727272727273,30.0,27.0,311.0,1.1908743922772957
150.0,0.0,0.0,0.0,0.0,1.0,0.0,0.0,0.0,0.0,0.0,0.0,0.0,0.0,0.0,0.0,0.0,0.0,0.0,0.0,0.0,0.0,0.0,0.0,0.0,0.0,0.0,1.0,0.0,0.0,0.0,0.0,0.0,0.0,0.0,0.0,0.0,0.0,0.0,0.0,0.0,0.0,5.0,5.0,0.0,0.0,0.0,1.0,0.0,0.0,0.0,0.0,0.0,0.0,0.0,0.0,0.0,0.0,0.0,1.0,2.0,0.0,0.0,0.0,0.0,0.0,2.0,0.0,0.0,0.0,0.0,1.0,0.0,1.0,0.0,0.0,0.0,0.0,0.0,4.0,0.0,0.0,9.0,2.0,0.0,0.0,0.0,0.0,0.0,0.0,0.0,0.0,0.0,5.0,5.0,0.0,0.0,0.0,0.0,0.0,1.0,0.0,0.0,21.727272727272727,50.0,0.0,239.0,18.655245423692012,0.0,0.0,0.0,0.0,0.0,332.45454545454544,541.0,100.0,3657.0,155.4325343268671,13.272727272727273,23.0,3.0,146.0,7.616966707172995,4.181818181818182,6.0,0.0,46.0,1.8340219092574561,2.0,2.0,2.0,22.0,0.0,832.5454545454545,1433.0,221.0,9158.0,466.0429945050915,418.90909090909093,2048.0,0.0,4608.0,572.5494659058647,2077.7272727272725,4608.0,0.0,22855.0,1849.4352160002304,6.0,11.0,1.0,66.0,3.3166247903554,33.45454545454545,35.0,32.0,368.0,1.1281521496355318
73.0,0.0,0.0,0.0,1.0,0.0,0.0,0.0,0.0,0.0,0.0,0.0,0.0,0.0,0.0,0.0,0.0,0.0,0.0,0.0,0.0,0.0,0.0,0.0,0.0,0.0,0.0,1.0,0.0,1.0,0.0,0.0,0.0,0.0,0.0,0.0,0.0,0.0,0.0,0.0,0.0,0.0,0.0,0.0,0.0,8.0,0.0,2.0,0.0,0.0,0.0,0.0,0.0,0.0,5.0,0.0,0.0,0.0,0.0,0.0,0.0,3.0,0.0,0.0,0.0,0.0,0.0,0.0,0.0,0.0,0.0,0.0,2.0,0.0,0.0,0.0,0.0,0.0,1.0,0.0,0.0,0.0,6.0,5.0,0.0,0.0,1.0,0.0,0.0,0.0,0.0,0.0,0.0,0.0,0.0,0.0,0.0,8.0,0.0,0.0,2.0,0.0,0.0,6.636363636363637,33.0,0.0,73.0,12.068742496819851,0.0,0.0,0.0,0.0,0.0,231.9090909090909,663.0,16.0,2551.0,206.6167730584594,8.545454545454545,18.0,0.0,94.0,6.578200914591107,1.6363636363636365,3.0,0.0,18.0,1.0269106361049412,2.0,2.0,2.0,22.0,0.0,544.3636363636364,1132.0,37.0,5988.0,396.6729818697696,364.09090909090907,1987.0,0.0,4005.0,569.5211066405625,2510.7272727272725,4005.0,0.0,27618.0,1397.5270366550403,6.0,11.0,1.0,66.0,3.3166247903554,34.0,35.0,33.0,374.0,0.8944271909999197
10.0,0.0,1.0,0.0,0.0,0.0,0.0,0.0,0.0,0.0,0.0,0.0,0.0,0.0,0.0,0.0,0.0,0.0,0.0,0.0,0.0,0.0,0.0,0.0,0.0,0.0,0.0,1.0,0.0,0.0,0.0,1.0,1.0,0.0,0.0,2.0,0.0,0.0,0.0,0.0,0.0,0.0,0.0,0.0,0.0,6.0,0.0,1.0,0.0,0.0,0.0,0.0,0.0,0.0,4.0,1.0,0.0,0.0,0.0,0.0,0.0,2.0,0.0,0.0,0.0,0.0,0.0,0.0,0.0,1.0,0.0,0.0,0.0,0.0,0.0,0.0,0.0,2.0,1.0,0.0,0.0,0.0,6.0,5.0,1.0,0.0,0.0,2.0,0.0,0.0,0.0,0.0,0.0,0.0,0.0,0.0,1.0,6.0,0.0,0.0,1.0,0.0,0.0,4.545454545454546,10.0,0.0,50.0,5.222329678670935,0.0,0.0,0.0,0.0,0.0,129.72727272727272,259.0,1.0,1427.0,90.40253415595264,11.181818181818182,19.0,0.0,123.0,4.8128615566663004,3.727272727272727,6.0,3.0,41.0,0.9045340337332909,2.0,2.0,2.0,22.0,0.0,701.1818181818181,1178.0,0.0,7713.0,296.37166469884335,1975.4545454545455,15782.0,0.0,21730.0,4655.602804441898,8459.363636363636,21730.0,0.0,93053.0,9999.788460489825,6.0,11.0,1.0,66.0,3.3166247903554,32.0,35.0,27.0,352.0,2.966479394838267
230.0,0.0,0.0,0.0,0.0,1.0,0.0,0.0,0.0,0.0,0.0,0.0,0.0,0.0,0.0,0.0,0.0,0.0,0.0,0.0,0.0,0.0,0.0,0.0,0.0,0.0,0.0,1.0,0.0,0.0,0.0,0.0,0.0,0.0,0.0,0.0,0.0,0.0,0.0,0.0,0.0,0.0,0.0,11.0,0.0,0.0,0.0,0.0,0.0,0.0,0.0,0.0,0.0,0.0,0.0,0.0,0.0,0.0,0.0,0.0,1.0,0.0,0.0,0.0,0.0,0.0,4.0,0.0,0.0,0.0,0.0,2.0,0.0,1.0,0.0,2.0,0.0,0.0,0.0,1.0,0.0,0.0,8.0,3.0,0.0,0.0,0.0,0.0,0.0,0.0,0.0,0.0,0.0,0.0,11.0,0.0,0.0,0.0,0.0,0.0,0.0,0.0,0.0,18.545454545454547,65.0,0.0,204.0,23.5302513219202,0.0,0.0,0.0,0.0,0.0,190.54545454545453,531.0,2.0,2096.0,155.30573951812835,12.909090909090908,23.0,0.0,142.0,8.203103625513279,3.5454545454545454,6.0,2.0,39.0,1.2135597524338357,2.8181818181818183,3.0,2.0,31.0,0.4045199174779452,813.9090909090909,1424.0,57.0,8953.0,488.61875824520996,409.0,1514.0,0.0,4499.0,413.8656786929788,1721.3636363636363,4499.0,0.0,18935.0,1424.7359946830343,6.0,11.0,1.0,66.0,3.3166247903554,16.90909090909091,17.0,16.0,186.0,0.30151134457776346
15.0,0.0,0.0,0.0,0.0,0.0,0.0,0.0,0.0,0.0,0.0,0.0,0.0,0.0,0.0,0.0,0.0,0.0,1.0,0.0,0.0,0.0,0.0,0.0,0.0,0.0,0.0,1.0,0.0,1.0,0.0,0.0,1.0,0.0,0.0,0.0,0.0,0.0,1.0,0.0,0.0,0.0,0.0,0.0,0.0,6.0,0.0,2.0,0.0,0.0,0.0,0.0,0.0,0.0,1.0,2.0,0.0,0.0,0.0,0.0,0.0,5.0,0.0,0.0,0.0,0.0,0.0,0.0,0.0,0.0,1.0,0.0,2.0,0.0,0.0,0.0,0.0,0.0,0.0,0.0,0.0,0.0,8.0,3.0,0.0,0.0,1.0,0.0,0.0,0.0,0.0,1.0,0.0,0.0,0.0,0.0,1.0,6.0,0.0,0.0,2.0,0.0,0.0,7.0,15.0,0.0,77.0,6.971370023173351,0.0,0.0,0.0,0.0,0.0,115.45454545454545,364.0,1.0,1270.0,123.42638586328584,13.0,18.0,7.0,143.0,3.9749213828703582,4.2727272727272725,6.0,2.0,47.0,1.4893561757289016,2.090909090909091,3.0,2.0,23.0,0.30151134457776363,822.4545454545455,1124.0,459.0,9047.0,238.85952509220294,926.9090909090909,3918.0,0.0,10196.0,1337.13278731362,3479.909090909091,10196.0,0.0,38279.0,3353.0075590295187,6.0,11.0,1.0,66.0,3.3166247903554,23.181818181818183,26.0,17.0,255.0,2.8919952219248826
200.0,0.0,0.0,0.0,0.0,0.0,0.0,0.0,0.0,0.0,0.0,1.0,0.0,0.0,0.0,0.0,0.0,0.0,0.0,0.0,0.0,0.0,0.0,0.0,0.0,0.0,0.0,1.0,0.0,0.0,0.0,0.0,0.0,0.0,1.0,0.0,0.0,0.0,0.0,0.0,0.0,0.0,0.0,6.0,2.0,0.0,0.0,1.0,0.0,0.0,0.0,0.0,1.0,0.0,0.0,0.0,0.0,0.0,0.0,0.0,1.0,0.0,0.0,0.0,0.0,0.0,0.0,0.0,1.0,0.0,0.0,2.0,1.0,0.0,0.0,2.0,0.0,0.0,0.0,4.0,0.0,0.0,8.0,3.0,0.0,0.0,0.0,0.0,0.0,0.0,0.0,0.0,0.0,0.0,7.0,2.0,0.0,0.0,0.0,1.0,1.0,0.0,0.0,54.54545454545455,200.0,0.0,600.0,76.88870350885576,0.0,0.0,0.0,0.0,0.0,299.54545454545456,1054.0,54.0,3295.0,306.63279786623076,10.545454545454545,23.0,0.0,116.0,7.312504856253244,4.181818181818182,6.0,0.0,46.0,1.7786613965666327,2.0,2.0,2.0,22.0,0.0,666.6363636363636,1388.0,7.0,7333.0,441.5516442563141,442.90909090909093,1264.0,0.0,4872.0,339.5748678996885,2336.818181818182,4872.0,0.0,25705.0,1802.3525636335316,6.0,11.0,1.0,66.0,3.3166247903554,24.545454545454547,26.0,22.0,270.0,1.2135597524338355
200.0,0.0,0.0,0.0,0.0,0.0,0.0,0.0,0.0,0.0,0.0,1.0,0.0,0.0,0.0,0.0,0.0,0.0,0.0,0.0,0.0,0.0,0.0,0.0,0.0,0.0,0.0,1.0,0.0,0.0,0.0,0.0,0.0,0.0,0.0,0.0,0.0,0.0,0.0,0.0,0.0,0.0,0.0,0.0,11.0,0.0,0.0,0.0,0.0,0.0,0.0,0.0,0.0,0.0,0.0,0.0,0.0,0.0,0.0,0.0,1.0,0.0,0.0,0.0,0.0,0.0,0.0,0.0,0.0,0.0,0.0,2.0,0.0,0.0,2.0,3.0,0.0,0.0,0.0,3.0,0.0,0.0,8.0,3.0,0.0,0.0,0.0,0.0,0.0,0.0,0.0,0.0,0.0,0.0,0.0,11.0,0.0,0.0,0.0,0.0,0.0,0.0,0.0,18.181818181818183,59.0,0.0,200.0,23.340172157969107,0.0,0.0,0.0,0.0,0.0,458.1818181818182,912.0,16.0,5040.0,243.18956317318313,10.636363636363637,23.0,5.0,117.0,5.4272042023997455,3.4545454545454546,6.0,0.0,38.0,2.5045413298101655,2.0,2.0,2.0,22.0,0.0,677.3636363636364,1423.0,311.0,7451.0,331.73160016111603,523.7272727272727,2417.0,0.0,5761.0,710.1022589612135,3132.0,5761.0,0.0,34452.0,2086.5771972299517,6.0,11.0,1.0,66.0,3.3166247903554,24.363636363636363,26.0,23.0,268.0,1.0269106361049387
350.0,0.0,0.0,0.0,0.0,0.0,0.0,0.0,0.0,0.0,0.0,0.0,0.0,0.0,0.0,1.0,0.0,0.0,0.0,0.0,0.0,0.0,0.0,0.0,0.0,0.0,0.0,1.0,0.0,0.0,0.0,0.0,0.0,0.0,0.0,0.0,0.0,0.0,0.0,0.0,0.0,0.0,0.0,9.0,0.0,0.0,0.0,0.0,0.0,0.0,2.0,0.0,0.0,0.0,0.0,0.0,0.0,0.0,0.0,0.0,3.0,0.0,0.0,0.0,0.0,0.0,1.0,0.0,0.0,0.0,0.0,2.0,2.0,0.0,0.0,1.0,0.0,0.0,0.0,2.0,0.0,1.0,8.0,2.0,0.0,0.0,0.0,0.0,0.0,0.0,0.0,0.0,0.0,0.0,9.0,0.0,0.0,0.0,0.0,0.0,2.0,0.0,0.0,30.636363636363637,114.0,0.0,337.0,43.02853176038599,0.0,0.0,0.0,0.0,0.0,261.6363636363636,607.0,6.0,2878.0,206.34595839379688,13.181818181818182,23.0,6.0,145.0,6.400284084604086,2.0,3.0,1.0,22.0,0.7745966692414834,2.0,2.0,2.0,22.0,0.0,829.0,1421.0,390.0,9119.0,382.78375096129673,247.63636363636363,608.0,0.0,2724.0,215.962159985157,1307.0,2724.0,0.0,14377.0,944.5397821161373,6.0,11.0,1.0,66.0,3.3166247903554,26.09090909090909,28.0,24.0,287.0,1.3751033019046577
305.0,0.0,0.0,0.0,0.0,0.0,0.0,0.0,0.0,0.0,0.0,0.0,0.0,0.0,0.0,0.0,0.0,0.0,0.0,0.0,1.0,0.0,0.0,0.0,0.0,0.0,0.0,1.0,0.0,0.0,0.0,0.0,0.0,0.0,0.0,0.0,0.0,0.0,0.0,0.0,0.0,0.0,9.0,0.0,0.0,0.0,0.0,2.0,0.0,0.0,0.0,0.0,0.0,0.0,0.0,0.0,0.0,0.0,0.0,0.0,3.0,0.0,0.0,0.0,0.0,0.0,0.0,0.0,0.0,0.0,0.0,2.0,2.0,0.0,1.0,0.0,0.0,0.0,0.0,3.0,0.0,0.0,8.0,3.0,0.0,0.0,0.0,0.0,0.0,0.0,0.0,0.0,0.0,9.0,0.0,0.0,0.0,0.0,0.0,0.0,2.0,0.0,0.0,13.181818181818182,39.0,0.0,145.0,14.295581008256935,0.0,0.0,0.0,0.0,0.0,366.8181818181818,774.0,24.0,4035.0,289.957175521427,11.0,17.0,6.0,121.0,4.857983120596447,1.6363636363636365,3.0,0.0,18.0,0.9244162777371755,2.1818181818181817,3.0,2.0,24.0,0.4045199174779452,684.5454545454545,1067.0,377.0,7530.0,289.97012385291134,394.1818181818182,874.0,0.0,4336.0,350.6336601588097,2090.909090909091,4336.0,0.0,23000.0,1285.721778188847,6.0,11.0,1.0,66.0,3.3166247903554,19.727272727272727,23.0,16.0,217.0,2.831639422345619
20.0,0.0,0.0,0.0,0.0,0.0,0.0,0.0,0.0,0.0,0.0,0.0,0.0,0.0,0.0,0.0,0.0,0.0,0.0,0.0,0.0,0.0,0.0,0.0,0.0,1.0,0.0,1.0,2.0,0.0,0.0,2.0,1.0,0.0,0.0,0.0,0.0,0.0,2.0,0.0,0.0,0.0,0.0,0.0,0.0,0.0,0.0,0.0,0.0,3.0,1.0,0.0,0.0,0.0,0.0,3.0,0.0,2.0,0.0,0.0,0.0,0.0,1.0,0.0,0.0,0.0,0.0,0.0,0.0,0.0,0.0,0.0,2.0,1.0,0.0,0.0,0.0,2.0,0.0,0.0,0.0,0.0,8.0,3.0,2.0,0.0,0.0,0.0,0.0,0.0,0.0,2.0,0.0,0.0,0.0,0.0,1.0,0.0,3.0,0.0,3.0,0.0,0.0,10.909090909090908,20.0,0.0,120.0,10.261135857735686,0.0,0.0,0.0,0.0,0.0,86.0909090909091,208.0,1.0,947.0,68.38341106650726,12.909090909090908,21.0,7.0,142.0,4.392141743034836,1.8181818181818181,6.0,0.0,20.0,1.8877596148970779,1.7272727272727273,2.0,1.0,19.0,0.46709936649691375,794.5454545454545,1263.0,450.0,8740.0,263.9758942162574,2711.7272727272725,19080.0,0.0,29829.0,5609.876613454329,14366.454545454546,29829.0,0.0,158031.0,12945.391275381646,6.0,11.0,1.0,66.0,3.3166247903554,30.272727272727273,33.0,28.0,333.0,1.7939291563999453
