,Case ID,Actual,Prefix Length,Prediction,Prediction Probability,SHAP Subset Stability,SHAP Weight Stability,SHAP Adjusted Weight Stability,LIME Subset Stability,LIME Weight Stability,LIME Adjusted Weight Stability
0,Case101,0,1,0,0.9501565000000001,1.0,1.0,1.0,0.2281379835379328,0.43814235810093183,0.43814235810093183
1,Case102,1,1,1,0.9928575999999999,1.0,0.9999999999999998,0.9999999999999998,0.4529783133658709,0.5703324201185364,0.5703324201185364
2,Case103,1,1,1,0.9997969000000001,1.0,0.9999999999999998,0.9999999999999998,0.4084757834757833,0.5816364624616738,0.5816364624616738
3,Case105,0,1,1,0.9827674999999999,1.0,0.9999999999999998,0.9999999999999998,0.35164446540139105,0.7040439689583813,0.7040439689583813
4,Case106,0,1,1,0.54692817,1.0,0.9999999999999997,0.9999999999999997,0.366038405026093,0.6013420886297565,0.6013420886297565
5,Case107,0,1,0,0.98086524,1.0,0.9999999999999996,0.9999999999999996,0.39726948450277455,0.6753408153040636,0.6753408153040636
6,Case11,1,1,1,0.9903312,1.0,0.9999999999999997,0.9999999999999997,0.4210083232982065,0.3698016320782358,0.3698016320782358
7,Case110,1,1,1,0.9997646000000001,1.0,0.9999999999999993,0.9999999999999993,0.9081726354453628,0.5877328832471282,0.5877328832471282
8,Case111,1,1,1,0.9988343000000001,1.0,0.9999999999999999,0.9999999999999999,1.0,0.15336164391403184,0.15336164391403184
9,Case116,1,1,1,0.9996746999999999,1.0,0.9999999999999997,0.9999999999999997,1.0,0.5264418705388045,0.5264418705388045
10,Case117,0,1,0,0.9988577,1.0,0.9999999999999997,0.9999999999999997,0.27621035019199225,0.8057386638673284,0.8057386638673284
11,Case126,1,1,0,0.8781901,1.0,0.9999999999999996,0.9999999999999996,0.29960543269544126,0.5128038061098861,0.5128038061098861
12,Case138,1,1,0,0.8193777,1.0,0.9999999999999999,0.9999999999999999,0.2965846270021586,0.7429546787030858,0.7429546787030858
13,Case141,0,1,0,0.6279613000000001,1.0,0.9999999999999996,0.9999999999999996,0.22915428797781712,0.6123771731472317,0.6123771731472317
14,Case144,0,1,0,0.99965227,1.0,0.9999999999999998,0.9999999999999998,0.24665596575708926,0.4423891769977505,0.4423891769977505
15,Case155,0,1,0,0.9972519,1.0,0.9999999999999998,0.9999999999999998,0.40087145969498916,0.7496834652718101,0.7496834652718101
16,Case175,1,1,1,0.9869441999999999,1.0,0.9999999999999999,0.9999999999999999,0.2229687881861795,0.5667878663006851,0.5667878663006851
17,Case177,1,1,1,0.9999778,1.0,0.9999999999999999,0.9999999999999999,1.0,0.3962107472800047,0.3962107472800047
18,Case187,1,1,1,0.9711962,1.0,0.9999999999999999,0.9999999999999999,1.0,0.5830915616908016,0.5830915616908016
19,Case19,1,1,1,0.9922620999999999,1.0,0.9999999999999998,0.9999999999999998,0.4529091654958848,0.5549761841357062,0.5549761841357062
20,Case194,1,1,1,0.9990237,1.0,0.9999999999999998,0.9999999999999998,0.3370296284282336,0.7144026300595729,0.7144026300595729
21,Case195,0,1,0,0.99034745,1.0,0.9999999999999994,0.9999999999999994,0.2011189714070527,0.4303844693426545,0.4303844693426545
22,Case198,1,1,1,0.99995625,1.0,0.9999999999999994,0.9999999999999994,0.5550182662736958,0.7465996827794666,0.7465996827794666
23,Case203,0,1,0,0.99127674,1.0,0.9999999999999999,0.9999999999999999,0.37304189038579505,0.6240614127443186,0.6240614127443186
24,Case208,1,1,1,0.9757515,1.0,0.9999999999999998,0.9999999999999998,0.25991565335827627,0.5940159675324497,0.5940159675324497
25,Case215,0,1,0,0.9911545,1.0,0.9999999999999998,0.9999999999999998,0.3530616043178858,0.5432191565158486,0.5432191565158486
26,Case219,1,1,1,0.9573464,1.0,0.9999999999999998,0.9999999999999998,0.31703397612488515,0.6734692725380274,0.6734692725380274
27,Case227,0,1,0,0.9984582000000001,1.0,0.9999999999999996,0.9999999999999996,0.335111111111111,0.7635111856500041,0.7635111856500041
28,Case233,1,1,1,0.9876280999999999,1.0,0.9999999999999998,0.9999999999999998,0.32277955765895316,0.6519828733424222,0.6519828733424222
29,Case236,0,1,0,0.99676996,1.0,0.9999999999999999,0.9999999999999999,0.26607408168840063,0.7652506336037033,0.7652506336037033
30,Case237,1,1,1,0.95055866,1.0,0.9999999999999993,0.9999999999999993,1.0,-0.23661340131109299,-0.23661340131109299
31,Case239,0,1,0,0.9590955,1.0,0.9999999999999993,0.9999999999999993,0.3547877220734219,0.20753118069668985,0.20753118069668985
32,Case246,1,1,1,0.9893027,1.0,0.9999999999999998,0.9999999999999998,0.21558578797973105,0.49724583745174744,0.49724583745174744
33,Case253,1,1,1,0.99436605,1.0,0.9999999999999998,0.9999999999999998,0.4691144566740232,0.16262119242498452,0.16262119242498452
34,Case255,0,1,0,0.9637138000000001,1.0,0.9999999999999994,0.9999999999999994,0.1974858297323081,0.5934376439181086,0.5934376439181086
35,Case26,1,1,1,0.9816200999999999,1.0,0.9999999999999999,0.9999999999999999,0.2787681774575369,0.5582333880369978,0.5582333880369978
36,Case261,0,1,0,0.9945001,1.0,0.9999999999999996,0.9999999999999996,0.2194721560595425,0.6788896181603297,0.6788896181603297
37,Case265,0,1,0,0.9889384,1.0,0.9999999999999996,0.9999999999999996,0.38109366725851157,0.4328009390009927,0.4328009390009927
38,Case267,1,1,1,0.9928883,1.0,0.9999999999999993,0.9999999999999993,1.0,0.8045663025380977,0.8045663025380977
39,Case271,1,1,1,0.9779193000000002,1.0,0.9999999999999997,0.9999999999999997,1.0,0.36572540183339974,0.36572540183339974
40,Case40,0,1,0,0.9616115,1.0,0.9999999999999999,0.9999999999999999,0.24722862301563509,0.6388154713229033,0.6388154713229033
41,Case41,0,1,0,0.93131435,1.0,0.9999999999999994,0.9999999999999994,0.35634420427787883,0.7902943503618289,0.7902943503618289
42,Case43,0,1,0,0.9947405999999999,1.0,0.9999999999999994,0.9999999999999994,0.17919389978213485,0.6197592187499824,0.6197592187499824
43,Case45,1,1,1,0.7715558000000001,1.0,0.9999999999999998,0.9999999999999998,0.29898480660180127,0.049229113914331935,0.049229113914331935
44,Case60,0,1,0,0.9928959999999999,1.0,0.9999999999999997,0.9999999999999997,0.3312053503571971,0.7065628804399386,0.7065628804399386
45,Case62,0,1,0,0.9929425,1.0,0.9999999999999999,0.9999999999999999,0.30642833868640307,0.5160173358956832,0.5160173358956832
46,Case77,1,1,1,0.99182457,1.0,0.9999999999999998,0.9999999999999998,0.2562992562992562,0.589993679693755,0.589993679693755
47,Case79,0,1,0,0.98288816,1.0,0.9999999999999999,0.9999999999999999,0.2823129582923528,-2.7492144073803777,-2.7492144073803777
48,Case84,0,1,0,0.9707254999999999,1.0,0.9999999999999999,0.9999999999999999,0.3547877220734218,0.5276598168606802,0.5276598168606802
49,Case96,0,1,0,0.99989885,1.0,0.9999999999999998,0.9999999999999998,1.0,0.7011782206006074,0.7011782206006074
0,Case100_2,0,2,0,0.9994930000000001,1.0,0.9999999999999994,0.9999999999999994,0.41465838509316766,0.630367814221757,0.630367814221757
1,Case104_2,0,2,1,0.95323783,1.0,0.9999999999999997,0.9999999999999997,0.274007712565839,0.7665076073134679,0.7665076073134679
2,Case106_2,0,2,0,0.9720578000000001,1.0,0.9999999999999997,0.9999999999999997,0.23497074472004842,0.8373880705745819,0.8373880705745819
3,Case109_2,1,2,1,0.9997625,1.0,0.9999999999999998,0.9999999999999998,0.4447582929798941,0.5754411823109604,0.5754411823109604
4,Case111_2,1,2,1,0.9998004999999999,1.0,0.9999999999999993,0.9999999999999993,0.630840450425336,0.9073899182013248,0.9073899182013248
5,Case114_2,1,2,1,0.9997869,1.0,0.9999999999999998,0.9999999999999998,0.355005291005291,0.888494041287041,0.888494041287041
6,Case116_2,1,2,1,0.99991465,1.0,0.9999999999999997,0.9999999999999997,0.6789468513606444,0.8810830870273382,0.8810830870273382
7,Case117_2,0,2,0,0.9998415999999999,1.0,0.9999999999999999,0.9999999999999999,0.36790052484217484,-3.5758331139145803,-3.5758331139145803
8,Case11_2,1,2,1,0.99977964,1.0,0.9999999999999997,0.9999999999999997,0.3618925047496476,0.8551816852017888,0.8551816852017888
9,Case121_2,0,2,0,0.9997280000000001,1.0,0.9999999999999998,0.9999999999999998,0.3478096751172117,0.8789340923599596,0.8789340923599596
10,Case125_2,0,2,1,0.81809515,1.0,0.9999999999999997,0.9999999999999997,0.322236593578057,0.8014841260022192,0.8014841260022192
11,Case129_2,0,2,0,0.99986166,1.0,0.9999999999999997,0.9999999999999997,0.3918487976212933,0.8511826227745602,0.8511826227745602
12,Case12_2,0,2,0,0.9999509,1.0,0.9999999999999996,0.9999999999999996,0.21329642968298423,0.44205226772474193,0.44205226772474193
13,Case133_2,0,2,1,0.9998746999999999,1.0,0.9999999999999996,0.9999999999999996,0.3987294645096563,0.8694123298224845,0.8694123298224845
14,Case138_2,1,2,1,0.9984207,1.0,0.9999999999999998,0.9999999999999998,0.40847060082380415,0.8771928558037382,0.8771928558037382
15,Case146_2,0,2,0,0.99998766,1.0,0.9999999999999996,0.9999999999999996,0.2945117560502175,0.7059975985339015,0.7059975985339015
16,Case147_2,0,2,0,0.99986637,1.0,0.9999999999999999,0.9999999999999999,0.3484480380123759,0.891251713845041,0.891251713845041
17,Case155_2,0,2,0,0.99971086,1.0,0.9999999999999998,0.9999999999999998,0.2930150743927602,0.5458881149273211,0.5458881149273211
18,Case156_2,1,2,1,0.9999995,1.0,0.9999999999999997,0.9999999999999997,0.6240875532369081,0.7484592903360956,0.7484592903360956
19,Case163_2,1,2,1,0.99969125,1.0,0.9999999999999998,0.9999999999999998,0.6636572844751284,0.8232530718491671,0.8232530718491671
20,Case187_2,1,2,1,0.99999404,1.0,0.9999999999999997,0.9999999999999997,0.7088122605363985,0.7818785417902677,0.7818785417902677
21,Case209_2,0,2,0,0.99938333,1.0,0.9999999999999998,0.9999999999999998,0.5513047585311135,0.8067347281372481,0.8067347281372481
22,Case214_2,1,2,1,0.9997652,1.0,0.9999999999999998,0.9999999999999998,0.5569732411837675,0.6926872455494278,0.6926872455494278
23,Case225_2,1,2,1,0.9999645,1.0,0.9999999999999999,0.9999999999999999,0.5666387896297422,0.8169553065918586,0.8169553065918586
24,Case228_2,1,2,1,0.999129,1.0,0.9999999999999998,0.9999999999999998,0.28480234078799804,0.9067307405493372,0.9067307405493372
25,Case229_2,0,2,0,0.99991214,1.0,0.9999999999999997,0.9999999999999997,0.3349491227396769,0.805473689446218,0.805473689446218
26,Case230_2,1,2,1,0.99986196,1.0,0.9999999999999998,0.9999999999999998,0.39810060073793574,0.8635519111670822,0.8635519111670822
27,Case231_2,1,2,1,0.9999341,1.0,0.9999999999999997,0.9999999999999997,0.2223895922261956,0.7287854212091252,0.7287854212091252
28,Case245_2,1,2,1,0.99992967,1.0,0.9999999999999998,0.9999999999999998,0.2941130612836542,0.8722691752027415,0.8722691752027415
29,Case252_2,0,2,0,0.9994556,1.0,0.9999999999999997,0.9999999999999997,0.29334847120541807,0.8931425441065041,0.8931425441065041
30,Case256_2,1,2,1,0.9998865,1.0,0.9999999999999997,0.9999999999999997,0.364992556132835,0.8853764917019936,0.8853764917019936
31,Case258_2,1,2,1,0.999877,1.0,0.9999999999999998,0.9999999999999998,0.30864992871757246,0.5802036504009038,0.5802036504009038
32,Case25_2,1,2,1,0.99947876,1.0,0.9999999999999996,0.9999999999999996,0.3672855991696571,0.4978832338187412,0.4978832338187412
33,Case260_2,1,2,1,0.99995744,1.0,0.9999999999999999,0.9999999999999999,0.5732860520094561,0.7093249604181961,0.7093249604181961
34,Case263_2,0,2,0,0.99997467,1.0,0.9999999999999996,0.9999999999999996,0.39513108614232206,0.8601441388007872,0.8601441388007872
35,Case272_2,1,2,1,0.99956137,1.0,0.9999999999999998,0.9999999999999998,0.3707239569581673,0.8307164999665992,0.8307164999665992
36,Case29_2,1,2,1,0.9998534,1.0,0.9999999999999998,0.9999999999999998,0.3120689518996981,0.7583557892363507,0.7583557892363507
37,Case35_2,1,2,1,0.9998845999999999,1.0,0.9999999999999998,0.9999999999999998,0.31868416102332575,0.8407874962526436,0.8407874962526436
38,Case38_2,1,2,1,0.99991405,1.0,0.9999999999999997,0.9999999999999997,0.25839188134270086,0.8569463260136858,0.8569463260136858
39,Case41_2,0,2,0,0.99938726,1.0,0.9999999999999996,0.9999999999999996,0.29721377179004294,0.7744620189366511,0.7744620189366511
40,Case44_2,1,2,1,0.99999833,1.0,0.9999999999999997,0.9999999999999997,0.7180674264007596,0.8514001613597086,0.8514001613597086
41,Case49_2,1,2,1,0.9996375,1.0,0.9999999999999998,0.9999999999999998,0.28113865415688233,0.49930724398623305,0.49930724398623305
42,Case4_2,0,2,1,0.9981857,1.0,0.9999999999999996,0.9999999999999996,0.3326555134485626,0.7054492947756665,0.7054492947756665
43,Case50_2,0,2,0,0.9998948000000001,1.0,0.9999999999999994,0.9999999999999994,0.29219499627471024,0.5395370530163108,0.5395370530163108
44,Case52_2,0,2,0,0.99983025,1.0,0.9999999999999998,0.9999999999999998,0.30681838231820546,0.7987601661551366,0.7987601661551366
45,Case58_2,0,2,0,0.9999763,1.0,0.9999999999999998,0.9999999999999998,0.23238959334717635,0.7371840699599879,0.7371840699599879
46,Case60_2,0,2,0,0.9988925,1.0,0.9999999999999994,0.9999999999999994,0.3640520830228421,0.8928057809178191,0.8928057809178191
47,Case65_2,0,2,1,0.99821365,1.0,0.9999999999999998,0.9999999999999998,0.5171394799054372,0.8275022303972877,0.8275022303972877
48,Case83_2,0,2,1,0.9569459000000001,1.0,0.9999999999999998,0.9999999999999998,0.318732699396182,0.8714529001058033,0.8714529001058033
49,Case86_2,0,2,1,0.78089947,1.0,0.9999999999999998,0.9999999999999998,0.3755137776876907,0.7839202898602728,0.7839202898602728
0,Case100_3,0,3,0,0.9990099,1.0,0.9999999999999998,0.9999999999999998,0.22748505155618504,0.6324467495741268,0.6324467495741268
1,Case102_3,1,3,1,0.99999034,1.0,0.9999999999999992,0.9999999999999992,0.11728140038406498,0.2380221354522548,0.2380221354522548
2,Case103_3,1,3,1,0.99944323,1.0,0.9999999999999998,0.9999999999999998,0.2599726074302344,0.7865559250250129,0.7865559250250129
3,Case111_3,1,3,1,0.97239214,1.0,0.9999999999999994,0.9999999999999994,0.4409662847282809,0.532189007980326,0.532189007980326
4,Case115_3,1,3,1,0.9999982,1.0,0.9999999999999994,0.9999999999999994,0.2199870975309366,0.6114043088223227,0.6114043088223227
5,Case127_3,1,3,1,0.9999986999999999,1.0,0.9999999999999997,0.9999999999999997,0.5149857549857548,0.7714482785979874,0.7714482785979874
6,Case133_3,0,3,1,0.928333,1.0,0.9999999999999997,0.9999999999999997,0.2836257309941521,0.3801256392164851,0.3801256392164851
7,Case137_3,0,3,1,0.99671626,1.0,0.9999999999999999,0.9999999999999999,0.29717959338431243,0.7234908594896108,0.7234908594896108
8,Case153_3,0,3,0,0.99995,1.0,0.9999999999999998,0.9999999999999998,0.34607495298474167,0.435753898737104,0.435753898737104
9,Case178_3,0,3,0,0.9991304,1.0,0.9999999999999994,0.9999999999999994,0.6075601957954899,0.6987789845264369,0.6987789845264369
10,Case185_3,0,3,0,0.99966383,1.0,0.9999999999999998,0.9999999999999998,0.2882356367973663,0.5826932510864415,0.5826932510864415
11,Case194_3,1,3,1,0.9999254999999999,1.0,0.9999999999999997,0.9999999999999997,0.2729810928830775,0.4258772977874854,0.4258772977874854
12,Case19_3,1,3,1,0.99998665,1.0,0.9999999999999996,0.9999999999999996,0.22376694168601674,0.6079445479192095,0.6079445479192095
13,Case1_3,1,3,1,0.9999896,1.0,0.9999999999999994,0.9999999999999994,0.2729187120274327,0.7524615717057831,0.7524615717057831
14,Case205_3,0,3,0,0.99999964,1.0,0.9999999999999996,0.9999999999999996,0.27365554628648436,0.5759571640442196,0.5759571640442196
15,Case20_3,1,3,1,0.9998128000000001,1.0,0.9999999999999998,0.9999999999999998,0.49013998064348585,0.5692714077020294,0.5692714077020294
16,Case214_3,1,3,1,0.9999485999999999,1.0,0.9999999999999994,0.9999999999999994,0.3327373364257473,-6.442812243729144,-6.442812243729144
17,Case21_3,1,3,1,0.9999933000000001,1.0,0.9999999999999997,0.9999999999999997,0.5313162132384102,-0.6456269333263374,-0.6456269333263374
18,Case223_3,0,3,0,0.9998674000000001,1.0,0.9999999999999998,0.9999999999999998,0.29258018966931876,-1.9088683315818775,-1.9088683315818775
19,Case224_3,0,3,0,0.9999152,1.0,0.9999999999999997,0.9999999999999997,0.2267441860465117,0.600835938506145,0.600835938506145
20,Case228_3,1,3,1,0.9999068999999999,1.0,0.9999999999999998,0.9999999999999998,0.24929913542201654,0.7316126529286746,0.7316126529286746
21,Case229_3,0,3,0,0.9999939,1.0,0.9999999999999993,0.9999999999999993,0.24974358974358968,0.6633893974595009,0.6633893974595009
22,Case239_3,0,3,0,0.9998811,1.0,0.9999999999999999,0.9999999999999999,0.27440689537463725,0.6068417492005058,0.6068417492005058
23,Case23_3,1,3,1,0.9998995999999999,1.0,0.9999999999999996,0.9999999999999996,0.25118362124120264,0.46409396733593,0.46409396733593
24,Case244_3,1,3,1,0.9999355,1.0,0.9999999999999999,0.9999999999999999,0.22727137987253576,0.625388915434772,0.625388915434772
25,Case252_3,0,3,0,0.99997574,1.0,0.9999999999999994,0.9999999999999994,0.28050765108871556,0.005613733962325673,0.005613733962325673
26,Case253_3,1,3,1,0.9999831,1.0,0.9999999999999994,0.9999999999999994,0.2447935708051313,0.5389856217942357,0.5389856217942357
27,Case255_3,0,3,0,0.9999996999999999,1.0,0.9999999999999998,0.9999999999999998,0.2598946911765838,0.564062220277594,0.564062220277594
28,Case260_3,1,3,1,0.99999845,1.0,0.9999999999999994,0.9999999999999994,0.5161701044053983,0.7234007608265887,0.7234007608265887
29,Case269_3,0,3,0,0.9998699000000001,1.0,0.9999999999999996,0.9999999999999996,0.26459241318557436,0.42556664164118596,0.42556664164118596
30,Case271_3,1,3,1,0.99998677,1.0,0.9999999999999996,0.9999999999999996,0.25979099313708776,0.7198215880412455,0.7198215880412455
31,Case273_3,0,3,0,0.99998987,1.0,0.9999999999999993,0.9999999999999993,0.19397978149508122,0.7350579215749575,0.7350579215749575
32,Case274_3,0,3,0,0.99999946,1.0,0.9999999999999999,0.9999999999999999,0.1846164104470771,0.60073719467145,0.60073719467145
33,Case30_3,0,3,0,0.9996976000000001,1.0,0.9999999999999996,0.9999999999999996,0.2676892025800489,0.512570575564349,0.512570575564349
34,Case37_3,1,3,1,0.99999857,1.0,0.9999999999999998,0.9999999999999998,0.31535437375509257,0.6854810931169397,0.6854810931169397
35,Case38_3,1,3,1,0.99999475,1.0,0.9999999999999997,0.9999999999999997,0.2892320892320891,0.15844026912186426,0.15844026912186426
36,Case39_3,0,3,0,0.99980956,1.0,0.9999999999999994,0.9999999999999994,0.17987089105565734,0.6298252246773202,0.6298252246773202
37,Case41_3,0,3,0,0.999994,1.0,0.9999999999999996,0.9999999999999996,0.1610296739531213,0.48743337737050063,0.48743337737050063
38,Case56_3,0,3,0,0.9999815999999999,1.0,0.9999999999999996,0.9999999999999996,0.2063059174758859,0.3545290906740899,0.3545290906740899
39,Case59_3,1,3,0,0.9307318000000001,1.0,0.9999999999999996,0.9999999999999996,0.3865706259199675,0.6604068432965072,0.6604068432965072
40,Case61_3,1,3,1,0.9999950999999999,1.0,0.9999999999999998,0.9999999999999998,0.28885474025696845,0.21334151093330034,0.21334151093330034
41,Case6_3,1,3,1,0.99988365,1.0,0.9999999999999997,0.9999999999999997,0.25996703716281677,0.5855747718401327,0.5855747718401327
42,Case71_3,0,3,0,0.9999998999999999,1.0,0.9999999999999998,0.9999999999999998,0.09902198799826267,0.5494634512442433,0.5494634512442433
43,Case72_3,0,3,0,0.99999785,1.0,0.9999999999999997,0.9999999999999997,0.14475052360404517,0.21879689131425262,0.21879689131425262
44,Case75_3,1,3,1,0.9997161,1.0,0.9999999999999997,0.9999999999999997,0.3536029275126148,0.6441186351756467,0.6441186351756467
45,Case76_3,0,3,0,0.99999684,1.0,0.9999999999999996,0.9999999999999996,0.37677377030476766,0.6717005218539596,0.6717005218539596
46,Case81_3,0,3,0,0.5067305999999999,1.0,0.9999999999999997,0.9999999999999997,0.2480885483184334,0.4614775446969964,0.4614775446969964
47,Case82_3,1,3,1,0.9999858,1.0,0.9999999999999998,0.9999999999999998,0.44691202148420384,0.48904335165706203,0.48904335165706203
48,Case91_3,1,3,1,0.9999998999999999,1.0,0.9999999999999997,0.9999999999999997,0.5692206362260347,0.2736366279265877,0.2736366279265877
49,Case99_3,0,3,1,0.91445875,1.0,0.9999999999999997,0.9999999999999997,0.4247779540770732,0.7422245730217635,0.7422245730217635
0,Case101_4,0,4,0,0.9962441999999999,1.0,0.9999999999999998,0.9999999999999998,0.10121800281293947,-0.19187968279728196,-0.19187968279728196
1,Case113_4,0,4,0,0.99858445,1.0,0.9999999999999999,0.9999999999999999,0.23292332454474618,-0.17561830419066293,-0.17561830419066293
2,Case119_4,0,4,0,0.7158179,1.0,0.9999999999999999,0.9999999999999999,0.19052067244403725,0.671802733663626,0.671802733663626
3,Case11_4,1,4,1,0.99197865,1.0,0.9999999999999998,0.9999999999999998,0.3520968818495467,0.7329009194442362,0.7329009194442362
4,Case121_4,0,4,0,0.9782791,1.0,0.9999999999999999,0.9999999999999999,0.1834291187739463,0.6965676850178006,0.6965676850178006
5,Case134_4,0,4,0,0.8560021000000001,1.0,0.9999999999999999,0.9999999999999999,0.17607262434848625,0.6156996168590454,0.6156996168590454
6,Case135_4,1,4,1,0.9907469999999999,1.0,0.9999999999999998,0.9999999999999998,0.5258585991642699,0.6741343598195866,0.6741343598195866
7,Case153_4,0,4,0,0.99664974,1.0,0.9999999999999999,0.9999999999999999,0.22124752944693127,0.7055289276615153,0.7055289276615153
8,Case155_4,0,4,0,0.96578956,1.0,0.9999999999999999,0.9999999999999999,0.3059559463369579,0.695781256673752,0.695781256673752
9,Case177_4,1,4,1,0.9764599,1.0,0.9999999999999999,0.9999999999999999,0.22362644853442393,0.42621582896332233,0.42621582896332233
10,Case18_4,1,4,1,0.9999082,1.0,0.9999999999999999,0.9999999999999999,0.535410052910053,0.24835683882657555,0.24835683882657555
11,Case192_4,0,4,0,0.9759853999999999,1.0,0.9999999999999998,0.9999999999999998,0.2443884645807306,0.7054999495573553,0.7054999495573553
12,Case198_4,1,4,1,0.99989116,1.0,0.9999999999999999,0.9999999999999999,0.7257692992584167,0.6210620297503051,0.6210620297503051
13,Case19_4,1,4,1,0.9683275,1.0,0.9999999999999999,0.9999999999999999,0.26859219598804984,0.7318241710996183,0.7318241710996183
14,Case207_4,1,4,1,0.99337524,1.0,0.9999999999999999,0.9999999999999999,0.3680759589207254,0.1751591424154728,0.1751591424154728
15,Case208_4,1,4,1,0.9970912000000001,1.0,0.9999999999999999,0.9999999999999999,0.21789417575484926,0.6124223323949041,0.6124223323949041
16,Case218_4,0,4,0,0.9449885,1.0,0.9999999999999999,0.9999999999999999,0.20608588621157065,0.5188193095652307,0.5188193095652307
17,Case225_4,1,4,1,0.9761704999999999,1.0,0.9999999999999999,0.9999999999999999,0.22732763634736686,0.6424450138446607,0.6424450138446607
18,Case238_4,1,4,1,0.9996889999999999,1.0,0.9999999999999999,0.9999999999999999,0.36513065069036377,0.6539885541123163,0.6539885541123163
19,Case239_4,0,4,0,0.96508116,1.0,0.9999999999999999,0.9999999999999999,0.2899262666704526,0.6136240982803379,0.6136240982803379
20,Case244_4,1,4,1,0.99476707,1.0,0.9999999999999998,0.9999999999999998,0.24666622089539714,0.6717963066707449,0.6717963066707449
21,Case252_4,0,4,0,0.99688494,1.0,0.9999999999999999,0.9999999999999999,0.19190814169481707,0.6391343396015171,0.6391343396015171
22,Case254_4,0,4,0,0.99674845,1.0,0.9999999999999999,0.9999999999999999,0.257566886322251,0.7146103693587378,0.7146103693587378
23,Case25_4,1,4,1,0.97834843,1.0,0.9999999999999998,0.9999999999999998,0.33600178271539316,0.2610766741844479,0.2610766741844479
24,Case260_4,1,4,1,0.9767572,1.0,0.9999999999999999,0.9999999999999999,0.2843744746858934,0.5137645193627403,0.5137645193627403
25,Case266_4,1,4,1,0.9646836999999999,1.0,0.9999999999999998,0.9999999999999998,0.27381822363234987,0.37743580549283107,0.37743580549283107
26,Case29_4,1,4,1,0.98930794,1.0,0.9999999999999998,0.9999999999999998,0.29002706641682285,0.5737814106458281,0.5737814106458281
27,Case31_4,1,4,1,0.9968549000000001,1.0,0.9999999999999998,0.9999999999999998,0.23713538289378033,0.6433200883658726,0.6433200883658726
28,Case33_4,1,4,1,0.9992455,1.0,0.9999999999999998,0.9999999999999998,0.2283501757025066,0.7010470102949296,0.7010470102949296
29,Case34_4,0,4,0,0.9963224,1.0,0.9999999999999999,0.9999999999999999,0.09926066804022804,0.7079546880362347,0.7079546880362347
30,Case35_4,1,4,1,0.9997664,1.0,0.9999999999999999,0.9999999999999999,0.2769129756092573,-4.3041921817960995,-4.3041921817960995
31,Case37_4,1,4,1,0.9906940000000001,1.0,0.9999999999999999,0.9999999999999999,0.14422586071625576,0.615128447813751,0.615128447813751
32,Case3_4,0,4,0,0.9930761,1.0,0.9999999999999998,0.9999999999999998,0.14172193012780399,0.3616755427124073,0.3616755427124073
33,Case44_4,1,4,1,0.9994436,1.0,0.9999999999999999,0.9999999999999999,0.34906779731501436,0.6652878753576343,0.6652878753576343
34,Case4_4,0,4,1,0.9782476999999999,1.0,0.9999999999999999,0.9999999999999999,0.37062918736953077,0.250052448860394,0.250052448860394
35,Case53_4,1,4,0,0.5358076999999999,1.0,0.9999999999999998,0.9999999999999998,0.37949141003750375,-0.1948918647773863,-0.1948918647773863
36,Case60_4,0,4,1,0.6705593000000001,1.0,0.9999999999999997,0.9999999999999997,0.6422408071153591,0.5869119572252522,0.5869119572252522
37,Case61_4,1,4,1,0.9947466,1.0,0.9999999999999998,0.9999999999999998,0.2052543281055984,0.4476533097841663,0.4476533097841663
38,Case62_4,0,4,0,0.9995879000000001,1.0,0.9999999999999998,0.9999999999999998,0.18023044387659204,0.7623860159612685,0.7623860159612685
39,Case68_4,0,4,0,0.99765545,1.0,0.9999999999999999,0.9999999999999999,0.2665882890050917,0.6130834817572626,0.6130834817572626
40,Case72_4,0,4,0,0.9908935999999999,1.0,0.9999999999999998,0.9999999999999998,0.2633234917768532,-0.3700959201127838,-0.3700959201127838
41,Case73_4,1,4,1,0.99999285,1.0,0.9999999999999999,0.9999999999999999,0.5116443034349043,0.6136212605523681,0.6136212605523681
42,Case7_4,0,4,0,0.9862898999999999,1.0,0.9999999999999999,0.9999999999999999,0.14366974763087603,0.2669067151741312,0.2669067151741312
43,Case82_4,1,4,1,0.96607846,1.0,0.9999999999999999,0.9999999999999999,0.220805873192654,0.27871415266505306,0.27871415266505306
44,Case84_4,0,4,0,0.989901,1.0,0.9999999999999999,0.9999999999999999,0.14981029810298097,0.4913534159583517,0.4913534159583517
45,Case86_4,0,4,1,0.94002265,1.0,0.9999999999999999,0.9999999999999999,0.367392002673011,0.5805866677750431,0.5805866677750431
46,Case90_4,0,4,0,0.9528273000000002,1.0,0.9999999999999999,0.9999999999999999,0.31228596435235667,-0.13506176414571436,-0.13506176414571436
47,Case93_4,1,4,1,0.99382293,1.0,0.9999999999999998,0.9999999999999998,0.4225412072991449,0.3336636137202921,0.3336636137202921
48,Case98_4,0,4,0,0.9766947,1.0,0.9999999999999999,0.9999999999999999,0.20967309733276418,0.7078285278329335,0.7078285278329335
49,Case9_4,0,4,0,0.9979867,1.0,0.9999999999999999,0.9999999999999999,0.1336176556654879,0.4960825247107604,0.4960825247107604
0,Case100_5,0,5,0,0.99148333,1.0,0.9999999999999999,0.9999999999999999,0.15165415896670198,0.6797842637188046,0.6797842637188046
1,Case102_5,1,5,1,0.9398562,1.0,0.9999999999999999,0.9999999999999999,0.26452185884569046,0.5910905899595764,0.5910905899595764
2,Case104_5,0,5,1,0.76993287,1.0,0.9999999999999999,0.9999999999999999,0.35499177113864655,-0.5153237771722692,-0.5153237771722692
3,Case114_5,1,5,1,0.8440179,1.0,0.9999999999999999,0.9999999999999999,0.19659474888929518,0.5904927466041,0.5904927466041
4,Case127_5,1,5,1,0.9387969,1.0,0.9999999999999999,0.9999999999999999,0.47195492869731626,0.5452109059265262,0.5452109059265262
5,Case12_5,0,5,0,0.9135405999999999,1.0,0.9999999999999999,0.9999999999999999,0.4699735576757116,0.5470386075866398,0.5470386075866398
6,Case13_5,0,5,0,0.97247136,1.0,0.9999999999999999,0.9999999999999999,0.153521124784065,-0.001077504728059342,-0.001077504728059342
7,Case156_5,1,5,1,0.9780045,1.0,0.9999999999999999,0.9999999999999999,0.6235521235521235,-34.87457096548642,-34.87457096548642
8,Case174_5,1,5,1,0.99293,1.0,0.9999999999999999,0.9999999999999999,0.5278508417250469,0.5148764584622076,0.5148764584622076
9,Case177_5,1,5,1,0.9868484000000001,1.0,0.9999999999999999,0.9999999999999999,0.5241424014031697,0.4998745001361212,0.4998745001361212
10,Case179_5,1,5,1,0.9488618000000001,1.0,0.9999999999999999,0.9999999999999999,0.42872625105313733,0.6984686266490631,0.6984686266490631
11,Case190_5,0,5,0,0.9657466,1.0,0.9999999999999999,0.9999999999999999,0.24111636823766847,0.5323196958289906,0.5323196958289906
12,Case195_5,0,5,0,0.8988679,1.0,0.9999999999999999,0.9999999999999999,0.22249453649401574,0.6294528395998485,0.6294528395998485
13,Case218_5,0,5,0,0.94824,1.0,0.9999999999999999,0.9999999999999999,0.5865456972071956,0.5336556313207046,0.5336556313207046
14,Case219_5,1,5,1,0.9663196,1.0,0.9999999999999999,0.9999999999999999,0.2346529600466607,0.6617295715487129,0.6617295715487129
15,Case223_5,0,5,0,0.9102150999999999,1.0,0.9999999999999999,0.9999999999999999,0.1405509228810814,0.7149784131747825,0.7149784131747825
16,Case225_5,1,5,1,0.95475924,1.0,0.9999999999999999,0.9999999999999999,0.7677793904208998,0.6678995960510816,0.6678995960510816
17,Case235_5,1,5,1,0.9862731,1.0,0.9999999999999999,0.9999999999999999,0.3525823960606568,0.5732084534182174,0.5732084534182174
18,Case239_5,0,5,0,0.8871044,1.0,0.9999999999999999,0.9999999999999999,0.09951159951159949,0.5223390647469437,0.5223390647469437
19,Case248_5,1,5,1,0.9754636000000001,1.0,0.9999999999999999,0.9999999999999999,0.5455564351603575,0.7415019616090515,0.7415019616090515
20,Case249_5,1,5,1,0.9495162,1.0,0.9999999999999999,0.9999999999999999,0.23306536652270193,0.7036952279748294,0.7036952279748294
21,Case250_5,0,5,0,0.9761966999999999,1.0,0.9999999999999999,0.9999999999999999,0.20148544275531377,0.7737518942977601,0.7737518942977601
22,Case256_5,1,5,1,0.9924873,1.0,0.9999999999999999,0.9999999999999999,0.5424772334789311,0.5999777043135581,0.5999777043135581
23,Case257_5,1,5,1,0.99173236,1.0,0.9999999999999999,0.9999999999999999,0.5046025721242889,0.16485577782622407,0.16485577782622407
24,Case259_5,1,5,1,0.98552173,1.0,0.9999999999999999,0.9999999999999999,0.7473312762180144,0.6273151134842841,0.6273151134842841
25,Case265_5,0,5,0,0.9773761000000001,1.0,0.9999999999999999,0.9999999999999999,0.2437803460618122,0.30530424508933796,0.30530424508933796
26,Case266_5,1,5,1,0.98590773,1.0,0.9999999999999998,0.9999999999999998,0.6951972479113613,-50.67963211924926,-50.67963211924926
27,Case271_5,1,5,1,0.9626754999999999,1.0,0.9999999999999999,0.9999999999999999,0.5919473221808124,0.6789698394612593,0.6789698394612593
28,Case273_5,0,5,0,0.96821666,1.0,0.9999999999999999,0.9999999999999999,0.10318263090676882,0.7266864606778862,0.7266864606778862
29,Case27_5,0,5,0,0.94189894,1.0,0.9999999999999999,0.9999999999999999,0.16053282924254486,0.3075937721549902,0.3075937721549902
30,Case30_5,0,5,0,0.96310586,1.0,0.9999999999999999,0.9999999999999999,0.30424510022280793,0.1682767023206414,0.1682767023206414
31,Case32_5,1,5,1,0.992554,1.0,0.9999999999999999,0.9999999999999999,0.6259222974731768,0.7000849622719094,0.7000849622719094
32,Case33_5,1,5,1,0.93869305,1.0,0.9999999999999999,0.9999999999999999,0.1323566248079392,0.7079533329213077,0.7079533329213077
33,Case3_5,0,5,0,0.9728013000000001,1.0,0.9999999999999999,0.9999999999999999,0.09371211108165223,0.6218838627054171,0.6218838627054171
34,Case40_5,0,5,0,0.9512632,1.0,0.9999999999999999,0.9999999999999999,0.1758452868852458,0.5790613810262806,0.5790613810262806
35,Case41_5,0,5,0,0.8722286,1.0,0.9999999999999999,0.9999999999999999,0.13367560694699698,0.2741643667036402,0.2741643667036402
36,Case43_5,0,5,0,0.95318544,1.0,0.9999999999999999,0.9999999999999999,0.34794484465182873,0.6613624838081259,0.6613624838081259
37,Case45_5,1,5,1,0.83214647,1.0,0.9999999999999999,0.9999999999999999,0.2766057983449286,0.72776059646534,0.72776059646534
38,Case52_5,0,5,0,0.9636231,1.0,0.9999999999999999,0.9999999999999999,0.35767058668145146,-0.04063832032690917,-0.04063832032690917
39,Case54_5,1,5,1,0.9765891,1.0,0.9999999999999999,0.9999999999999999,0.27132769745929053,0.4878724556979753,0.4878724556979753
40,Case55_5,1,5,1,0.9571475,1.0,0.9999999999999999,0.9999999999999999,0.5831245615793166,0.6825873109480173,0.6825873109480173
41,Case56_5,0,5,0,0.97773427,1.0,0.9999999999999999,0.9999999999999999,0.1307659953173429,0.6476768257957185,0.6476768257957185
42,Case58_5,0,5,0,0.9682193000000001,1.0,0.9999999999999999,0.9999999999999999,0.18634105553096236,0.5955946288411738,0.5955946288411738
43,Case60_5,0,5,0,0.68807834,1.0,0.9999999999999998,0.9999999999999998,0.22793214023396202,0.177750886413789,0.177750886413789
44,Case62_5,0,5,0,0.9305136,1.0,0.9999999999999999,0.9999999999999999,0.24451836133891525,0.699558861445394,0.699558861445394
45,Case63_5,1,5,1,0.89888394,1.0,1.0,1.0,0.6654603940490551,0.6837917496424339,0.6837917496424339
46,Case6_5,1,5,1,0.94471806,1.0,0.9999999999999999,0.9999999999999999,0.317820805584314,0.6343826325593817,0.6343826325593817
47,Case86_5,0,5,1,0.9954389000000001,1.0,0.9999999999999999,0.9999999999999999,0.5163556694108191,0.7438721446233367,0.7438721446233367
48,Case89_5,0,5,0,0.8869184000000001,1.0,0.9999999999999998,0.9999999999999998,0.6642453591606134,0.6333259029800008,0.6333259029800008
49,Case93_5,1,5,1,0.96643996,1.0,0.9999999999999999,0.9999999999999999,0.10304587800831555,-0.18118447572715235,-0.18118447572715235
0,Case102_6,1,6,1,0.9999986999999999,1.0,0.9999999999999993,0.9999999999999993,0.06938768427171971,0.3063185594068736,0.3063185594068736
1,Case103_6,1,6,1,0.99999905,1.0,0.9999999999999996,0.9999999999999996,0.17179219807458024,0.6036850251394463,0.6036850251394463
2,Case111_6,1,6,0,1.0,1.0,0.9999999999999996,0.9999999999999996,0.13252600714945573,0.439666091947412,0.439666091947412
3,Case116_6,1,6,1,1.0,1.0,0.9999999999999992,0.9999999999999992,0.10117649291032849,-0.4429560263012404,-0.4429560263012404
4,Case119_6,0,6,0,0.99999636,1.0,0.9999999999999992,0.9999999999999992,0.09696654648582326,0.4928752547613491,0.4928752547613491
5,Case127_6,1,6,1,1.0,1.0,0.9999999999999993,0.9999999999999993,0.11154370255012636,0.07512335593409769,0.07512335593409769
6,Case129_6,0,6,0,1.0,1.0,0.9999999999999996,0.9999999999999996,0.0782749330307172,0.5791156842934937,0.5791156842934937
7,Case155_6,0,6,0,0.9999993,1.0,0.9999999999999997,0.9999999999999997,0.10297109548720784,0.39464341067422914,0.39464341067422914
8,Case156_6,1,6,1,0.99999917,1.0,0.9999999999999993,0.9999999999999993,0.08991863441015957,0.35882528179383455,0.35882528179383455
9,Case17_6,1,6,1,1.0,1.0,0.9999999999999989,0.9999999999999989,0.36813769387344364,0.43644865704733626,0.43644865704733626
10,Case185_6,0,6,0,0.9999979999999999,1.0,0.9999999999999993,0.9999999999999993,0.05712415325061759,-2.5562974383209376,-2.5562974383209376
11,Case195_6,0,6,0,1.0,1.0,0.9999999999999997,0.9999999999999997,0.1255323005938822,0.47018729523850256,0.47018729523850256
12,Case203_6,0,6,0,1.0,1.0,0.9999999999999993,0.9999999999999993,0.24724058010922934,-0.30230880041035935,-0.30230880041035935
13,Case208_6,1,6,1,1.0,1.0,0.9999999999999996,0.9999999999999996,0.08054344891425902,-3.051376551657512,-3.051376551657512
14,Case209_6,0,6,0,0.9999998,1.0,0.9999999999999997,0.9999999999999997,0.10102752402244564,0.2335310508702121,0.2335310508702121
15,Case20_6,1,6,1,0.99999976,1.0,0.9999999999999992,0.9999999999999992,0.2550171821305841,0.41169068501552863,0.41169068501552863
16,Case211_6,0,6,0,0.9999998999999999,1.0,0.9999999999999992,0.9999999999999992,0.11163818141428672,0.5339623911938964,0.5339623911938964
17,Case21_6,1,6,1,1.0,1.0,0.9999999999999996,0.9999999999999996,0.09111030051561453,0.19946801679591852,0.19946801679591852
18,Case225_6,1,6,1,1.0,1.0,0.9999999999999994,0.9999999999999994,0.23044935529458843,-0.5277763065066436,-0.5277763065066436
19,Case236_6,0,6,0,0.9999998999999999,1.0,0.9999999999999996,0.9999999999999996,0.061861331864290436,0.25906601095785087,0.25906601095785087
20,Case245_6,1,6,1,0.9999998999999999,1.0,0.9999999999999994,0.9999999999999994,0.3089204380269406,0.1885270925630026,0.1885270925630026
21,Case249_6,1,6,1,1.0,1.0,0.9999999999999994,0.9999999999999994,0.2111067479610036,0.5726937900414664,0.5726937900414664
22,Case254_6,0,6,0,0.99999994,1.0,0.9999999999999994,0.9999999999999994,0.2372549102268463,0.3015223068536518,0.3015223068536518
23,Case258_6,1,6,1,1.0,1.0,0.999999999999999,0.999999999999999,0.06723276957211488,-0.24670512365910247,-0.24670512365910247
24,Case25_6,1,6,1,0.9999986999999999,1.0,0.9999999999999993,0.9999999999999993,0.09117383863508843,0.11911637745362791,0.11911637745362791
25,Case260_6,1,6,1,0.9999998999999999,1.0,0.9999999999999994,0.9999999999999994,0.2528662411054633,0.24499017664709155,0.24499017664709155
26,Case264_6,1,6,1,1.0,1.0,0.9999999999999991,0.9999999999999991,0.11647544460044457,0.5695003369716302,0.5695003369716302
27,Case266_6,1,6,1,1.0,1.0,0.9999999999999991,0.9999999999999991,0.14992314448836175,0.6031974280588583,0.6031974280588583
28,Case267_6,1,6,1,1.0,1.0,0.9999999999999993,0.9999999999999993,0.2805649551272621,-1.3286145854201026,-1.3286145854201026
29,Case27_6,0,6,0,0.99956906,1.0,0.999999999999999,0.999999999999999,0.2868558453016299,-0.45917649852914466,-0.45917649852914466
30,Case34_6,0,6,0,0.99999857,1.0,0.9999999999999998,0.9999999999999998,0.0792596184157679,0.43754603300264927,0.43754603300264927
31,Case37_6,1,6,1,0.9999994000000001,1.0,0.9999999999999991,0.9999999999999991,0.07801699857774591,0.46545972001245495,0.46545972001245495
32,Case39_6,0,6,0,1.0,1.0,0.999999999999999,0.999999999999999,0.04097133076593895,0.2916466041350181,0.2916466041350181
33,Case40_6,0,6,0,0.9999998999999999,1.0,0.9999999999999998,0.9999999999999998,0.23044935529458843,0.2523555740708401,0.2523555740708401
34,Case44_6,1,6,1,1.0,1.0,0.9999999999999989,0.9999999999999989,0.20937618070234543,0.07399742902185413,0.07399742902185413
35,Case4_6,0,6,0,0.9705091999999998,1.0,0.9999999999999994,0.9999999999999994,0.20098350893206585,-0.6454075751639685,-0.6454075751639685
36,Case52_6,0,6,0,1.0,1.0,0.9999999999999994,0.9999999999999994,0.16291574781741824,-1.0563143453977064,-1.0563143453977064
37,Case58_6,0,6,0,1.0,1.0,0.9999999999999996,0.9999999999999996,0.10013111586501944,0.19720798849699106,0.19720798849699106
38,Case61_6,1,6,1,1.0,1.0,0.9999999999999996,0.9999999999999996,0.10601026153115578,0.19655057239341567,0.19655057239341567
39,Case64_6,0,6,0,1.0,1.0,0.9999999999999989,0.9999999999999989,0.09378536329766585,0.5360159393595867,0.5360159393595867
40,Case67_6,0,6,0,0.9999988999999999,1.0,0.9999999999999994,0.9999999999999994,0.11651580103707437,0.06962476912560145,0.06962476912560145
41,Case70_6,1,6,1,1.0,1.0,0.9999999999999993,0.9999999999999993,0.10292088444285652,0.4309945795015,0.4309945795015
42,Case75_6,1,6,1,0.9999969999999999,1.0,0.9999999999999993,0.9999999999999993,0.09038998118227226,0.49517530595320713,0.49517530595320713
43,Case78_6,1,6,1,1.0,1.0,0.9999999999999997,0.9999999999999997,0.14617521165196568,0.20902062040709757,0.20902062040709757
44,Case83_6,0,6,1,1.0,1.0,0.9999999999999989,0.9999999999999989,0.13692816819155118,-0.5910028171790129,-0.5910028171790129
45,Case86_6,0,6,1,1.0,1.0,0.9999999999999994,0.9999999999999994,0.13892480407048002,0.17474551917805214,0.17474551917805214
46,Case89_6,0,6,0,0.99999666,1.0,0.9999999999999997,0.9999999999999997,0.09368026254102169,0.506437203935173,0.506437203935173
47,Case90_6,0,6,0,0.9999998999999999,1.0,0.9999999999999992,0.9999999999999992,0.09729365415515334,0.5666229868235806,0.5666229868235806
48,Case96_6,0,6,0,0.9999126,1.0,0.9999999999999994,0.9999999999999994,0.08770523472678071,0.5074576382667954,0.5074576382667954
49,Case99_6,0,6,0,0.9918109,1.0,0.9999999999999997,0.9999999999999997,0.10075853580415384,0.56760615324488,0.56760615324488
0,Case101_7,0,7,1,0.98633564,1.0,1.0,1.0,0.8143093047551646,0.540564596779497,0.540564596779497
1,Case103_7,1,7,1,0.99994266,1.0,0.9999999999999999,0.9999999999999999,0.8090386081652458,0.6248853484154984,0.6248853484154984
2,Case106_7,0,7,0,0.99739677,1.0,0.9999999999999999,0.9999999999999999,0.8200883465573297,0.7195294653239054,0.7195294653239054
3,Case110_7,1,7,1,0.9998708000000001,1.0,0.9999999999999999,0.9999999999999999,0.8090386081652458,0.4839835999374722,0.4839835999374722
4,Case11_7,1,7,1,0.9999620000000001,1.0,0.9999999999999998,0.9999999999999998,1.0,0.6558046025942184,0.6558046025942184
5,Case122_7,0,7,0,0.99996114,1.0,0.9999999999999999,0.9999999999999999,0.35014323917619306,0.2489092081773734,0.2489092081773734
6,Case12_7,0,7,0,0.99993014,1.0,0.9999999999999999,0.9999999999999999,0.908909057845228,0.3587393132719915,0.3587393132719915
7,Case13_7,0,7,0,0.9998826999999999,1.0,0.9999999999999999,0.9999999999999999,1.0,0.5448908816072611,0.5448908816072611
8,Case178_7,0,7,0,0.99986833,1.0,0.9999999999999999,0.9999999999999999,0.9471863048625023,0.7520462230892936,0.7520462230892936
9,Case185_7,0,7,0,0.9998786,1.0,0.9999999999999999,0.9999999999999999,1.0,-1.8022142802242023,-1.8022142802242023
10,Case187_7,1,7,1,0.99997115,1.0,0.9999999999999999,0.9999999999999999,0.8515285019468358,0.5550531747012164,0.5550531747012164
11,Case18_7,1,7,1,0.999992,1.0,1.0,1.0,1.0,0.3353877071126655,0.3353877071126655
12,Case192_7,0,7,0,0.9998572,1.0,0.9999999999999998,0.9999999999999998,1.0,0.6869016531196075,0.6869016531196075
13,Case194_7,1,7,1,0.9999577,1.0,0.9999999999999999,0.9999999999999999,0.8090386081652458,0.68748873454311,0.68748873454311
14,Case195_7,0,7,0,0.9998607,1.0,0.9999999999999999,0.9999999999999999,0.9471863048625023,0.5721721547356039,0.5721721547356039
15,Case19_7,1,7,1,0.9997440000000001,1.0,1.0,1.0,1.0,0.6739742929388342,0.6739742929388342
16,Case201_7,1,7,1,0.9999349000000001,1.0,0.9999999999999999,0.9999999999999999,0.9471863048625023,0.5982849365171425,0.5982849365171425
17,Case207_7,1,7,1,0.9999454,1.0,0.9999999999999999,0.9999999999999999,0.8200883465573297,-0.5611977988942647,-0.5611977988942647
18,Case20_7,1,7,1,0.9999690999999999,1.0,0.9999999999999999,0.9999999999999999,0.908909057845228,0.4659019978242862,0.4659019978242862
19,Case225_7,1,7,1,0.99994636,1.0,0.9999999999999999,0.9999999999999999,0.8515285019468358,0.5199613742082602,0.5199613742082602
20,Case235_7,1,7,1,0.9999505,1.0,0.9999999999999999,0.9999999999999999,0.908909057845228,0.6410941817835302,0.6410941817835302
21,Case238_7,1,7,1,0.9999777,1.0,0.9999999999999999,0.9999999999999999,0.908909057845228,0.11559339626297171,0.11559339626297171
22,Case245_7,1,7,1,0.9999851000000001,1.0,0.9999999999999999,0.9999999999999999,0.7548882822768173,0.5334462530495738,0.5334462530495738
23,Case248_7,1,7,1,0.9997719999999999,1.0,0.9999999999999999,0.9999999999999999,0.4209585095829338,0.44287058611842844,0.44287058611842844
24,Case250_7,0,7,0,0.99994195,1.0,0.9999999999999999,0.9999999999999999,0.4852180022347704,0.5271494881359631,0.5271494881359631
25,Case251_7,0,7,0,0.9999885000000001,1.0,0.9999999999999999,0.9999999999999999,1.0,0.5911345937262318,0.5911345937262318
26,Case252_7,0,7,0,0.9999681,1.0,0.9999999999999999,0.9999999999999999,0.4749159124958796,0.48190104994234073,0.48190104994234073
27,Case254_7,0,7,0,0.99996156,1.0,0.9999999999999999,0.9999999999999999,1.0,0.5515372409488462,0.5515372409488462
28,Case25_7,1,7,1,0.99988616,1.0,0.9999999999999999,0.9999999999999999,0.8623203149819914,0.5941800998460113,0.5941800998460113
29,Case260_7,1,7,1,0.9999186,1.0,0.9999999999999999,0.9999999999999999,0.908909057845228,0.49515235257785417,0.49515235257785417
30,Case263_7,0,7,0,0.9999601,1.0,0.9999999999999999,0.9999999999999999,0.9521987698340404,0.22202336095590325,0.22202336095590325
31,Case265_7,0,7,0,0.9999405000000001,1.0,0.9999999999999999,0.9999999999999999,0.680101252888378,0.6839439714393619,0.6839439714393619
32,Case268_7,1,7,1,0.99989367,1.0,0.9999999999999999,0.9999999999999999,0.8515285019468358,0.5549898487740579,0.5549898487740579
33,Case269_7,0,7,0,0.9997955,1.0,0.9999999999999999,0.9999999999999999,0.8200883465573297,0.2679557690940513,0.2679557690940513
34,Case274_7,0,7,0,0.99996287,1.0,0.9999999999999999,0.9999999999999999,1.0,0.6582619816113924,0.6582619816113924
35,Case28_7,1,7,1,0.9999306,1.0,0.9999999999999998,0.9999999999999998,0.908909057845228,0.5701793807320774,0.5701793807320774
36,Case37_7,1,7,1,0.99990773,1.0,1.0,1.0,0.7548882822768173,0.22528933939749363,0.22528933939749363
37,Case41_7,0,7,0,0.9999856,1.0,0.9999999999999999,0.9999999999999999,0.908909057845228,0.5273362612272008,0.5273362612272008
38,Case43_7,0,7,0,0.9999495999999999,1.0,1.0,1.0,0.5492797619566657,0.651330680536176,0.651330680536176
39,Case46_7,0,7,0,0.9998821,1.0,0.9999999999999999,0.9999999999999999,0.5215654699883174,0.20419142721360084,0.20419142721360084
40,Case52_7,0,7,0,0.99990356,1.0,0.9999999999999999,0.9999999999999999,0.9009108647370362,0.4932724713707123,0.4932724713707123
41,Case53_7,1,7,0,0.543175,1.0,0.9999999999999999,0.9999999999999999,0.8090386081652458,0.23996202734503236,0.23996202734503236
42,Case58_7,0,7,0,0.9999103000000001,1.0,0.9999999999999998,0.9999999999999998,0.8090386081652458,-1.813892931905774,-1.813892931905774
43,Case61_7,1,7,1,0.99992716,1.0,1.0,1.0,0.908909057845228,0.6103470679042646,0.6103470679042646
44,Case63_7,1,7,1,0.99996173,1.0,0.9999999999999999,0.9999999999999999,0.908909057845228,0.5622630003989292,0.5622630003989292
45,Case64_7,0,7,0,0.8193921000000001,1.0,0.9999999999999999,0.9999999999999999,1.0,0.08746845965189498,0.08746845965189498
46,Case6_7,1,7,1,0.99992096,1.0,0.9999999999999999,0.9999999999999999,1.0,0.28794029511901775,0.28794029511901775
47,Case89_7,0,7,0,0.99988264,1.0,0.9999999999999999,0.9999999999999999,0.8200883465573297,-2.565426207089393,-2.565426207089393
48,Case95_7,1,7,1,0.9999882999999999,1.0,1.0,1.0,0.9521987698340404,0.680784806878263,0.680784806878263
49,Case9_7,0,7,0,0.99991566,1.0,0.9999999999999999,0.9999999999999999,1.0,0.23862644416686885,0.23862644416686885
0,Case10_8,1,8,1,0.9995572,1.0,0.9999999999999998,0.9999999999999998,0.7252525252525253,0.4887253153220644,0.4887253153220644
1,Case110_8,1,8,1,0.99998176,1.0,0.9999999999999998,0.9999999999999998,0.7454494408310326,0.569484808762398,0.569484808762398
2,Case111_8,1,8,1,0.5416274999999999,1.0,0.9999999999999998,0.9999999999999998,0.8405402870274833,0.6118944953894285,0.6118944953894285
3,Case124_8,0,8,1,0.9965306,1.0,0.9999999999999999,0.9999999999999999,0.7454494408310326,0.5307743436647836,0.5307743436647836
4,Case174_8,1,8,1,0.8786261000000001,1.0,0.9999999999999999,0.9999999999999999,0.7252525252525253,0.21626954863663095,0.21626954863663095
5,Case178_8,0,8,0,0.99978596,1.0,0.9999999999999999,0.9999999999999999,0.801185187298101,-0.003342379382106575,-0.003342379382106575
6,Case17_8,1,8,1,0.99997604,1.0,0.9999999999999998,0.9999999999999998,0.73127969850893,0.5208479759376305,0.5208479759376305
7,Case185_8,0,8,0,0.99999994,1.0,0.9999999999999998,0.9999999999999998,0.8201307452985855,0.2726172221208616,0.2726172221208616
8,Case18_8,1,8,1,1.0,1.0,0.9999999999999998,0.9999999999999998,0.8143598143598143,0.5691025594101224,0.5691025594101224
9,Case192_8,0,8,0,0.9999696,1.0,0.9999999999999999,0.9999999999999999,0.8259557013945857,0.5800585690164963,0.5800585690164963
10,Case195_8,0,8,0,0.9992755999999999,1.0,0.9999999999999998,0.9999999999999998,0.8884331419196062,0.5443591087844898,0.5443591087844898
11,Case19_8,1,8,1,0.9999341999999999,1.0,0.9999999999999998,0.9999999999999998,0.7974603521952939,0.619809305097925,0.619809305097925
12,Case206_8,1,8,1,0.99997437,1.0,0.9999999999999999,0.9999999999999999,0.8479382211753481,0.4706808814163236,0.4706808814163236
13,Case209_8,0,8,0,0.9997674999999999,1.0,0.9999999999999998,0.9999999999999998,0.8090870806232745,0.2609504866541521,0.2609504866541521
14,Case210_8,0,8,0,0.99999034,1.0,0.9999999999999998,0.9999999999999998,0.7252525252525253,0.6109566488825091,0.6109566488825091
15,Case215_8,0,8,0,0.9999940999999999,1.0,0.9999999999999999,0.9999999999999999,0.2513368983957218,0.5754397858612961,0.5754397858612961
16,Case218_8,0,8,0,0.99995995,1.0,0.9999999999999999,0.9999999999999999,0.23048807917228964,0.6812879721700889,0.6812879721700889
17,Case230_8,1,8,1,0.99996483,1.0,0.9999999999999998,0.9999999999999998,0.7214941022280472,0.16468465086252815,0.16468465086252815
18,Case231_8,1,8,1,0.99999833,1.0,0.9999999999999998,0.9999999999999998,0.7858699348792684,0.6363189813013737,0.6363189813013737
19,Case235_8,1,8,1,0.9999752000000001,1.0,0.9999999999999998,0.9999999999999998,0.810883470844535,0.33708952517035184,0.33708952517035184
20,Case236_8,0,8,0,0.9999372,1.0,0.9999999999999998,0.9999999999999998,0.6797182175622543,0.4890010695279372,0.4890010695279372
21,Case238_8,1,8,1,0.99996567,1.0,0.9999999999999998,0.9999999999999998,0.7181713911191218,0.6372310510389168,0.6372310510389168
22,Case245_8,1,8,1,0.9999963,1.0,0.9999999999999998,0.9999999999999998,0.7454494408310326,0.40034418788625825,0.40034418788625825
23,Case251_8,0,8,0,0.9999998,1.0,0.9999999999999998,0.9999999999999998,0.7837129280681632,0.49994288438658974,0.49994288438658974
24,Case257_8,1,8,1,0.9999906,1.0,0.9999999999999998,0.9999999999999998,0.7837129280681632,0.555888297614763,0.555888297614763
25,Case259_8,1,8,1,1.0,1.0,0.9999999999999998,0.9999999999999998,0.8201307452985855,-0.11126960274380737,-0.11126960274380737
26,Case25_8,1,8,1,0.99986506,1.0,0.9999999999999999,0.9999999999999999,0.7050630837293135,0.6290336910307534,0.6290336910307534
27,Case268_8,1,8,1,0.9999063,1.0,0.9999999999999999,0.9999999999999999,0.7523580611092902,0.08967671559890156,0.08967671559890156
28,Case269_8,0,8,0,0.9997651,1.0,0.9999999999999999,0.9999999999999999,0.7050630837293135,-0.3109724662825022,-0.3109724662825022
29,Case27_8,0,8,0,0.99999624,1.0,0.9999999999999998,0.9999999999999998,0.7837129280681632,-3.772656906153271,-3.772656906153271
30,Case34_8,0,8,0,0.99992454,1.0,0.9999999999999999,0.9999999999999999,0.2568020129975923,-2.142645124120785,-2.142645124120785
31,Case37_8,1,8,1,0.99996805,1.0,0.9999999999999998,0.9999999999999998,0.8201307452985855,0.4684736541320902,0.4684736541320902
32,Case38_8,1,8,1,0.99999833,1.0,0.9999999999999998,0.9999999999999998,0.8142685458319676,0.18408413742572605,0.18408413742572605
33,Case3_8,0,8,0,0.999986,1.0,0.9999999999999998,0.9999999999999998,0.8479382211753481,0.7458653636120824,0.7458653636120824
34,Case41_8,0,8,0,0.9999916999999999,1.0,0.9999999999999998,0.9999999999999998,0.7613588507790932,0.3694464043517437,0.3694464043517437
35,Case56_8,0,8,0,0.9998902,1.0,0.9999999999999998,0.9999999999999998,0.252920343938699,0.492787911338881,0.492787911338881
36,Case60_8,0,8,1,0.99998915,1.0,0.9999999999999998,0.9999999999999998,0.6656833824975419,0.47305470350302736,0.47305470350302736
37,Case61_8,1,8,1,0.9999212,1.0,0.9999999999999998,0.9999999999999998,0.7837129280681632,0.6895867152788457,0.6895867152788457
38,Case63_8,1,8,1,0.9999573,1.0,0.9999999999999999,0.9999999999999999,0.7613588507790932,0.3673617808818359,0.3673617808818359
39,Case64_8,0,8,1,0.799822,1.0,0.9999999999999998,0.9999999999999998,0.8201307452985855,0.6098431679041623,0.6098431679041623
40,Case67_8,0,8,0,0.99994576,1.0,0.9999999999999999,0.9999999999999999,0.8515607945863348,-0.5184118941581952,-0.5184118941581952
41,Case6_8,1,8,1,0.9999851999999999,1.0,0.9999999999999998,0.9999999999999998,0.7050630837293135,0.5441899728161268,0.5441899728161268
42,Case73_8,1,8,1,0.9999844000000001,1.0,0.9999999999999997,0.9999999999999997,0.7613588507790932,0.5122671917398398,0.5122671917398398
43,Case78_8,1,8,1,0.9999964,1.0,0.9999999999999999,0.9999999999999999,0.7632699868938402,0.6399058960053131,0.6399058960053131
44,Case83_8,0,8,1,0.99681854,1.0,0.9999999999999998,0.9999999999999998,0.7682461942389741,0.35803542673753586,0.35803542673753586
45,Case84_8,0,8,0,0.99991924,1.0,0.9999999999999998,0.9999999999999998,0.7613588507790932,-0.5625519165782107,-0.5625519165782107
46,Case89_8,0,8,0,0.99992394,1.0,0.9999999999999998,0.9999999999999998,0.7837129280681632,0.47519557919105193,0.47519557919105193
47,Case95_8,1,8,1,0.9999993,1.0,0.9999999999999999,0.9999999999999999,0.8143598143598143,0.5340218513590294,0.5340218513590294
48,Case96_8,0,8,0,0.8945014000000001,1.0,0.9999999999999998,0.9999999999999998,0.7972509615671308,0.4119467430675299,0.4119467430675299
49,Case9_8,0,8,0,0.9999198,1.0,0.9999999999999999,0.9999999999999999,0.899672131147541,0.52549845179467,0.52549845179467
0,Case102_9,1,9,1,0.9999024999999999,1.0,0.9999999999999999,0.9999999999999999,0.6405555555555555,0.2286743698700453,0.2286743698700453
1,Case10_9,1,9,1,0.99989474,1.0,0.9999999999999999,0.9999999999999999,0.7727140629860205,0.5712205144196985,0.5712205144196985
2,Case111_9,1,9,1,0.9823722,1.0,1.0,1.0,0.585063356607189,-0.22411979549316685,-0.22411979549316685
3,Case119_9,0,9,1,0.92136014,1.0,0.9999999999999999,0.9999999999999999,0.289217435440973,0.61845665797256,0.61845665797256
4,Case122_9,0,9,0,0.99994564,1.0,0.9999999999999999,0.9999999999999999,0.07192528428332079,0.6376956591738505,0.6376956591738505
5,Case123_9,1,9,1,0.99993765,1.0,0.9999999999999999,0.9999999999999999,0.5684715407546601,0.5249456086748645,0.5249456086748645
6,Case12_9,0,9,0,0.9998142,1.0,0.9999999999999999,0.9999999999999999,0.220538206540696,0.5091221189469242,0.5091221189469242
7,Case135_9,1,9,1,0.9998741,1.0,0.9999999999999999,0.9999999999999999,0.6148519938842519,0.5270655784598625,0.5270655784598625
8,Case155_9,0,9,0,0.99992377,1.0,1.0,1.0,0.1363027443763779,0.4142549584473799,0.4142549584473799
9,Case178_9,0,9,0,0.99977255,1.0,0.9999999999999999,0.9999999999999999,0.5953027818344496,0.7884468772441307,0.7884468772441307
10,Case187_9,1,9,1,0.9999343,1.0,0.9999999999999999,0.9999999999999999,0.7652312383372564,0.7241875294242304,0.7241875294242304
11,Case195_9,0,9,0,0.99985135,1.0,0.9999999999999999,0.9999999999999999,0.3015892053973013,0.6631034903147506,0.6631034903147506
12,Case19_9,1,9,1,0.9997129000000001,1.0,1.0,1.0,0.18528658575215573,0.4046244453545811,0.4046244453545811
13,Case201_9,1,9,1,0.9999658000000001,1.0,0.9999999999999999,0.9999999999999999,0.24290763360908063,0.4259986022593123,0.4259986022593123
14,Case207_9,1,9,1,0.999925,1.0,0.9999999999999999,0.9999999999999999,0.6006172839506172,0.5752903134820961,0.5752903134820961
15,Case209_9,0,9,0,0.99982715,1.0,0.9999999999999999,0.9999999999999999,0.3769226299417493,0.5051694172021397,0.5051694172021397
16,Case20_9,1,9,1,0.9999726999999999,1.0,0.9999999999999999,0.9999999999999999,0.4447514390371534,0.6907396213097128,0.6907396213097128
17,Case210_9,0,9,0,0.9998094999999999,1.0,0.9999999999999999,0.9999999999999999,0.27760354022466793,0.6658337283878148,0.6658337283878148
18,Case211_9,0,9,0,0.99987173,1.0,0.9999999999999999,0.9999999999999999,0.30131497285823305,-0.014267632458254242,-0.014267632458254242
19,Case21_9,1,9,1,0.99997425,1.0,0.9999999999999999,0.9999999999999999,0.43524082547733245,0.6844442890705157,0.6844442890705157
20,Case223_9,0,9,0,0.99979395,1.0,0.9999999999999999,0.9999999999999999,0.26765104233752135,0.5746399699404632,0.5746399699404632
21,Case239_9,0,9,0,0.9999591999999998,1.0,0.9999999999999999,0.9999999999999999,0.08640526898314771,0.6285158258437753,0.6285158258437753
22,Case240_9,1,9,1,0.99988854,1.0,0.9999999999999999,0.9999999999999999,0.463939802179702,-1.9867740778693888,-1.9867740778693888
23,Case248_9,1,9,1,0.999848,1.0,0.9999999999999999,0.9999999999999999,0.4685780270856583,0.680911838550026,0.680911838550026
24,Case249_9,1,9,1,0.9998524,1.0,0.9999999999999999,0.9999999999999999,0.2576059248325424,0.5450136484148074,0.5450136484148074
25,Case25_9,1,9,1,0.9998166999999999,1.0,0.9999999999999999,0.9999999999999999,0.11181824287821629,-1.7844224683386218,-1.7844224683386218
26,Case260_9,1,9,1,0.9999238000000001,1.0,1.0,1.0,0.6433419465977606,0.15852109365504474,0.15852109365504474
27,Case265_9,0,9,0,0.99994206,1.0,0.9999999999999999,0.9999999999999999,0.06137055006945136,0.6218478167403599,0.6218478167403599
28,Case267_9,1,9,1,0.9999700999999999,1.0,0.9999999999999999,0.9999999999999999,0.6133631922731384,0.590534648600327,0.590534648600327
29,Case269_9,0,9,0,0.99983203,1.0,1.0,1.0,0.21865277159004337,0.7225891460853384,0.7225891460853384
30,Case273_9,0,9,0,0.999957,1.0,0.9999999999999999,0.9999999999999999,0.0849775906925675,0.6841782186185928,0.6841782186185928
31,Case277_9,1,9,1,0.9998123,1.0,0.9999999999999999,0.9999999999999999,0.06711607257161067,0.3202147492095271,0.3202147492095271
32,Case27_9,0,9,0,0.99991107,1.0,1.0,1.0,0.04441082073408387,0.631654497784984,0.631654497784984
33,Case32_9,1,9,1,0.99994123,1.0,0.9999999999999999,0.9999999999999999,0.6264695247384557,0.5798501156915904,0.5798501156915904
34,Case34_9,0,9,0,0.9999293,1.0,1.0,1.0,0.04450433221001371,0.7038681409242894,0.7038681409242894
35,Case38_9,1,9,1,0.9999604,1.0,0.9999999999999999,0.9999999999999999,0.36913940618123275,0.6852681968630225,0.6852681968630225
36,Case3_9,0,9,0,0.99992794,1.0,0.9999999999999999,0.9999999999999999,0.14253724522438538,0.4026971914729567,0.4026971914729567
37,Case43_9,0,9,0,0.99992216,1.0,0.9999999999999999,0.9999999999999999,0.1495796616454248,0.3668247288639318,0.3668247288639318
38,Case53_9,1,9,1,0.9967976000000001,1.0,0.9999999999999999,0.9999999999999999,0.2761210687343931,0.5299179002579263,0.5299179002579263
39,Case55_9,1,9,1,0.9998821,1.0,0.9999999999999999,0.9999999999999999,0.4449085794655414,0.5918350406754465,0.5918350406754465
40,Case61_9,1,9,1,0.999892,1.0,0.9999999999999999,0.9999999999999999,0.4213595327297325,0.5327430981021957,0.5327430981021957
41,Case67_9,0,9,0,0.9998063,1.0,0.9999999999999999,0.9999999999999999,0.501599575340709,0.4226505516396447,0.4226505516396447
42,Case6_9,1,9,1,0.9999781999999999,1.0,0.9999999999999999,0.9999999999999999,0.44895309920797166,0.556417172244267,0.556417172244267
43,Case72_9,0,9,0,0.999933,1.0,0.9999999999999999,0.9999999999999999,0.05208882927192782,0.49713074855640227,0.49713074855640227
44,Case73_9,1,9,1,0.9999865,1.0,0.9999999999999999,0.9999999999999999,0.43510224038276823,0.4495510303972813,0.4495510303972813
45,Case84_9,0,9,0,0.99998426,1.0,0.9999999999999999,0.9999999999999999,0.08494740800516098,-1.585899659939853,-1.585899659939853
46,Case90_9,0,9,0,0.9998125,1.0,0.9999999999999999,0.9999999999999999,0.6070331359841759,0.5948386702893342,0.5948386702893342
47,Case96_9,0,9,0,0.50477093,1.0,1.0,1.0,0.7344418925454211,0.7590806044963312,0.7590806044963312
48,Case99_9,0,9,0,0.9623886,1.0,0.9999999999999999,0.9999999999999999,0.6751737879056955,-1.5701306997161728,-1.5701306997161728
49,Case9_9,0,9,0,0.9998969999999999,1.0,0.9999999999999999,0.9999999999999999,0.1448645790933888,0.6998735896364314,0.6998735896364314
0,Case102_10,1,10,1,0.96038514,1.0,0.9999999999999999,0.9999999999999999,0.4885920139600287,0.6337225788480072,0.6337225788480072
1,Case103_10,1,10,1,0.95996225,1.0,1.0,1.0,0.41984764906750716,0.5359573838211671,0.5359573838211671
2,Case111_10,1,10,1,0.5077802,1.0,1.0,1.0,0.33170594733746117,0.7014044974834828,0.7014044974834828
3,Case119_10,0,10,1,0.94656813,1.0,0.9999999999999999,0.9999999999999999,0.5483977450202155,0.729395492484771,0.729395492484771
4,Case122_10,0,10,0,0.9575708,1.0,0.9999999999999999,0.9999999999999999,0.22286884088009074,-0.13061424707375568,-0.13061424707375568
5,Case127_10,1,10,1,0.69695675,1.0,1.0,1.0,0.4039259373871782,0.6866504314482429,0.6866504314482429
6,Case12_10,0,10,0,0.8509406999999999,1.0,0.9999999999999999,0.9999999999999999,0.38716770634890985,0.6359455098439881,0.6359455098439881
7,Case155_10,0,10,0,0.96463394,1.0,0.9999999999999999,0.9999999999999999,0.19899446958270495,0.7304476767783878,0.7304476767783878
8,Case17_10,1,10,1,0.96059453,1.0,0.9999999999999999,0.9999999999999999,0.8997191011235955,0.6529659266565799,0.6529659266565799
9,Case188_10,1,10,1,0.74757874,1.0,1.0,1.0,0.2653114108192296,0.09421094078024694,0.09421094078024694
10,Case192_10,0,10,0,0.61156076,1.0,0.9999999999999999,0.9999999999999999,0.38038128703471297,0.6895963768198461,0.6895963768198461
11,Case195_10,0,10,0,0.88912696,1.0,0.9999999999999999,0.9999999999999999,0.5278422981233649,0.3850362587151497,0.3850362587151497
12,Case201_10,1,10,1,0.8451523999999999,1.0,0.9999999999999999,0.9999999999999999,0.3813939279481151,0.649516312968288,0.649516312968288
13,Case206_10,1,10,1,0.7191327,1.0,0.9999999999999999,0.9999999999999999,0.45239452890367127,0.7626591756827081,0.7626591756827081
14,Case209_10,0,10,0,0.99752766,1.0,0.9999999999999999,0.9999999999999999,0.23517690036791516,0.6274986150562183,0.6274986150562183
15,Case210_10,0,10,0,0.6982398,1.0,1.0,1.0,0.24032585724260058,0.48241626439552143,0.48241626439552143
16,Case223_10,0,10,0,0.62978125,1.0,0.9999999999999999,0.9999999999999999,0.3847969818086735,0.7065956792497263,0.7065956792497263
17,Case225_10,1,10,1,0.91532564,1.0,1.0,1.0,0.862417520707567,0.6127669657670068,0.6127669657670068
18,Case235_10,1,10,1,0.9234187,1.0,0.9999999999999999,0.9999999999999999,0.4394854597260781,0.6845983137970026,0.6845983137970026
19,Case238_10,1,10,1,0.99762625,1.0,1.0,1.0,0.3571113803104643,0.491508407156832,0.491508407156832
20,Case239_10,0,10,0,0.9709173000000001,1.0,1.0,1.0,0.23591363639025886,0.6569258036292728,0.6569258036292728
21,Case240_10,1,10,1,0.88519746,1.0,0.9999999999999999,0.9999999999999999,0.35073135444636516,0.6850944663667394,0.6850944663667394
22,Case245_10,1,10,1,0.9648101999999998,1.0,0.9999999999999999,0.9999999999999999,0.947227991337704,0.7645333781468169,0.7645333781468169
23,Case248_10,1,10,1,0.9727684000000001,1.0,0.9999999999999999,0.9999999999999999,0.462890375866842,0.7038718327914901,0.7038718327914901
24,Case249_10,1,10,1,0.7006710999999999,1.0,0.9999999999999999,0.9999999999999999,0.4013920535903278,0.6567243432989582,0.6567243432989582
25,Case250_10,0,10,0,0.9838309000000001,1.0,1.0,1.0,0.20174210120633063,0.4858455729589599,0.4858455729589599
26,Case252_10,0,10,0,0.9681962,1.0,0.9999999999999999,0.9999999999999999,0.2547232563911639,0.675881590752979,0.675881590752979
27,Case256_10,1,10,1,0.7628078,1.0,1.0,1.0,0.4196907810331736,0.6901725640386325,0.6901725640386325
28,Case257_10,1,10,1,0.98485065,1.0,0.9999999999999999,0.9999999999999999,0.4183200119013809,0.6815280859296287,0.6815280859296287
29,Case258_10,1,10,1,0.9143495999999999,1.0,0.9999999999999999,0.9999999999999999,0.2877401601398739,0.7337399944395503,0.7337399944395503
30,Case261_10,0,10,0,0.7842558000000001,1.0,1.0,1.0,0.7859350321816997,0.4329024427767859,0.4329024427767859
31,Case263_10,0,10,0,0.98503155,1.0,1.0,1.0,0.338325761877721,0.5637740796501913,0.5637740796501913
32,Case264_10,1,10,1,0.77433485,1.0,1.0,1.0,0.29077815013823105,-1.156208194296605,-1.156208194296605
33,Case266_10,1,10,1,0.9237853000000001,1.0,1.0,1.0,0.5038610334837477,0.7060406652582788,0.7060406652582788
34,Case267_10,1,10,1,0.9309871999999999,1.0,0.9999999999999999,0.9999999999999999,0.9522404832139345,0.570441172020205,0.570441172020205
35,Case269_10,0,10,0,0.89905393,1.0,1.0,1.0,0.33204128506400044,-0.5734917363208847,-0.5734917363208847
36,Case32_10,1,10,1,0.98010194,1.0,1.0,1.0,0.6062341747267437,0.7124133775073652,0.7124133775073652
37,Case34_10,0,10,0,0.8681485000000001,1.0,0.9999999999999999,0.9999999999999999,0.3776328638612747,0.4793978724527469,0.4793978724527469
38,Case37_10,1,10,1,0.96138865,1.0,0.9999999999999999,0.9999999999999999,0.32817887297023574,0.6623870481747144,0.6623870481747144
39,Case41_10,0,10,0,0.9038031999999999,1.0,0.9999999999999999,0.9999999999999999,0.5142419522994348,0.592411869692528,0.592411869692528
40,Case46_10,0,10,0,0.9890180000000001,1.0,0.9999999999999999,0.9999999999999999,0.24034724191839418,0.6519642469955741,0.6519642469955741
41,Case4_10,0,10,1,0.94141066,1.0,1.0,1.0,0.862417520707567,0.7263233405587548,0.7263233405587548
42,Case60_10,0,10,0,0.98919684,1.0,1.0,1.0,0.35399496619454174,0.49282888644213774,0.49282888644213774
43,Case67_10,0,10,0,0.7731832,1.0,0.9999999999999999,0.9999999999999999,0.303624140952908,0.6731723726392922,0.6731723726392922
44,Case72_10,0,10,0,0.96812975,1.0,1.0,1.0,0.28207015697500937,0.4969892121038667,0.4969892121038667
45,Case75_10,1,10,1,0.8520559000000001,1.0,0.9999999999999999,0.9999999999999999,0.5487803619339723,0.5042571207038153,0.5042571207038153
46,Case84_10,0,10,0,0.98215437,1.0,0.9999999999999999,0.9999999999999999,0.24491511489767692,-1.0133504420462134,-1.0133504420462134
47,Case90_10,0,10,0,0.86833024,1.0,1.0,1.0,0.3505818250571512,0.6242167399695651,0.6242167399695651
48,Case95_10,1,10,1,0.9786773000000001,1.0,1.0,1.0,0.8329590117911286,0.29129720598134856,0.29129720598134856
49,Case9_10,0,10,0,0.9107274999999999,1.0,1.0,1.0,0.2009726782754544,0.7353393776390623,0.7353393776390623
0,Case101_11,0,11,1,0.63837385,1.0,0.9999999999999999,0.9999999999999999,1.0,0.6778338867085243,0.6778338867085243
1,Case102_11,1,11,1,0.9999186,1.0,0.9999999999999999,0.9999999999999999,0.9088307634093273,0.38924913994679755,0.38924913994679755
2,Case103_11,1,11,1,0.9999094000000001,1.0,0.9999999999999999,0.9999999999999999,0.8277914419953962,0.6231890161911076,0.6231890161911076
3,Case119_11,0,11,1,0.9963464,1.0,1.0,1.0,0.9676117101941197,0.3866495752105641,0.3866495752105641
4,Case122_11,0,11,0,0.99998,1.0,1.0,1.0,0.9088307634093273,0.5631911559259898,0.5631911559259898
5,Case127_11,1,11,1,0.99996245,1.0,1.0,1.0,0.8885419377222656,0.7413207898987948,0.7413207898987948
6,Case12_11,0,11,0,0.9999376,1.0,0.9999999999999999,0.9999999999999999,0.8528562134027327,0.2636113060672899,0.2636113060672899
7,Case155_11,0,11,0,0.99995846,1.0,0.9999999999999999,0.9999999999999999,0.9038529166610549,0.4833571030280791,0.4833571030280791
8,Case178_11,0,11,0,0.9998108,1.0,0.9999999999999999,0.9999999999999999,1.0,0.1054879440779316,0.1054879440779316
9,Case187_11,1,11,1,0.9999671,1.0,1.0,1.0,0.9522508964569051,0.42849186098146985,0.42849186098146985
10,Case188_11,1,11,1,0.9998838,1.0,0.9999999999999999,0.9999999999999999,0.8577023166583614,0.5817897785536686,0.5817897785536686
11,Case18_11,1,11,1,0.99998343,1.0,1.0,1.0,0.9522508964569051,0.5903855908407327,0.5903855908407327
12,Case192_11,0,11,0,0.9999248,1.0,0.9999999999999999,0.9999999999999999,0.7229001872163574,0.7577305045662406,0.7577305045662406
13,Case194_11,1,11,1,0.99996865,1.0,0.9999999999999999,0.9999999999999999,0.9522508964569051,-0.4857564821071063,-0.4857564821071063
14,Case201_11,1,11,1,0.9999503000000001,1.0,1.0,1.0,0.9189606785860688,0.32781452799232247,0.32781452799232247
15,Case207_11,1,11,1,0.999949,1.0,1.0,1.0,0.8528562134027327,0.39759644483165,0.39759644483165
16,Case210_11,0,11,0,0.9998543,1.0,0.9999999999999999,0.9999999999999999,0.8885274343960096,0.3984676069378219,0.3984676069378219
17,Case223_11,0,11,0,0.99982834,1.0,1.0,1.0,0.9522508964569051,0.59110976669147,0.59110976669147
18,Case229_11,0,11,0,0.99998534,1.0,0.9999999999999999,0.9999999999999999,0.5371612390391731,0.7278951093462823,0.7278951093462823
19,Case239_11,0,11,0,0.99995947,1.0,1.0,1.0,0.9088307634093273,0.5416013395641204,0.5416013395641204
20,Case240_11,1,11,1,0.9998778,1.0,0.9999999999999999,0.9999999999999999,0.6063210538953887,0.7106100485369538,0.7106100485369538
21,Case248_11,1,11,1,0.9999186,1.0,0.9999999999999999,0.9999999999999999,0.8110304805968291,0.6404295581693793,0.6404295581693793
22,Case249_11,1,11,1,0.9998579,1.0,1.0,1.0,0.9189606785860688,0.5000157232552309,0.5000157232552309
23,Case250_11,0,11,0,0.9999655000000001,1.0,1.0,1.0,0.9522508964569051,0.6347134262733172,0.6347134262733172
24,Case251_11,0,11,0,0.99995047,1.0,0.9999999999999999,0.9999999999999999,0.9362765152923965,0.7402398625643329,0.7402398625643329
25,Case256_11,1,11,1,0.9999324,1.0,0.9999999999999999,0.9999999999999999,0.9189606785860688,0.6943711398357839,0.6943711398357839
26,Case257_11,1,11,1,0.9998969000000001,1.0,0.9999999999999999,0.9999999999999999,0.9189606785860688,0.20500288601149086,0.20500288601149086
27,Case259_11,1,11,1,0.9999671,1.0,0.9999999999999999,0.9999999999999999,1.0,0.4951556741980877,0.4951556741980877
28,Case25_11,1,11,1,0.9998838,1.0,0.9999999999999999,0.9999999999999999,0.9028351305823591,0.6467553620491113,0.6467553620491113
29,Case264_11,1,11,1,0.98477453,1.0,0.9999999999999999,0.9999999999999999,0.8788656926902751,0.7113162590566325,0.7113162590566325
30,Case267_11,1,11,1,0.99990225,1.0,0.9999999999999999,0.9999999999999999,0.8528562134027327,-1.3805072694356273,-1.3805072694356273
31,Case269_11,0,11,0,0.9999054,1.0,0.9999999999999999,0.9999999999999999,0.9522508964569051,0.4161435025089667,0.4161435025089667
32,Case273_11,0,11,0,0.99999005,1.0,1.0,1.0,0.8637202867321311,0.5828828895996544,0.5828828895996544
33,Case274_11,0,11,0,0.9998309999999999,1.0,0.9999999999999999,0.9999999999999999,0.9132765461022652,0.21895341232338128,0.21895341232338128
34,Case277_11,1,11,1,0.9998265,1.0,1.0,1.0,0.8606774221528319,-0.09050529272190011,-0.09050529272190011
35,Case34_11,0,11,0,0.99988514,1.0,0.9999999999999999,0.9999999999999999,0.9653870499979798,0.6190794464125389,0.6190794464125389
36,Case38_11,1,11,1,0.9999188,1.0,1.0,1.0,0.9189606785860688,-2.53494739422525,-2.53494739422525
37,Case39_11,0,11,0,0.99991316,1.0,0.9999999999999999,0.9999999999999999,0.8277914419953962,0.7075106968446105,0.7075106968446105
38,Case3_11,0,11,0,0.9999280999999999,1.0,0.9999999999999999,0.9999999999999999,0.8885419377222656,0.7262236634150822,0.7262236634150822
39,Case40_11,0,11,0,0.9997806999999999,1.0,0.9999999999999999,0.9999999999999999,0.7893858976769298,0.5149435115287412,0.5149435115287412
40,Case44_11,1,11,1,0.9999913,1.0,0.9999999999999999,0.9999999999999999,0.7856017832592532,0.5802165176321616,0.5802165176321616
41,Case46_11,0,11,0,0.9998956,1.0,1.0,1.0,0.4682924224829482,-2.011778002698165,-2.011778002698165
42,Case55_11,1,11,1,0.99977595,1.0,1.0,1.0,0.8982471818598311,0.5397472085478132,0.5397472085478132
43,Case67_11,0,11,0,0.9998423000000001,1.0,0.9999999999999999,0.9999999999999999,0.8008641102887393,0.6896972670194224,0.6896972670194224
44,Case6_11,1,11,1,0.99995875,1.0,1.0,1.0,0.8350206029060941,0.7210324835934201,0.7210324835934201
45,Case78_11,1,11,1,0.99992895,1.0,1.0,1.0,0.8982471818598311,0.20928233664335616,0.20928233664335616
46,Case83_11,0,11,1,0.99307865,1.0,0.9999999999999999,0.9999999999999999,0.9522508964569051,0.6295950332177204,0.6295950332177204
47,Case89_11,0,11,0,0.99980587,1.0,0.9999999999999999,0.9999999999999999,0.6139585260378373,0.3079136793986157,0.3079136793986157
48,Case90_11,0,11,0,0.9998313,1.0,1.0,1.0,0.9088307634093273,0.022379697055766257,0.022379697055766257
49,Case91_11,1,11,1,0.9999392,1.0,1.0,1.0,0.826102797657775,0.30373565048255635,0.30373565048255635
0,Case101_12,0,12,1,0.97797275,1.0,0.9999999999999999,0.9999999999999999,0.2348224988952694,0.6263048241599729,0.6263048241599729
1,Case102_12,1,12,1,0.99997187,1.0,0.9999999999999999,0.9999999999999999,0.622816064062121,0.7062389472795317,0.7062389472795317
2,Case103_12,1,12,1,0.9999950999999999,1.0,0.9999999999999999,0.9999999999999999,0.5300093828042395,0.5236013933887909,0.5236013933887909
3,Case111_12,1,12,1,0.9999598,1.0,0.9999999999999999,0.9999999999999999,0.481134095486228,0.594990077266145,0.594990077266145
4,Case115_12,1,12,1,0.9999423000000001,1.0,0.9999999999999999,0.9999999999999999,0.47534149646312784,0.4929330813013305,0.4929330813013305
5,Case11_12,1,12,1,0.9999895000000001,1.0,0.9999999999999999,0.9999999999999999,0.2509645909645908,0.7220893012307799,0.7220893012307799
6,Case122_12,0,12,0,0.9999046,1.0,1.0,1.0,0.2539112193801596,-3.586311038388053,-3.586311038388053
7,Case12_12,0,12,0,0.9999318000000001,1.0,0.9999999999999999,0.9999999999999999,0.09060851584466134,0.7031803630104672,0.7031803630104672
8,Case178_12,0,12,0,0.9996394000000001,1.0,0.9999999999999999,0.9999999999999999,0.2095947631098073,-0.022349782422196762,-0.022349782422196762
9,Case187_12,1,12,1,0.9999752000000001,1.0,1.0,1.0,0.2427081636733316,0.7551751808478862,0.7551751808478862
10,Case188_12,1,12,1,0.9995944,1.0,1.0,1.0,0.05772176921176175,0.38073452690487375,0.38073452690487375
11,Case192_12,0,12,0,0.99991804,1.0,1.0,1.0,0.18110470047341787,0.47198091419825017,0.47198091419825017
12,Case194_12,1,12,1,0.9999958000000001,1.0,0.9999999999999999,0.9999999999999999,0.21118451458554222,-0.2978103934013512,-0.2978103934013512
13,Case201_12,1,12,1,0.9999986999999999,1.0,0.9999999999999999,0.9999999999999999,0.3909579363841156,-0.39958933870616087,-0.39958933870616087
14,Case209_12,0,12,0,0.99985003,1.0,0.9999999999999999,0.9999999999999999,0.07560629505426819,-0.104361999122083,-0.104361999122083
15,Case210_12,0,12,0,0.9999002,1.0,0.9999999999999999,0.9999999999999999,0.11292642381508955,0.5567224744444818,0.5567224744444818
16,Case215_12,0,12,0,0.9998792,1.0,0.9999999999999999,0.9999999999999999,0.17874467624192902,0.3231486604591439,0.3231486604591439
17,Case21_12,1,12,1,0.9999998999999999,1.0,0.9999999999999999,0.9999999999999999,0.6032235229596417,0.23280056341168476,0.23280056341168476
18,Case223_12,0,12,0,0.99950236,1.0,1.0,1.0,0.08554812732222272,0.5861010605079595,0.5861010605079595
19,Case225_12,1,12,1,0.9998950000000001,1.0,0.9999999999999999,0.9999999999999999,0.5235121970108112,0.6779213874021786,0.6779213874021786
20,Case235_12,1,12,1,0.99992156,1.0,0.9999999999999999,0.9999999999999999,0.19433746426631548,0.6281092913614337,0.6281092913614337
21,Case239_12,0,12,0,0.9999528,1.0,0.9999999999999999,0.9999999999999999,0.08313382509939171,0.4466626934563561,0.4466626934563561
22,Case250_12,0,12,0,0.9998713,1.0,0.9999999999999999,0.9999999999999999,0.14030973602383512,0.5920707157851214,0.5920707157851214
23,Case251_12,0,12,0,0.9999652,1.0,1.0,1.0,0.09159205998301356,0.24573489926557435,0.24573489926557435
24,Case256_12,1,12,1,0.9999950000000001,1.0,0.9999999999999999,0.9999999999999999,0.6699654806615758,-0.2543522530880733,-0.2543522530880733
25,Case257_12,1,12,1,0.9999945,1.0,0.9999999999999999,0.9999999999999999,0.15970619010618992,0.6374257090420701,0.6374257090420701
26,Case259_12,1,12,1,0.99999666,1.0,0.9999999999999999,0.9999999999999999,0.3381898245491882,0.5992575845713015,0.5992575845713015
27,Case25_12,1,12,1,0.9998011999999998,1.0,0.9999999999999999,0.9999999999999999,0.10147749164402597,0.6193476910051441,0.6193476910051441
28,Case263_12,0,12,0,0.9999953000000001,1.0,0.9999999999999999,0.9999999999999999,0.13487468951834058,-7.953789865649217,-7.953789865649217
29,Case264_12,1,12,1,0.99984384,1.0,0.9999999999999999,0.9999999999999999,0.19211807060830033,0.5988939913516604,0.5988939913516604
30,Case269_12,0,12,0,0.99994844,1.0,0.9999999999999999,0.9999999999999999,0.17625121164987267,0.6522205398363956,0.6522205398363956
31,Case273_12,0,12,0,0.99999875,1.0,0.9999999999999999,0.9999999999999999,0.06254332498563553,0.710578237827167,0.710578237827167
32,Case274_12,0,12,0,0.99986553,1.0,0.9999999999999999,0.9999999999999999,0.3703843609407258,0.6233028562176737,0.6233028562176737
33,Case277_12,1,12,1,0.9999783999999999,1.0,0.9999999999999999,0.9999999999999999,0.5126072492351201,0.41463737679277424,0.41463737679277424
34,Case27_12,0,12,0,0.9998671,1.0,1.0,1.0,0.22446442205262374,0.6160425093896381,0.6160425093896381
35,Case28_12,1,12,1,0.9999099,1.0,0.9999999999999999,0.9999999999999999,0.4501680226388398,0.3226517996079681,0.3226517996079681
36,Case37_12,1,12,1,0.9999870999999999,1.0,0.9999999999999999,0.9999999999999999,0.35951837588551316,0.5879208285919022,0.5879208285919022
37,Case38_12,1,12,1,0.9999783999999999,1.0,0.9999999999999999,0.9999999999999999,0.2623960309496437,0.5922592278472432,0.5922592278472432
38,Case39_12,0,12,0,0.99998224,1.0,0.9999999999999999,0.9999999999999999,0.16081981566006343,0.5901674127027882,0.5901674127027882
39,Case41_12,0,12,0,0.9999664,1.0,1.0,1.0,0.06705824872300159,0.7152654733426773,0.7152654733426773
40,Case55_12,1,12,1,0.99980336,1.0,0.9999999999999999,0.9999999999999999,0.30247754982478725,-0.6882889359941609,-0.6882889359941609
41,Case60_12,0,12,1,0.99765354,1.0,1.0,1.0,0.476168871519589,0.22369159636121017,0.22369159636121017
42,Case61_12,1,12,1,0.99978286,1.0,1.0,1.0,0.06144097214787614,0.6502634863062275,0.6502634863062275
43,Case67_12,0,12,0,0.9996693999999999,1.0,0.9999999999999999,0.9999999999999999,0.10696617884699355,0.5427794867575988,0.5427794867575988
44,Case6_12,1,12,1,0.9999646999999999,1.0,0.9999999999999999,0.9999999999999999,0.4667405373887529,0.5697804297952489,0.5697804297952489
45,Case78_12,1,12,1,0.9999993,1.0,0.9999999999999999,0.9999999999999999,0.29281424906442277,0.687637526800892,0.687637526800892
46,Case83_12,0,12,1,0.95541185,1.0,0.9999999999999999,0.9999999999999999,0.24063717440999366,0.711475379587886,0.711475379587886
47,Case84_12,0,12,0,0.9999300999999999,1.0,0.9999999999999999,0.9999999999999999,0.16329913395210527,0.4374676505976606,0.4374676505976606
48,Case89_12,0,12,0,0.9998610000000001,1.0,0.9999999999999999,0.9999999999999999,0.11203039987852426,0.5586131532776041,0.5586131532776041
49,Case90_12,0,12,0,0.99996465,1.0,0.9999999999999999,0.9999999999999999,0.23394160211925696,0.5828645357892357,0.5828645357892357
0,Case101_13,0,13,1,0.8092,1.0,0.9999999999999999,0.9999999999999999,1.0,0.7809923160142659,0.7809923160142659
1,Case102_13,1,13,1,0.9996879999999999,1.0,1.0,1.0,1.0,0.8311999957064211,0.8311999957064211
2,Case127_13,1,13,1,0.99983954,1.0,1.0,1.0,1.0,0.7840893599754359,0.7840893599754359
3,Case12_13,0,13,0,0.99950945,1.0,1.0,1.0,1.0,0.49972893185670686,0.49972893185670686
4,Case135_13,1,13,1,0.97710824,1.0,1.0,1.0,1.0,0.7330803263948806,0.7330803263948806
5,Case178_13,0,13,0,0.9992328000000001,1.0,1.0,1.0,1.0,0.7170465119220197,0.7170465119220197
6,Case17_13,1,13,1,0.9996939,1.0,0.9999999999999999,0.9999999999999999,1.0,0.753886871389016,0.753886871389016
7,Case188_13,1,13,1,0.99923635,1.0,1.0,1.0,1.0,0.49032995599707374,0.49032995599707374
8,Case18_13,1,13,1,0.99990594,1.0,0.9999999999999999,0.9999999999999999,1.0,0.8762697086037051,0.8762697086037051
9,Case192_13,0,13,0,0.99904525,1.0,1.0,1.0,1.0,0.6672222795767845,0.6672222795767845
10,Case194_13,1,13,1,0.99987733,1.0,1.0,1.0,1.0,0.7667076335845259,0.7667076335845259
11,Case195_13,0,13,0,0.99921626,1.0,1.0,1.0,1.0,0.8040064842395174,0.8040064842395174
12,Case19_13,1,13,1,0.99940574,1.0,1.0,1.0,1.0,0.7836976909864749,0.7836976909864749
13,Case201_13,1,13,1,0.99996126,1.0,1.0,1.0,1.0,0.7166032452505267,0.7166032452505267
14,Case207_13,1,13,1,0.9996226,1.0,0.9999999999999999,0.9999999999999999,1.0,0.7405588093023483,0.7405588093023483
15,Case210_13,0,13,0,0.9990061,1.0,0.9999999999999999,0.9999999999999999,1.0,0.8388578069780974,0.8388578069780974
16,Case21_13,1,13,1,0.9997664,1.0,1.0,1.0,1.0,0.529941290168083,0.529941290168083
17,Case223_13,0,13,0,0.9988710999999999,1.0,1.0,1.0,0.11861553441060035,0.1270243626242915,0.1270243626242915
18,Case235_13,1,13,1,0.99956733,1.0,1.0,1.0,1.0,0.41147927194674483,0.41147927194674483
19,Case238_13,1,13,1,0.9997862,1.0,1.0,1.0,1.0,0.8005057861478984,0.8005057861478984
20,Case240_13,1,13,1,0.9997764000000001,1.0,1.0,1.0,1.0,0.8511128140714745,0.8511128140714745
21,Case245_13,1,13,1,0.9997936,1.0,1.0,1.0,1.0,0.8031414644768691,0.8031414644768691
22,Case250_13,0,13,0,0.99979883,1.0,1.0,1.0,0.06083430491031938,0.5633663760813927,0.5633663760813927
23,Case251_13,0,13,0,0.9997093,1.0,1.0,1.0,0.03329792628523853,0.8438818790995504,0.8438818790995504
24,Case256_13,1,13,1,0.99974257,1.0,0.9999999999999999,0.9999999999999999,1.0,0.838996290401863,0.838996290401863
25,Case257_13,1,13,1,0.9998870999999999,1.0,1.0,1.0,1.0,0.8468713330856752,0.8468713330856752
26,Case25_13,1,13,1,0.9994886999999999,1.0,1.0,1.0,1.0,0.6373788318074369,0.6373788318074369
27,Case260_13,1,13,1,0.99981076,1.0,1.0,1.0,1.0,0.8518194662941798,0.8518194662941798
28,Case263_13,0,13,0,0.99977183,1.0,0.9999999999999999,0.9999999999999999,1.0,0.7429370213956787,0.7429370213956787
29,Case264_13,1,13,1,0.99301827,1.0,1.0,1.0,1.0,0.22829132258391538,0.22829132258391538
30,Case265_13,0,13,0,0.99977064,1.0,0.9999999999999999,0.9999999999999999,0.0535825747909906,0.8479719204039737,0.8479719204039737
31,Case269_13,0,13,0,0.99956113,1.0,0.9999999999999999,0.9999999999999999,1.0,0.830401078771599,0.830401078771599
32,Case273_13,0,13,0,0.9999315000000001,1.0,1.0,1.0,0.10730564325797798,0.8171506757844764,0.8171506757844764
33,Case274_13,0,13,0,0.99937934,1.0,0.9999999999999999,0.9999999999999999,1.0,0.7975592823265578,0.7975592823265578
34,Case27_13,0,13,0,0.9998165999999999,1.0,1.0,1.0,0.12429438903426837,0.6710625031988188,0.6710625031988188
35,Case34_13,0,13,0,0.999425,1.0,1.0,1.0,1.0,0.7851674747775651,0.7851674747775651
36,Case37_13,1,13,1,0.9998671,1.0,0.9999999999999999,0.9999999999999999,1.0,0.8090033778208453,0.8090033778208453
37,Case38_13,1,13,1,0.99985766,1.0,1.0,1.0,1.0,0.7457032721610868,0.7457032721610868
38,Case39_13,0,13,0,0.99986094,1.0,0.9999999999999999,0.9999999999999999,1.0,0.837689106972857,0.837689106972857
39,Case3_13,0,13,0,0.9997486999999999,1.0,1.0,1.0,0.10529021654486614,0.7869874967275163,0.7869874967275163
40,Case41_13,0,13,0,0.9998845999999999,1.0,1.0,1.0,0.05640156953058939,0.7217604209303881,0.7217604209303881
41,Case55_13,1,13,1,0.99946624,1.0,0.9999999999999999,0.9999999999999999,1.0,0.3139983744075373,0.3139983744075373
42,Case60_13,0,13,0,0.79135704,1.0,0.9999999999999999,0.9999999999999999,1.0,0.41290855940853954,0.41290855940853954
43,Case67_13,0,13,0,0.9990778,1.0,1.0,1.0,1.0,0.7523488425843972,0.7523488425843972
44,Case6_13,1,13,1,0.99988544,1.0,0.9999999999999999,0.9999999999999999,1.0,0.5240566466455983,0.5240566466455983
45,Case75_13,1,13,1,0.9991646999999999,1.0,1.0,1.0,1.0,0.6522381877250791,0.6522381877250791
46,Case83_13,0,13,1,0.79892725,1.0,1.0,1.0,1.0,0.31908428860953,0.31908428860953
47,Case84_13,0,13,0,0.9996757,1.0,0.9999999999999999,0.9999999999999999,0.07272277383721537,0.8051028627523653,0.8051028627523653
48,Case89_13,0,13,0,0.9997014999999999,1.0,1.0,1.0,1.0,0.8225447176416164,0.8225447176416164
49,Case90_13,0,13,0,0.9991110999999999,1.0,1.0,1.0,1.0,0.8037061773845835,0.8037061773845835
0,Case101_14,0,14,1,0.9608747999999999,1.0,1.0,1.0,1.0,0.717867473817885,0.717867473817885
1,Case102_14,1,14,1,0.9859247999999999,1.0,1.0,1.0,1.0,0.6074704427621787,0.6074704427621787
2,Case111_14,1,14,1,0.9887298000000001,1.0,1.0,1.0,1.0,0.20837062233978165,0.20837062233978165
3,Case11_14,1,14,1,0.9896375,1.0,1.0,1.0,1.0,0.6549309499477644,0.6549309499477644
4,Case127_14,1,14,1,0.99161494,1.0,1.0,1.0,1.0,0.6527455517171974,0.6527455517171974
5,Case12_14,0,14,0,0.9136947,1.0,1.0,1.0,1.0,0.5416128562072007,0.5416128562072007
6,Case135_14,1,14,1,0.9984784999999999,1.0,1.0,1.0,1.0,0.5771474556709018,0.5771474556709018
7,Case178_14,0,14,0,0.9076981,1.0,1.0,1.0,1.0,0.7064589133751282,0.7064589133751282
8,Case187_14,1,14,1,0.98533463,1.0,1.0,1.0,1.0,0.5873047226968171,0.5873047226968171
9,Case192_14,0,14,0,0.58712137,1.0,1.0,1.0,1.0,0.5996561454461614,0.5996561454461614
10,Case195_14,0,14,0,0.92596996,1.0,1.0,1.0,1.0,0.7189168332790781,0.7189168332790781
11,Case207_14,1,14,1,0.98348516,1.0,1.0,1.0,1.0,0.7108381142089677,0.7108381142089677
12,Case20_14,1,14,1,0.9003426999999999,1.0,1.0,1.0,1.0,0.5508280738268105,0.5508280738268105
13,Case210_14,0,14,0,0.8202719999999999,1.0,1.0,1.0,1.0,0.6681771572978272,0.6681771572978272
14,Case21_14,1,14,1,0.9960479,1.0,1.0,1.0,1.0,0.7225871513759199,0.7225871513759199
15,Case223_14,0,14,0,0.8789135,1.0,1.0,1.0,0.02347510301019562,0.6821151671125552,0.6821151671125552
16,Case238_14,1,14,1,0.9998155000000001,1.0,1.0,1.0,1.0,0.46714930967147794,0.46714930967147794
17,Case245_14,1,14,1,0.84146035,1.0,1.0,1.0,1.0,0.6786685566786171,0.6786685566786171
18,Case250_14,0,14,0,0.966208,1.0,1.0,1.0,0.02554003239626057,0.7328112999810362,0.7328112999810362
19,Case251_14,0,14,0,0.78990364,1.0,1.0,1.0,0.12835750274173918,0.7345582661232131,0.7345582661232131
20,Case256_14,1,14,1,0.9337416,1.0,1.0,1.0,1.0,-0.182671383830598,-0.182671383830598
21,Case259_14,1,14,1,0.79611725,1.0,1.0,1.0,1.0,0.7326132966328216,0.7326132966328216
22,Case260_14,1,14,1,0.9910584000000001,1.0,1.0,1.0,1.0,0.5840525502174941,0.5840525502174941
23,Case263_14,0,14,0,0.99209857,1.0,1.0,1.0,1.0,0.7059508719160057,0.7059508719160057
24,Case265_14,0,14,0,0.8721290999999999,1.0,1.0,1.0,0.07355513786485968,0.33328371271601365,0.33328371271601365
25,Case266_14,1,14,1,0.87649083,1.0,1.0,1.0,1.0,0.4353737069027255,0.4353737069027255
26,Case267_14,1,14,1,0.9042695,1.0,1.0,1.0,1.0,0.19829404724001842,0.19829404724001842
27,Case269_14,0,14,0,0.8972575999999999,1.0,1.0,1.0,1.0,0.5541291336137373,0.5541291336137373
28,Case273_14,0,14,0,0.9985045,1.0,1.0,1.0,0.029508196721311553,0.4017656925920575,0.4017656925920575
29,Case27_14,0,14,0,0.9699888000000001,1.0,1.0,1.0,0.007742429023923969,0.4258104748707542,0.4258104748707542
30,Case28_14,1,14,1,0.7299572,1.0,1.0,1.0,1.0,0.7329252130531858,0.7329252130531858
31,Case34_14,0,14,0,0.98846847,1.0,1.0,1.0,1.0,0.6120034650446201,0.6120034650446201
32,Case3_14,0,14,0,0.9096119,1.0,1.0,1.0,0.011031708751654157,0.6877985448958598,0.6877985448958598
33,Case61_14,1,14,1,0.92797756,1.0,1.0,1.0,1.0,0.19391832871049608,0.19391832871049608
34,Case67_14,0,14,0,0.66256416,1.0,1.0,1.0,1.0,0.5865217916900143,0.5865217916900143
35,Case6_14,1,14,1,0.8637275,1.0,1.0,1.0,1.0,0.6048960477014136,0.6048960477014136
36,Case83_14,0,14,1,0.9930211999999999,1.0,1.0,1.0,1.0,0.5883883107689125,0.5883883107689125
37,Case84_14,0,14,0,0.78057754,1.0,1.0,1.0,0.12668544262704617,0.7422288011876584,0.7422288011876584
38,Case90_14,0,14,0,0.70028996,1.0,1.0,1.0,1.0,0.6186908808834768,0.6186908808834768
39,Case95_14,1,14,1,0.9947707,1.0,1.0,1.0,1.0,0.6974016035302018,0.6974016035302018
0,Case101_15,0,15,1,0.9999975,1.0,0.9999999999999999,0.9999999999999999,0.93728489997849,0.6062029656218116,0.6062029656218116
1,Case102_15,1,15,1,1.0,1.0,0.9999999999999999,0.9999999999999999,0.6975048888615862,-1.53372375078904,-1.53372375078904
2,Case111_15,1,15,1,0.5328066999999999,1.0,0.9999999999999999,0.9999999999999999,0.09781833392944494,0.6215181734085917,0.6215181734085917
3,Case12_15,0,15,0,0.9999773999999999,1.0,0.9999999999999999,0.9999999999999999,0.08684111622662771,0.552387415579539,0.552387415579539
4,Case178_15,0,15,0,0.99998766,1.0,0.9999999999999999,0.9999999999999999,0.11691290519978526,0.755385244888,0.755385244888
5,Case17_15,1,15,1,0.9999913,1.0,0.9999999999999999,0.9999999999999999,0.7689087771732399,-0.10443060548135197,-0.10443060548135197
6,Case187_15,1,15,1,0.99999917,1.0,0.9999999999999999,0.9999999999999999,0.28715229853820723,0.4384303627620241,0.4384303627620241
7,Case188_15,1,15,1,0.9992366,1.0,0.9999999999999999,0.9999999999999999,0.17780041783807465,0.6923919578373572,0.6923919578373572
8,Case18_15,1,15,1,0.99999964,1.0,0.9999999999999999,0.9999999999999999,1.0,0.556978081598817,0.556978081598817
9,Case192_15,0,15,0,0.99924624,1.0,1.0,1.0,0.6007815827480324,0.5196178309781943,0.5196178309781943
10,Case201_15,1,15,1,0.9999998999999999,1.0,0.9999999999999999,0.9999999999999999,0.5351687442082921,0.7343754216039904,0.7343754216039904
11,Case207_15,1,15,1,0.9999621,1.0,0.9999999999999999,0.9999999999999999,0.8331186949989269,-2.529690058187707,-2.529690058187707
12,Case20_15,1,15,1,0.9999950000000001,1.0,0.9999999999999999,0.9999999999999999,0.6382685562951828,-20.95507426347526,-20.95507426347526
13,Case210_15,0,15,0,0.99995875,1.0,0.9999999999999999,0.9999999999999999,0.11101003301210699,0.49650272629003434,0.49650272629003434
14,Case223_15,0,15,0,0.99893135,1.0,0.9999999999999999,0.9999999999999999,0.12660853368760028,0.6407021582770301,0.6407021582770301
15,Case249_15,1,15,1,0.99999774,1.0,0.9999999999999999,0.9999999999999999,0.4327358349776973,0.690628565556608,0.690628565556608
16,Case259_15,1,15,1,0.99998844,1.0,0.9999999999999999,0.9999999999999999,0.2798304380753568,0.05803238163838309,0.05803238163838309
17,Case263_15,0,15,0,0.99998623,1.0,0.9999999999999999,0.9999999999999999,0.1022459805354835,0.49433008929236344,0.49433008929236344
18,Case265_15,0,15,0,0.9999776,1.0,0.9999999999999999,0.9999999999999999,0.5313240043057049,0.6596801900859338,0.6596801900859338
19,Case266_15,1,15,1,0.9999963,1.0,0.9999999999999999,0.9999999999999999,0.8724416553873918,0.4309650278481074,0.4309650278481074
20,Case269_15,0,15,0,0.99997777,1.0,0.9999999999999999,0.9999999999999999,1.0,0.7647280996122208,0.7647280996122208
21,Case273_15,0,15,0,0.9999975,1.0,0.9999999999999999,0.9999999999999999,0.09789901047234639,0.5274438271310966,0.5274438271310966
22,Case27_15,0,15,0,0.99999475,1.0,0.9999999999999999,0.9999999999999999,0.14504250724873058,0.6871593724844027,0.6871593724844027
23,Case34_15,0,15,0,0.9999995,1.0,0.9999999999999998,0.9999999999999998,0.09807682510143267,0.5347594298795161,0.5347594298795161
24,Case37_15,1,15,1,0.9999882,1.0,0.9999999999999999,0.9999999999999999,0.6247157900085104,0.418237198187533,0.418237198187533
25,Case3_15,0,15,0,0.9999838,1.0,0.9999999999999999,0.9999999999999999,0.11969988070647297,0.0649224985948118,0.0649224985948118
26,Case55_15,1,15,1,0.9999931999999999,1.0,0.9999999999999999,0.9999999999999999,0.3493960561740521,0.6601410701085135,0.6601410701085135
27,Case61_15,1,15,1,0.9990796000000001,1.0,0.9999999999999999,0.9999999999999999,0.22532268397898592,-0.005155073661112786,-0.005155073661112786
28,Case67_15,0,15,0,0.99997383,1.0,0.9999999999999999,0.9999999999999999,0.4659660690981523,0.18259436248490424,0.18259436248490424
29,Case6_15,1,15,1,0.99998534,1.0,0.9999999999999999,0.9999999999999999,0.5867292700212614,0.7179811236696667,0.7179811236696667
30,Case78_15,1,15,1,1.0,1.0,0.9999999999999999,0.9999999999999999,0.8543543824813142,0.5354698253118846,0.5354698253118846
31,Case83_15,0,15,1,0.9388869000000001,1.0,0.9999999999999999,0.9999999999999999,0.34760403889372826,0.4465878685854451,0.4465878685854451
32,Case84_15,0,15,0,0.999999,1.0,0.9999999999999999,0.9999999999999999,0.11506206519445683,0.32480200804973425,0.32480200804973425
33,Case90_15,0,15,0,0.99995905,1.0,0.9999999999999999,0.9999999999999999,0.1367579285523104,0.7139642763225856,0.7139642763225856
0,Case101_16,0,16,1,0.99812394,1.0,1.0,1.0,0.27243604408118094,0.6670178051423516,0.6670178051423516
1,Case10_16,1,16,1,0.9965886,1.0,1.0,1.0,0.7398501863995774,0.12290423220820068,0.12290423220820068
2,Case111_16,1,16,0,0.79010576,1.0,1.0,1.0,0.9522769914702548,0.684756334983496,0.684756334983496
3,Case11_16,1,16,1,0.99934083,1.0,1.0,1.0,0.31141032864014695,0.6566341438326588,0.6566341438326588
4,Case12_16,0,16,0,0.9539818999999999,1.0,1.0,1.0,0.3043256342619398,0.7381961860954418,0.7381961860954418
5,Case178_16,0,16,0,0.9008598,1.0,1.0,1.0,0.12135801459261508,0.6385163136006513,0.6385163136006513
6,Case192_16,0,16,0,0.8246228000000001,1.0,1.0,1.0,0.08088748767272436,0.7872854279496935,0.7872854279496935
7,Case210_16,0,16,0,0.9021181,1.0,1.0,1.0,0.1104731351785242,0.6829435402332222,0.6829435402332222
8,Case21_16,1,16,1,0.99812394,1.0,1.0,1.0,0.35432815729259615,0.19918622721702506,0.19918622721702506
9,Case223_16,0,16,0,0.8768351000000001,1.0,1.0,1.0,0.07612985652316784,0.560684595944696,0.560684595944696
10,Case225_16,1,16,1,0.9974483000000001,1.0,1.0,1.0,0.22610796924669185,0.6824515438503532,0.6824515438503532
11,Case249_16,1,16,1,0.9987746999999999,1.0,1.0,1.0,0.8788419156107474,0.631062983101669,0.631062983101669
12,Case25_16,1,16,1,0.8789068000000001,1.0,1.0,1.0,0.7767122970375003,0.5691415644277444,0.5691415644277444
13,Case260_16,1,16,1,0.9993963,1.0,1.0,1.0,0.3839054055936896,0.6486405457219784,0.6486405457219784
14,Case263_16,0,16,0,0.7318089,1.0,1.0,1.0,0.22972046844750205,0.659472990794201,0.659472990794201
15,Case265_16,0,16,0,0.9859974,1.0,0.9999999999999999,0.9999999999999999,0.052412121339142526,0.607126225613811,0.607126225613811
16,Case267_16,1,16,1,0.8939394,1.0,1.0,1.0,0.8477901145679387,-6.864916187925472,-6.864916187925472
17,Case269_16,0,16,0,0.8803450999999999,1.0,1.0,1.0,0.1575147196145038,0.6046205311935052,0.6046205311935052
18,Case28_16,1,16,1,0.9997881,1.0,1.0,1.0,0.21531054359873314,0.7118394653114866,0.7118394653114866
19,Case34_16,0,16,0,0.9736492,1.0,1.0,1.0,0.06141352411953238,0.37282759336640037,0.37282759336640037
20,Case55_16,1,16,1,0.9657232,1.0,1.0,1.0,0.12263669131624622,0.4715455559327064,0.4715455559327064
21,Case61_16,1,16,1,0.9182579,1.0,1.0,1.0,0.2083402406857371,0.657122065552719,0.657122065552719
22,Case67_16,0,16,0,0.9392565999999999,1.0,1.0,1.0,0.160294154231156,0.7726804586793543,0.7726804586793543
23,Case78_16,1,16,1,0.99812394,1.0,1.0,1.0,0.4477789498359117,0.7317171371530834,0.7317171371530834
24,Case84_16,0,16,0,0.9639898000000001,1.0,1.0,1.0,0.08442760379698055,0.7585521878505044,0.7585521878505044
25,Case90_16,0,16,0,0.98487324,1.0,1.0,1.0,0.08316048918185293,0.46796421738643545,0.46796421738643545
0,Case101_17,0,17,0,0.97060704,1.0,1.0,1.0,1.0,0.6847488499811322,0.6847488499811322
1,Case10_17,1,17,1,0.93380743,1.0,1.0,1.0,1.0,0.690162503707527,0.690162503707527
2,Case11_17,1,17,1,0.9744459000000001,1.0,1.0,1.0,1.0,-0.34168712652153244,-0.34168712652153244
3,Case12_17,0,17,0,0.96795416,1.0,1.0,1.0,1.0,0.6396579995100494,0.6396579995100494
4,Case178_17,0,17,0,0.98790014,1.0,1.0,1.0,1.0,0.7199071442769898,0.7199071442769898
5,Case188_17,1,17,1,0.82119197,1.0,1.0,1.0,1.0,0.6371472341633909,0.6371472341633909
6,Case192_17,0,17,0,0.74280155,1.0,1.0,1.0,0.9366931958596014,0.427920927218268,0.427920927218268
7,Case210_17,0,17,0,0.90392655,1.0,1.0,1.0,1.0,0.8040978160795035,0.8040978160795035
8,Case21_17,1,17,1,0.9898706,1.0,1.0,1.0,1.0,0.7360362523595481,0.7360362523595481
9,Case223_17,0,17,0,0.87288576,1.0,1.0,1.0,0.1041206769683577,0.7134302897174789,0.7134302897174789
10,Case225_17,1,17,1,0.9142163000000001,1.0,1.0,1.0,1.0,0.6077166133359602,0.6077166133359602
11,Case249_17,1,17,1,0.9103209000000001,1.0,1.0,1.0,1.0,0.6492673356938794,0.6492673356938794
12,Case259_17,1,17,1,0.999114,1.0,1.0,1.0,1.0,0.7931216010942165,0.7931216010942165
13,Case25_17,1,17,1,0.9548155999999999,1.0,1.0,1.0,1.0,0.7167007272390848,0.7167007272390848
14,Case263_17,0,17,0,0.87288576,1.0,1.0,1.0,0.10866185304137033,0.6887733017227751,0.6887733017227751
15,Case267_17,1,17,1,0.8563878,1.0,1.0,1.0,1.0,0.6412796118423598,0.6412796118423598
16,Case269_17,0,17,0,0.96932185,1.0,1.0,1.0,0.1282879176920082,0.7302670853285471,0.7302670853285471
17,Case34_17,0,17,0,0.92433774,1.0,1.0,1.0,1.0,0.7264399945842335,0.7264399945842335
18,Case67_17,0,17,0,0.8467944,1.0,1.0,1.0,1.0,0.23578857068010206,0.23578857068010206
19,Case78_17,1,17,1,0.9353252000000001,1.0,1.0,1.0,0.8628768745630182,0.6916162668113304,0.6916162668113304
20,Case84_17,0,17,0,0.7900776999999999,1.0,1.0,1.0,1.0,0.7350279015740009,0.7350279015740009
21,Case95_17,1,17,1,0.9848281999999999,1.0,1.0,1.0,1.0,0.37814114545260125,0.37814114545260125
